_MEMBER_MyList,_LogP_MyList,GO,Description,_PATTERN_,_RANK_,GiniIndex
1,-6.6,GO:0050767,regulation of neurogenesis,M1,1,0
1,-2.5,GO:0071205,protein localization to juxtaparanode region of axon,M1,1,0
1,-2.7,R-HSA-9762292,Regulation of CDH11 function,M1,1,0
1,-3.2,GO:0051965,positive regulation of synapse assembly,M1,1,0
1,-2.2,WP2853,Endoderm differentiation,M1,1,0
1,-3.2,GO:0001763,morphogenesis of a branching structure,M1,1,0
1,-2.1,WP5490,Inhibition of GNAQ regulated signaling in uveal melanoma,M1,1,0
1,-2,hsa01200,Carbon metabolism,M1,1,0
1,-2,GO:0045621,positive regulation of lymphocyte differentiation,M1,1,0
1,-2.6,WP5408,15q25 copy number variation,M1,1,0
1,-4.6,GO:0043393,regulation of protein binding,M1,1,0
1,-2.5,GO:0042098,T cell proliferation,M1,1,0
1,-3.2,GO:0040018,positive regulation of multicellular organism growth,M1,1,0
1,-2.7,GO:0007163,establishment or maintenance of cell polarity,M1,1,0
1,-2.7,GO:0007030,Golgi organization,M1,1,0
1,-2.3,GO:0016055,Wnt signaling pathway,M1,1,0
1,-2.7,R-HSA-9013406,RHOQ GTPase cycle,M1,1,0
1,-4.8,GO:0010721,negative regulation of cell development,M1,1,0
1,-5.7,GO:0048872,homeostasis of number of cells,M1,1,0
1,-6.1,GO:0043010,camera-type eye development,M1,1,0
1,-2.4,GO:0090520,sphingolipid mediated signaling pathway,M1,1,0
1,-5.2,GO:0051656,establishment of organelle localization,M1,1,0
1,-2.2,GO:0006868,glutamine transport,M1,1,0
1,-2.7,R-HSA-2565942,Regulation of PLK1 Activity at G2/M Transition,M1,1,0
1,-12,R-HSA-5653656,Vesicle-mediated transport,M1,1,0
1,-3.2,GO:0099519,dense core granule cytoskeletal transport,M1,1,0
1,-7.3,GO:0000398,"mRNA splicing, via spliceosome",M1,1,0
1,-3.9,GO:0022618,protein-RNA complex assembly,M1,1,0
1,-2.5,R-HSA-1475029,Reversible hydration of carbon dioxide,M1,1,0
1,-3,GO:0008016,regulation of heart contraction,M1,1,0
1,-2.8,WP4018,Clear cell renal cell carcinoma pathways,M1,1,0
1,-2.2,GO:0045860,positive regulation of protein kinase activity,M1,1,0
1,-5,GO:0006400,tRNA modification,M1,1,0
1,-2.9,R-HSA-9013409,RHOJ GTPase cycle,M1,1,0
1,-2.9,R-HSA-111997,CaM pathway,M1,1,0
1,-2.8,GO:2001234,negative regulation of apoptotic signaling pathway,M1,1,0
1,-3.5,GO:0016072,rRNA metabolic process,M1,1,0
1,-2.5,R-HSA-112409,RAF-independent MAPK1/3 activation,M1,1,0
1,-2.4,GO:0170033,L-amino acid metabolic process,M1,1,0
1,-3.6,GO:0014033,neural crest cell differentiation,M1,1,0
1,-2.8,GO:0003281,ventricular septum development,M1,1,0
1,-4,GO:0051057,positive regulation of small GTPase mediated signal transduction,M1,1,0
1,-2.2,GO:0060993,kidney morphogenesis,M1,1,0
1,-2.6,GO:0000288,"nuclear-transcribed mRNA catabolic process, deadenylation-dependent decay",M1,1,0
1,-3.4,GO:0006913,nucleocytoplasmic transport,M1,1,0
1,-2.8,WP383,Striated muscle contraction pathway,M1,1,0
1,-5.6,GO:1901888,regulation of cell junction assembly,M1,1,0
1,-2.1,GO:2001243,negative regulation of intrinsic apoptotic signaling pathway,M1,1,0
1,-3.3,GO:0006302,double-strand break repair,M1,1,0
1,-2.8,WP2332,IL11 signaling,M1,1,0
1,-4.5,WP1982,Sterol regulatory element binding proteins SREBP signaling,M1,1,0
1,-2.5,R-HSA-70326,Glucose metabolism,M1,1,0
1,-2.6,GO:0010001,glial cell differentiation,M1,1,0
1,-14,R-HSA-9716542,"Signaling by Rho GTPases, Miro GTPases and RHOBTB3",M1,1,0
1,-2.9,GO:0010718,positive regulation of epithelial to mesenchymal transition,M1,1,0
1,-2.2,WP5365,4p16 3 copy number variation,M1,1,0
1,-2.3,GO:0007031,peroxisome organization,M1,1,0
1,-6.1,GO:0050919,negative chemotaxis,M1,1,0
1,-2.7,GO:0048167,regulation of synaptic plasticity,M1,1,0
1,-3.3,R-HSA-9842860,Regulation of endogenous retroelements,M1,1,0
1,-2.2,GO:0009187,cyclic nucleotide metabolic process,M1,1,0
1,-2.7,GO:0032874,positive regulation of stress-activated MAPK cascade,M1,1,0
1,-2.9,R-HSA-991365,Activation of GABAB receptors,M1,1,0
1,-12,GO:0048812,neuron projection morphogenesis,M1,1,0
1,-13,GO:0010975,regulation of neuron projection development,M1,1,0
1,-4.3,GO:0008361,regulation of cell size,M1,1,0
1,-2.4,CORUM:189,BAF complex,M1,1,0
1,-2.4,hsa05222,Small cell lung cancer,M1,1,0
1,-2.5,GO:0010927,cellular component assembly involved in morphogenesis,M1,1,0
1,-3.4,GO:0042254,ribosome biogenesis,M1,1,0
1,-2.2,GO:0036314,response to sterol,M1,1,0
1,-2.7,GO:0099116,tRNA 5'-end processing,M1,1,0
1,-2,R-HSA-2470946,Cohesin Loading onto Chromatin,M1,1,0
1,-2.2,GO:0030728,ovulation,M1,1,0
1,-5.1,GO:0043086,negative regulation of catalytic activity,M1,1,0
1,-2.8,GO:0031103,axon regeneration,M1,1,0
1,-2.1,WP61,Notch signaling,M1,1,0
1,-4.1,GO:0046474,glycerophospholipid biosynthetic process,M1,1,0
1,-5.1,hsa04261,Adrenergic signaling in cardiomyocytes,M1,1,0
1,-3.1,GO:1903539,protein localization to postsynaptic membrane,M1,1,0
1,-4.9,GO:0051650,establishment of vesicle localization,M1,1,0
1,-3.8,GO:0034728,nucleosome organization,M1,1,0
1,-3.4,GO:0030258,lipid modification,M1,1,0
1,-3,M72,PID NECTIN PATHWAY,M1,1,0
1,-2.2,GO:1903722,regulation of centriole elongation,M1,1,0
1,-2.2,GO:0046685,response to arsenic-containing substance,M1,1,0
1,-2.5,R-HSA-983189,Kinesins,M1,1,0
1,-3.9,GO:0010970,transport along microtubule,M1,1,0
1,-8,hsa05165,Human papillomavirus infection,M1,1,0
1,-4.3,WP481,Insulin signaling,M1,1,0
1,-5.7,GO:0048871,multicellular organismal-level homeostasis,M1,1,0
1,-4.3,GO:0007507,heart development,M1,1,0
1,-2.2,GO:0046580,negative regulation of Ras protein signal transduction,M1,1,0
1,-2.2,R-HSA-451326,Activation of kainate receptors upon glutamate binding,M1,1,0
1,-2.5,GO:0043112,receptor metabolic process,M1,1,0
1,-3.5,GO:0032259,methylation,M1,1,0
1,-6.4,GO:0006457,protein folding,M1,1,0
1,-3.3,GO:0051865,protein autoubiquitination,M1,1,0
1,-3.2,R-HSA-6811434,COPI-dependent Golgi-to-ER retrograde traffic,M1,1,0
1,-2.1,GO:1902750,negative regulation of cell cycle G2/M phase transition,M1,1,0
1,-3.1,GO:1901895,negative regulation of ATPase-coupled calcium transmembrane transporter activity,M1,1,0
1,-2.3,GO:0009125,nucleoside monophosphate catabolic process,M1,1,0
1,-2.4,R-HSA-3214841,PKMTs methylate histone lysines,M1,1,0
1,-3,GO:0009451,RNA modification,M1,1,0
1,-3.3,R-HSA-9933947,Formation of the non-canonical BAF (ncBAF) complex,M1,1,0
1,-3.1,R-HSA-9013404,RAC2 GTPase cycle,M1,1,0
1,-2.3,GO:0046165,alcohol biosynthetic process,M1,1,0
1,-3.4,M237,PID VEGFR1 2 PATHWAY,M1,1,0
1,-3.3,GO:0050657,nucleic acid transport,M1,1,0
1,-8.5,R-HSA-9012999,RHO GTPase cycle,M1,1,0
1,-2.5,hsa05131,Shigellosis,M1,1,0
1,-2.1,GO:0045653,negative regulation of megakaryocyte differentiation,M1,1,0
1,-2.2,CORUM:1624,FA core complex (Fanconi anemia core complex),M1,1,0
1,-10,GO:0016071,mRNA metabolic process,M1,1,0
1,-2.4,R-HSA-74259,Purine catabolism,M1,1,0
1,-2.1,R-HSA-5576891,Cardiac conduction,M1,1,0
1,-6.1,GO:0031346,positive regulation of cell projection organization,M1,1,0
1,-2.1,GO:0016024,CDP-diacylglycerol biosynthetic process,M1,1,0
1,-4.8,R-HSA-9824439,Bacterial Infection Pathways,M1,1,0
1,-2.4,GO:0009650,UV protection,M1,1,0
1,-4.2,R-HSA-2682334,EPH-Ephrin signaling,M1,1,0
1,-3.3,R-HSA-983168,Antigen processing: Ubiquitination & Proteasome degradation,M1,1,0
1,-2.5,R-HSA-9730414,MITF-M-regulated melanocyte development,M1,1,0
1,-4,hsa04152,AMPK signaling pathway,M1,1,0
1,-4,R-HSA-9609690,HCMV Early Events,M1,1,0
1,-2.9,GO:0003161,cardiac conduction system development,M1,1,0
1,-2.9,M8,PID ENDOTHELIN PATHWAY,M1,1,0
1,-5.3,GO:1902115,regulation of organelle assembly,M1,1,0
1,-2.6,R-HSA-141424,Amplification of signal from the kinetochores,M1,1,0
1,-2.9,R-HSA-111933,Calmodulin induced events,M1,1,0
1,-2.7,GO:0098661,inorganic anion transmembrane transport,M1,1,0
1,-2.2,R-HSA-110373,Resolution of AP sites via the multiple-nucleotide patch replacement pathway,M1,1,0
1,-2.3,R-HSA-9703465,Signaling by FLT3 fusion proteins,M1,1,0
1,-2.2,GO:0070646,protein modification by small protein removal,M1,1,0
1,-2.2,R-HSA-8939211,ESR-mediated signaling,M1,1,0
1,-4.1,GO:1904377,positive regulation of protein localization to cell periphery,M1,1,0
1,-8.3,GO:0034330,cell junction organization,M1,1,0
1,-2.9,GO:0005977,glycogen metabolic process,M1,1,0
1,-2.1,GO:0034101,erythrocyte homeostasis,M1,1,0
1,-3.9,hsa04924,Renin secretion,M1,1,0
1,-3.1,GO:0046545,development of primary female sexual characteristics,M1,1,0
1,-5,GO:0051056,regulation of small GTPase mediated signal transduction,M1,1,0
1,-3.4,GO:0042330,taxis,M1,1,0
1,-2.1,GO:0099010,modification of postsynaptic structure,M1,1,0
1,-2.6,R-HSA-5626467,RHO GTPases activate IQGAPs,M1,1,0
1,-4.4,GO:0099504,synaptic vesicle cycle,M1,1,0
1,-2.2,CORUM:245,FA core complex (Fanconi anemia core complex),M1,1,0
1,-3.8,CORUM:315,"28S ribosomal subunit, mitochondrial",M1,1,0
1,-4.3,R-HSA-9932451,SWI/SNF chromatin remodelers,M1,1,0
1,-3.8,R-HSA-3214847,HATs acetylate histones,M1,1,0
1,-2.3,R-HSA-432040,Vasopressin regulates renal water homeostasis via Aquaporins,M1,1,0
1,-4.8,GO:0051338,regulation of transferase activity,M1,1,0
1,-3.1,GO:0006041,glucosamine metabolic process,M1,1,0
1,-3.2,R-HSA-9856530,High laminar flow shear stress activates signaling by PIEZO1 and PECAM1:CDH5:KDR in endothelial cells,M1,1,0
1,-2.5,GO:0072524,pyridine-containing compound metabolic process,M1,1,0
1,-5.2,GO:1990049,retrograde neuronal dense core vesicle transport,M1,1,0
1,-4.4,GO:0016236,macroautophagy,M1,1,0
1,-5.6,GO:0098609,cell-cell adhesion,M1,1,0
1,-3.6,GO:0072655,establishment of protein localization to mitochondrion,M1,1,0
1,-2.1,R-HSA-416476,G alpha (q) signalling events,M1,1,0
1,-2.7,GO:0050673,epithelial cell proliferation,M1,1,0
1,-3.7,WP2003,miR targeted genes in leukocytes,M1,1,0
1,-4.8,GO:0001503,ossification,M1,1,0
1,-3.5,R-HSA-975871,MyD88 cascade initiated on plasma membrane,M1,1,0
1,-4.2,GO:0034655,nucleobase-containing compound catabolic process,M1,1,0
1,-2.3,WP3594,Circadian rhythm genes,M1,1,0
1,-2.8,R-HSA-69190,DNA strand elongation,M1,1,0
1,-2.1,GO:0050684,regulation of mRNA processing,M1,1,0
1,-3.2,R-HSA-1660662,Glycosphingolipid metabolism,M1,1,0
1,-2.8,GO:0006612,protein targeting to membrane,M1,1,0
1,-2.3,WP4906,3q29 copy number variation syndrome,M1,1,0
1,-2.2,GO:0051775,response to redox state,M1,1,0
1,-2.1,WP304,Kit receptor signaling,M1,1,0
1,-4.1,R-HSA-5656169,Termination of translesion DNA synthesis,M1,1,0
1,-3.8,GO:0097120,receptor localization to synapse,M1,1,0
1,-2.4,GO:0043335,protein unfolding,M1,1,0
1,-2.5,hsa03083,Polycomb repressive complex,M1,1,0
1,-4.1,GO:0060537,muscle tissue development,M1,1,0
1,-3,GO:0030282,bone mineralization,M1,1,0
1,-5.6,R-HSA-1280215,Cytokine Signaling in Immune system,M1,1,0
1,-4.3,GO:0051248,negative regulation of protein metabolic process,M1,1,0
1,-2.3,hsa00531,Glycosaminoglycan degradation,M1,1,0
1,-3.7,GO:1903522,regulation of blood circulation,M1,1,0
1,-7.9,GO:0061564,axon development,M1,1,0
1,-2.1,CORUM:652,AP3-BLOC1 complex,M1,1,0
1,-4,WP5085,Vasopressin regulated water reabsorption,M1,1,0
1,-4.4,GO:0001822,kidney development,M1,1,0
1,-3,GO:0002949,tRNA threonylcarbamoyladenosine modification,M1,1,0
1,-3.7,hsa04927,Cortisol synthesis and secretion,M1,1,0
1,-6.1,GO:0071824,protein-DNA complex organization,M1,1,0
1,-2.2,GO:0043488,regulation of mRNA stability,M1,1,0
1,-5,GO:0030335,positive regulation of cell migration,M1,1,0
1,-2,GO:0097400,interleukin-17-mediated signaling pathway,M1,1,0
1,-2.2,GO:0046386,deoxyribose phosphate catabolic process,M1,1,0
1,-3.6,GO:0030031,cell projection assembly,M1,1,0
1,-3.3,R-HSA-8856688,Golgi-to-ER retrograde transport,M1,1,0
1,-3.1,hsa05213,Endometrial cancer,M1,1,0
1,-2.6,GO:0034331,cell junction maintenance,M1,1,0
1,-3.1,GO:2000819,regulation of nucleotide-excision repair,M1,1,0
1,-2.2,R-HSA-157858,Gap junction trafficking and regulation,M1,1,0
1,-5.1,GO:0072384,organelle transport along microtubule,M1,1,0
1,-13,GO:0072657,protein localization to membrane,M1,1,0
1,-2.4,GO:0061387,regulation of extent of cell growth,M1,1,0
1,-2.6,WP4658,Small cell lung cancer,M1,1,0
1,-4.6,GO:0072132,mesenchyme morphogenesis,M1,1,0
1,-2,GO:0006893,Golgi to plasma membrane transport,M1,1,0
1,-2.4,GO:0009798,axis specification,M1,1,0
1,-2.5,WP195,IL1 signaling,M1,1,0
1,-2.2,GO:0033146,regulation of intracellular estrogen receptor signaling pathway,M1,1,0
1,-3.1,R-HSA-9013408,RHOG GTPase cycle,M1,1,0
1,-3.1,GO:0006865,amino acid transport,M1,1,0
1,-3.4,GO:0051169,nuclear transport,M1,1,0
1,-2.1,GO:0008542,visual learning,M1,1,0
1,-3.7,R-HSA-9013106,RHOC GTPase cycle,M1,1,0
1,-3,GO:0001667,ameboidal-type cell migration,M1,1,0
1,-3.7,WP5470,Effect of omega 3 PUFA on Huntington 39 s disease pathways,M1,1,0
1,-5.3,R-HSA-199992,trans-Golgi Network Vesicle Budding,M1,1,0
1,-2.9,GO:0009100,glycoprotein metabolic process,M1,1,0
1,-7.1,GO:0007169,cell surface receptor protein tyrosine kinase signaling pathway,M1,1,0
1,-3,CORUM:5611,Emerin complex 24,M1,1,0
1,-3,R-HSA-76002,"Platelet activation, signaling and aggregation",M1,1,0
1,-6.5,GO:0007420,brain development,M1,1,0
1,-5.9,R-HSA-3214858,RMTs methylate histone arginines,M1,1,0
1,-4.3,GO:0021537,telencephalon development,M1,1,0
1,-5,GO:0008285,negative regulation of cell population proliferation,M1,1,0
1,-2.3,GO:0045861,negative regulation of proteolysis,M1,1,0
1,-2.8,GO:0061458,reproductive system development,M1,1,0
1,-2.1,GO:0015812,gamma-aminobutyric acid transport,M1,1,0
1,-2.3,GO:0150117,positive regulation of cell-substrate junction organization,M1,1,0
1,-3,R-HSA-2990846,SUMOylation,M1,1,0
1,-6,GO:0098657,import into cell,M1,1,0
1,-3.8,GO:0031667,response to nutrient levels,M1,1,0
1,-2.9,R-HSA-450294,MAP kinase activation,M1,1,0
1,-3.3,GO:0022038,corpus callosum development,M1,1,0
1,-11,GO:0090150,establishment of protein localization to membrane,M1,1,0
1,-4.2,R-HSA-9609646,HCMV Infection,M1,1,0
1,-3.2,R-HSA-446728,Cell junction organization,M1,1,0
1,-4.3,GO:0099637,neurotransmitter receptor transport,M1,1,0
1,-7.6,WP3932,Focal adhesion PI3K Akt mTOR signaling,M1,1,0
1,-2.1,GO:0030516,regulation of axon extension,M1,1,0
1,-2.9,hsa05145,Toxoplasmosis,M1,1,0
1,-2.4,GO:0045727,positive regulation of translation,M1,1,0
1,-12,GO:0006338,chromatin remodeling,M1,1,0
1,-2,GO:0007052,mitotic spindle organization,M1,1,0
1,-3.4,GO:0045229,external encapsulating structure organization,M1,1,0
1,-2.5,GO:0031334,positive regulation of protein-containing complex assembly,M1,1,0
1,-4.1,GO:0031400,negative regulation of protein modification process,M1,1,0
1,-2.9,GO:0045739,positive regulation of DNA repair,M1,1,0
1,-2.1,GO:1903312,negative regulation of mRNA metabolic process,M1,1,0
1,-2.9,GO:0003188,heart valve formation,M1,1,0
1,-2.4,hsa04213,Longevity regulating pathway - multiple species,M1,1,0
1,-2.2,GO:2001242,regulation of intrinsic apoptotic signaling pathway,M1,1,0
1,-2.5,GO:0008585,female gonad development,M1,1,0
1,-2.8,hsa01240,Biosynthesis of cofactors,M1,1,0
1,-2.2,CORUM:2922,"LAT-PLC-gamma-1-p85-GRB2-SOS signaling complex, C305 activated",M1,1,0
1,-5.8,GO:0099003,vesicle-mediated transport in synapse,M1,1,0
1,-2.2,R-HSA-69618,Mitotic Spindle Checkpoint,M1,1,0
1,-3.1,GO:0001996,positive regulation of heart rate by epinephrine-norepinephrine,M1,1,0
1,-3.1,R-HSA-69620,Cell Cycle Checkpoints,M1,1,0
1,-2,R-HSA-166520,Signaling by NTRKs,M1,1,0
1,-2.1,M129,PID PLK1 PATHWAY,M1,1,0
1,-3.7,GO:0042059,negative regulation of epidermal growth factor receptor signaling pathway,M1,1,0
1,-2.7,R-HSA-5651801,PCNA-Dependent Long Patch Base Excision Repair,M1,1,0
1,-3.3,R-HSA-70221,Glycogen breakdown (glycogenolysis),M1,1,0
1,-2.5,GO:0099517,synaptic vesicle transport along microtubule,M1,1,0
1,-3.2,GO:0006898,receptor-mediated endocytosis,M1,1,0
1,-3,M153,PID P75 NTR PATHWAY,M1,1,0
1,-2.7,GO:0051258,protein polymerization,M1,1,0
1,-2.1,GO:0042398,modified amino acid biosynthetic process,M1,1,0
1,-2.9,R-HSA-5620912,Anchoring of the basal body to the plasma membrane,M1,1,0
1,-3.4,CORUM:351,Spliceosome,M1,1,0
1,-3.1,GO:0072009,nephron epithelium development,M1,1,0
1,-2.7,GO:0016125,sterol metabolic process,M1,1,0
1,-2,GO:0030316,osteoclast differentiation,M1,1,0
1,-2.6,R-HSA-877300,Interferon gamma signaling,M1,1,0
1,-2.9,GO:0098930,axonal transport,M1,1,0
1,-2.8,GO:0006282,regulation of DNA repair,M1,1,0
1,-2,GO:0001542,ovulation from ovarian follicle,M1,1,0
1,-4.9,R-HSA-5668914,Diseases of metabolism,M1,1,0
1,-2.1,GO:0034502,protein localization to chromosome,M1,1,0
1,-3.7,GO:0032760,positive regulation of tumor necrosis factor production,M1,1,0
1,-2.4,CORUM:244,BRAFT complex,M1,1,0
1,-2.7,R-HSA-917937,Iron uptake and transport,M1,1,0
1,-2.2,GO:0031663,lipopolysaccharide-mediated signaling pathway,M1,1,0
1,-3.5,R-HSA-168142,Toll Like Receptor 10 (TLR10) Cascade,M1,1,0
1,-2.5,GO:1990048,anterograde neuronal dense core vesicle transport,M1,1,0
1,-2.7,GO:0072330,monocarboxylic acid biosynthetic process,M1,1,0
1,-2.1,GO:0040014,regulation of multicellular organism growth,M1,1,0
1,-2.3,R-HSA-8964038,LDL clearance,M1,1,0
1,-3.9,R-HSA-9619665,EGR2 and SOX10-mediated initiation of Schwann cell myelination,M1,1,0
1,-2.2,R-HSA-170670,Adenylate cyclase inhibitory pathway,M1,1,0
1,-4,GO:0034504,protein localization to nucleus,M1,1,0
1,-5.2,GO:0006511,ubiquitin-dependent protein catabolic process,M1,1,0
1,-2.4,R-HSA-1839117,Signaling by cytosolic FGFR1 fusion mutants,M1,1,0
1,-2.6,GO:0006626,protein targeting to mitochondrion,M1,1,0
1,-3,GO:0008306,associative learning,M1,1,0
1,-2.7,hsa00562,Inositol phosphate metabolism,M1,1,0
1,-2.7,GO:0051298,centrosome duplication,M1,1,0
1,-2.4,R-HSA-73887,Death Receptor Signaling,M1,1,0
1,-5.4,GO:0030097,hemopoiesis,M1,1,0
1,-4.6,GO:1901890,positive regulation of cell junction assembly,M1,1,0
1,-2.3,WP5265,Neurogenesis regulation in the olfactory epithelium,M1,1,0
1,-2.5,R-HSA-9925563,Developmental Lineage of Pancreatic Ductal Cells,M1,1,0
1,-4.7,hsa04151,PI3K-Akt signaling pathway,M1,1,0
1,-4.4,GO:0006091,generation of precursor metabolites and energy,M1,1,0
1,-5.7,GO:0000226,microtubule cytoskeleton organization,M1,1,0
1,-2.2,GO:0006204,IMP catabolic process,M1,1,0
1,-2.1,GO:0061383,trabecula morphogenesis,M1,1,0
1,-3,GO:0099072,regulation of postsynaptic membrane neurotransmitter receptor levels,M1,1,0
1,-13,R-HSA-194315,Signaling by Rho GTPases,M1,1,0
1,-2.3,WP2516,ATM signaling,M1,1,0
1,-2.3,WP5304,Cholesterol metabolism,M1,1,0
1,-5.2,GO:1902414,protein localization to cell junction,M1,1,0
1,-3,GO:0032956,regulation of actin cytoskeleton organization,M1,1,0
1,-2.1,GO:0006487,protein N-linked glycosylation,M1,1,0
1,-4.1,GO:0016185,synaptic vesicle budding from presynaptic endocytic zone membrane,M1,1,0
1,-2.4,GO:0003229,ventricular cardiac muscle tissue development,M1,1,0
1,-4.9,WP4172,PI3K Akt signaling,M1,1,0
1,-3.9,GO:0048678,response to axon injury,M1,1,0
1,-2.2,GO:0010717,regulation of epithelial to mesenchymal transition,M1,1,0
1,-2.7,WP138,Androgen receptor signaling,M1,1,0
1,-3.2,GO:0048864,stem cell development,M1,1,0
1,-2.7,GO:0051216,cartilage development,M1,1,0
1,-2.6,GO:0042326,negative regulation of phosphorylation,M1,1,0
1,-15,GO:0051668,localization within membrane,M1,1,0
1,-2.8,R-HSA-6804756,Regulation of TP53 Activity through Phosphorylation,M1,1,0
1,-3.2,GO:0048285,organelle fission,M1,1,0
1,-5,GO:0008610,lipid biosynthetic process,M1,1,0
1,-6.3,R-HSA-388396,GPCR downstream signalling,M1,1,0
1,-4.9,GO:0071826,protein-RNA complex organization,M1,1,0
1,-2.3,WP2572,Primary focal segmental glomerulosclerosis FSGS,M1,1,0
1,-3.7,GO:0006525,arginine metabolic process,M1,1,0
1,-2.3,GO:0032386,regulation of intracellular transport,M1,1,0
1,-3.7,GO:0006195,purine nucleotide catabolic process,M1,1,0
1,-5.4,GO:0019941,modification-dependent protein catabolic process,M1,1,0
1,-2.4,GO:0006310,DNA recombination,M1,1,0
1,-2.5,GO:0071248,cellular response to metal ion,M1,1,0
1,-2.2,GO:0001919,regulation of receptor recycling,M1,1,0
1,-4.2,R-HSA-168164,Toll Like Receptor 3 (TLR3) Cascade,M1,1,0
1,-3.2,R-HSA-418990,Adherens junctions interactions,M1,1,0
1,-2.5,GO:1902315,nuclear cell cycle DNA replication initiation,M1,1,0
1,-2,GO:0001837,epithelial to mesenchymal transition,M1,1,0
1,-3.1,R-HSA-5696400,Dual Incision in GG-NER,M1,1,0
1,-3.8,GO:0071526,semaphorin-plexin signaling pathway,M1,1,0
1,-2.7,GO:0046660,female sex differentiation,M1,1,0
1,-5.2,GO:0007411,axon guidance,M1,1,0
1,-2.5,GO:2001224,positive regulation of neuron migration,M1,1,0
1,-2.9,GO:0036465,synaptic vesicle recycling,M1,1,0
1,-3,GO:0050658,RNA transport,M1,1,0
1,-4,GO:0016310,phosphorylation,M1,1,0
1,-4.7,GO:0006351,DNA-templated transcription,M1,1,0
1,-4.1,GO:0003181,atrioventricular valve morphogenesis,M1,1,0
1,-2.4,GO:0070106,interleukin-27-mediated signaling pathway,M1,1,0
1,-3.9,R-HSA-389957,Prefoldin mediated transfer of substrate  to CCT/TriC,M1,1,0
1,-2.9,GO:0003073,regulation of systemic arterial blood pressure,M1,1,0
1,-4.4,R-HSA-2500257,Resolution of Sister Chromatid Cohesion,M1,1,0
1,-4.3,GO:0072001,renal system development,M1,1,0
1,-16,GO:0000902,cell morphogenesis,M1,1,0
1,-2.5,GO:0042461,photoreceptor cell development,M1,1,0
1,-2.2,GO:1902476,chloride transmembrane transport,M1,1,0
1,-2.2,WP4963,p53 transcriptional gene network,M1,1,0
1,-3.3,hsa04390,Hippo signaling pathway,M1,1,0
1,-3.5,GO:0040011,locomotion,M1,1,0
1,-2.7,R-HSA-5368286,Mitochondrial translation initiation,M1,1,0
1,-2.7,GO:0046549,retinal cone cell development,M1,1,0
1,-5.5,GO:0097485,neuron projection guidance,M1,1,0
1,-5.5,GO:0022411,cellular component disassembly,M1,1,0
1,-4.2,GO:0051052,regulation of DNA metabolic process,M1,1,0
1,-4,GO:1901292,nucleoside phosphate catabolic process,M1,1,0
1,-2.4,GO:0048255,mRNA stabilization,M1,1,0
1,-5,R-HSA-556833,Metabolism of lipids,M1,1,0
1,-2.5,GO:0016042,lipid catabolic process,M1,1,0
1,-3.7,GO:0048488,synaptic vesicle endocytosis,M1,1,0
1,-2.6,GO:0048813,dendrite morphogenesis,M1,1,0
1,-4.4,GO:0043547,positive regulation of GTPase activity,M1,1,0
1,-3.2,GO:0016926,protein desumoylation,M1,1,0
1,-2.4,R-HSA-390522,Striated Muscle Contraction,M1,1,0
1,-4.6,GO:0009314,response to radiation,M1,1,0
1,-3.4,GO:0045017,glycerolipid biosynthetic process,M1,1,0
1,-5.5,GO:0030001,metal ion transport,M1,1,0
1,-2.8,CORUM:320,"55S ribosome, mitochondrial",M1,1,0
1,-3.3,R-HSA-9648025,EML4 and NUDC in mitotic spindle formation,M1,1,0
1,-3.3,GO:0060219,camera-type eye photoreceptor cell differentiation,M1,1,0
1,-4.5,GO:0048589,developmental growth,M1,1,0
1,-2.2,GO:0032988,protein-RNA complex disassembly,M1,1,0
1,-2.7,R-HSA-68875,Mitotic Prophase,M1,1,0
1,-2.4,R-HSA-187037,Signaling by NTRK1 (TRKA),M1,1,0
1,-6.3,hsa04742,Taste transduction,M1,1,0
1,-2.5,GO:0032989,cellular anatomical entity morphogenesis,M1,1,0
1,-3.2,GO:0043062,extracellular structure organization,M1,1,0
1,-4.2,WP2038,Microtubule cytoskeleton regulation,M1,1,0
1,-7.6,GO:0051336,regulation of hydrolase activity,M1,1,0
1,-4,R-HSA-212165,Epigenetic regulation of gene expression,M1,1,0
1,-3.2,CORUM:781,URI complex (Unconventional prefoldin RPB5 Interactor),M1,1,0
1,-2.9,R-HSA-163615,PKA activation,M1,1,0
1,-4.1,hsa04722,Neurotrophin signaling pathway,M1,1,0
1,-2.7,GO:0009159,deoxyribonucleoside monophosphate catabolic process,M1,1,0
1,-3,GO:0000245,spliceosomal complex assembly,M1,1,0
1,-3.1,GO:0014706,striated muscle tissue development,M1,1,0
1,-2.2,GO:0034315,regulation of Arp2/3 complex-mediated actin nucleation,M1,1,0
1,-3.1,GO:0045637,regulation of myeloid cell differentiation,M1,1,0
1,-3,R-HSA-9913351,Formation of the dystrophin-glycoprotein complex (DGC),M1,1,0
1,-2.2,R-HSA-450282,MAPK targets/ Nuclear events mediated by MAP kinases,M1,1,0
1,-2.8,GO:1902459,positive regulation of stem cell population maintenance,M1,1,0
1,-2.2,GO:0170039,proteinogenic amino acid metabolic process,M1,1,0
1,-4.8,GO:0060042,retina morphogenesis in camera-type eye,M1,1,0
1,-2.4,WP5180,DYRK1A involvement regarding cell proliferation in brain development,M1,1,0
1,-4,GO:1901990,regulation of mitotic cell cycle phase transition,M1,1,0
1,-2,GO:0000077,DNA damage checkpoint signaling,M1,1,0
1,-2.2,GO:0023061,signal release,M1,1,0
1,-3.2,GO:0040029,epigenetic regulation of gene expression,M1,1,0
1,-2.9,R-HSA-437239,Recycling pathway of L1,M1,1,0
1,-7.2,GO:0044092,negative regulation of molecular function,M1,1,0
1,-2.4,hsa04912,GnRH signaling pathway,M1,1,0
1,-2.4,GO:0033144,negative regulation of intracellular steroid hormone receptor signaling pathway,M1,1,0
1,-3.1,GO:0030488,tRNA methylation,M1,1,0
1,-2.6,R-HSA-380320,Recruitment of NuMA to mitotic centrosomes,M1,1,0
1,-2.5,GO:1904019,epithelial cell apoptotic process,M1,1,0
1,-3,CORUM:387,MCM complex,M1,1,0
1,-3.2,GO:0045936,negative regulation of phosphate metabolic process,M1,1,0
1,-3.3,R-HSA-3928665,EPH-ephrin mediated repulsion of cells,M1,1,0
1,-3.9,GO:0001525,angiogenesis,M1,1,0
1,-2,hsa04933,AGE-RAGE signaling pathway in diabetic complications,M1,1,0
1,-8,GO:0050808,synapse organization,M1,1,0
1,-3.7,R-HSA-2555396,Mitotic Metaphase and Anaphase,M1,1,0
1,-3,WP1403,AMP activated protein kinase signaling,M1,1,0
1,-2.6,R-HSA-3108232,SUMO E3 ligases SUMOylate target proteins,M1,1,0
1,-3.3,GO:0006606,protein import into nucleus,M1,1,0
1,-2.8,R-HSA-448424,Interleukin-17 signaling,M1,1,0
1,-2.2,R-HSA-203615,eNOS activation,M1,1,0
1,-2.5,WP69,T cell receptor signaling,M1,1,0
1,-4.7,GO:0070848,response to growth factor,M1,1,0
1,-2.5,hsa04925,Aldosterone synthesis and secretion,M1,1,0
1,-3.3,GO:0098534,centriole assembly,M1,1,0
1,-4.6,hsa04921,Oxytocin signaling pathway,M1,1,0
1,-2.2,GO:0003433,chondrocyte development involved in endochondral bone morphogenesis,M1,1,0
1,-2.5,WP2272,Pathogenic Escherichia coli infection,M1,1,0
1,-4.2,GO:0005975,carbohydrate metabolic process,M1,1,0
1,-2.3,R-HSA-73864,RNA Polymerase I Transcription,M1,1,0
1,-8.6,GO:0000375,"RNA splicing, via transesterification reactions",M1,1,0
1,-2.3,R-HSA-8978868,Fatty acid metabolism,M1,1,0
1,-2.3,GO:0000725,recombinational repair,M1,1,0
1,-5,WP2032,Thyroid stimulating hormone TSH signaling,M1,1,0
1,-2.4,GO:0032418,lysosome localization,M1,1,0
1,-5.4,GO:0032940,secretion by cell,M1,1,0
1,-2.3,GO:0005996,monosaccharide metabolic process,M1,1,0
1,-2.6,GO:0021987,cerebral cortex development,M1,1,0
1,-3.3,GO:1902653,secondary alcohol biosynthetic process,M1,1,0
1,-2.6,GO:0022898,regulation of transmembrane transporter activity,M1,1,0
1,-3.1,GO:0042551,neuron maturation,M1,1,0
1,-8.5,GO:0008283,cell population proliferation,M1,1,0
1,-3,GO:0007264,small GTPase-mediated signal transduction,M1,1,0
1,-3.2,GO:0046530,photoreceptor cell differentiation,M1,1,0
1,-2.1,GO:0006820,monoatomic anion transport,M1,1,0
1,-2.2,GO:0018195,peptidyl-arginine modification,M1,1,0
1,-3,GO:0045598,regulation of fat cell differentiation,M1,1,0
1,-2.1,WP4566,Translation inhibitors in chronically activated PDGFRA cells,M1,1,0
1,-2.9,GO:0018105,peptidyl-serine phosphorylation,M1,1,0
1,-2.1,GO:0043367,"CD4-positive, alpha-beta T cell differentiation",M1,1,0
1,-3.1,GO:0007612,learning,M1,1,0
1,-2.2,GO:1901079,positive regulation of relaxation of muscle,M1,1,0
1,-3.5,WP4204,Tumor suppressor activity of SMARCB1,M1,1,0
1,-2.6,R-HSA-418346,Platelet homeostasis,M1,1,0
1,-3.2,WP5411,Phosphatidyl inositol phosphate pathway,M1,1,0
1,-3.4,GO:1902652,secondary alcohol metabolic process,M1,1,0
1,-3,hsa04270,Vascular smooth muscle contraction,M1,1,0
1,-3.1,GO:0072523,purine-containing compound catabolic process,M1,1,0
1,-4.5,WP500,Glycogen synthesis and degradation,M1,1,0
1,-2.1,GO:0048268,clathrin coat assembly,M1,1,0
1,-4,GO:0043065,positive regulation of apoptotic process,M1,1,0
1,-3.6,R-HSA-6791312,TP53 Regulates Transcription of Cell Cycle Genes,M1,1,0
1,-8.4,WP5434,Cancer pathways,M1,1,0
1,-2.7,GO:0038163,thrombopoietin-mediated signaling pathway,M1,1,0
1,-2.5,GO:0033388,putrescine biosynthetic process from arginine,M1,1,0
1,-3.7,GO:0070585,protein localization to mitochondrion,M1,1,0
1,-3.4,R-HSA-72306,tRNA processing,M1,1,0
1,-3,R-HSA-5339562,Uptake and actions of bacterial toxins,M1,1,0
1,-3.1,WP2059,Alzheimer 39 s disease and miRNA effects,M1,1,0
1,-8.5,GO:0099537,trans-synaptic signaling,M1,1,0
1,-4.2,WP382,MAPK signaling,M1,1,0
1,-2.4,GO:0034614,cellular response to reactive oxygen species,M1,1,0
1,-3.2,GO:0099601,regulation of neurotransmitter receptor activity,M1,1,0
1,-2.1,GO:0016339,calcium-dependent cell-cell adhesion via plasma membrane cell adhesion molecules,M1,1,0
1,-5.2,GO:0003407,neural retina development,M1,1,0
1,-5.1,GO:0006644,phospholipid metabolic process,M1,1,0
1,-2.1,GO:0002260,lymphocyte homeostasis,M1,1,0
1,-3,GO:0051170,import into nucleus,M1,1,0
1,-2.6,R-HSA-5693567,HDR through Homologous Recombination (HRR) or Single Strand Annealing (SSA),M1,1,0
1,-4,hsa04962,Vasopressin-regulated water reabsorption,M1,1,0
1,-2.8,GO:0051348,negative regulation of transferase activity,M1,1,0
1,-2.7,R-HSA-9696264,RND3 GTPase cycle,M1,1,0
1,-2.2,GO:0045794,negative regulation of cell volume,M1,1,0
1,-11,GO:0008380,RNA splicing,M1,1,0
1,-2,R-HSA-9764725,Negative Regulation of CDH1 Gene Transcription,M1,1,0
1,-3.2,GO:0010563,negative regulation of phosphorus metabolic process,M1,1,0
1,-2,R-HSA-6781827,Transcription-Coupled Nucleotide Excision Repair (TC-NER),M1,1,0
1,-2.4,R-HSA-68884,Mitotic Telophase/Cytokinesis,M1,1,0
1,-3.4,GO:0001558,regulation of cell growth,M1,1,0
1,-8,hsa05200,Pathways in cancer,M1,1,0
1,-2.2,R-HSA-5696397,Gap-filling DNA repair synthesis and ligation in GG-NER,M1,1,0
1,-2.2,GO:1905098,negative regulation of guanyl-nucleotide exchange factor activity,M1,1,0
1,-2,GO:0070900,mitochondrial tRNA modification,M1,1,0
1,-2.5,GO:0061005,cell differentiation involved in kidney development,M1,1,0
1,-3.6,R-HSA-9860931,Response of endothelial cells to shear stress,M1,1,0
1,-4.5,GO:2000147,positive regulation of cell motility,M1,1,0
1,-4.2,CORUM:6896,MMS19 complex,M1,1,0
1,-5.9,hsa04814,Motor proteins,M1,1,0
1,-3.9,GO:0010038,response to metal ion,M1,1,0
1,-3.7,GO:0032970,regulation of actin filament-based process,M1,1,0
1,-2,R-HSA-110056,MAPK3 (ERK1) activation,M1,1,0
1,-2.8,R-HSA-983231,Factors involved in megakaryocyte development and platelet production,M1,1,0
1,-4.6,hsa04144,Endocytosis,M1,1,0
1,-2.2,GO:0110010,basolateral protein secretion,M1,1,0
1,-2,GO:0043409,negative regulation of MAPK cascade,M1,1,0
1,-2.6,WP5117,Cohesin complex Cornelia de Lange syndrome,M1,1,0
1,-2.4,GO:0003018,vascular process in circulatory system,M1,1,0
1,-2.5,GO:1903053,regulation of extracellular matrix organization,M1,1,0
1,-2.1,hsa04218,Cellular senescence,M1,1,0
1,-4.7,GO:0051276,chromosome organization,M1,1,0
1,-2.3,R-HSA-446193,"Biosynthesis of the N-glycan precursor (dolichol lipid-linked oligosaccharide, LLO) and transfer to a nascent protein",M1,1,0
1,-2.5,GO:0045040,protein insertion into mitochondrial outer membrane,M1,1,0
1,-3.9,R-HSA-446203,Asparagine N-linked glycosylation,M1,1,0
1,-5.8,R-HSA-69278,"Cell Cycle, Mitotic",M1,1,0
1,-3.3,GO:0006695,cholesterol biosynthetic process,M1,1,0
1,-2.4,GO:0060253,negative regulation of glial cell proliferation,M1,1,0
1,-3,hsa04727,GABAergic synapse,M1,1,0
1,-3.8,WP289,Myometrial relaxation and contraction pathways,M1,1,0
1,-2.7,GO:0008090,retrograde axonal transport,M1,1,0
1,-4.6,GO:0031507,heterochromatin formation,M1,1,0
1,-3.3,hsa05220,Chronic myeloid leukemia,M1,1,0
1,-2.3,GO:1902099,regulation of metaphase/anaphase transition of cell cycle,M1,1,0
1,-6.4,GO:0035239,tube morphogenesis,M1,1,0
1,-2,M1718,SIG IL4RECEPTOR IN B LYPHOCYTES,M1,1,0
1,-3.4,GO:0007611,learning or memory,M1,1,0
1,-4.3,GO:0030324,lung development,M1,1,0
1,-6.2,R-HSA-9675108,Nervous system development,M1,1,0
1,-2.2,GO:0042552,myelination,M1,1,0
1,-3.9,M100,PID SHP2 PATHWAY,M1,1,0
1,-3.8,GO:0043122,regulation of canonical NF-kappaB signal transduction,M1,1,0
1,-5.3,R-HSA-1169410,Antiviral mechanism by IFN-stimulated genes,M1,1,0
1,-2.1,GO:0002274,myeloid leukocyte activation,M1,1,0
1,-5.3,R-HSA-109582,Hemostasis,M1,1,0
1,-2.1,GO:1901796,regulation of signal transduction by p53 class mediator,M1,1,0
1,-3,WP4941,GPR143 in melanocytes and retinal pigment epithelium cells,M1,1,0
1,-3,hsa05226,Gastric cancer,M1,1,0
1,-2.8,GO:0050909,sensory perception of taste,M1,1,0
1,-3.3,R-HSA-112043,PLC beta mediated events,M1,1,0
1,-4,R-HSA-9933937,Formation of the canonical BAF (cBAF) complex,M1,1,0
1,-2.5,CORUM:6277,Rev1-Rev3-Rev7-Polkappa complex,M1,1,0
1,-4.1,GO:0016054,organic acid catabolic process,M1,1,0
1,-2.2,GO:0010972,negative regulation of G2/M transition of mitotic cell cycle,M1,1,0
1,-3.4,GO:0006900,vesicle budding from membrane,M1,1,0
1,-2.9,hsa04146,Peroxisome,M1,1,0
1,-5.6,WP1984,Integrated breast cancer pathway,M1,1,0
1,-8.1,GO:0019752,carboxylic acid metabolic process,M1,1,0
1,-2.7,GO:0015849,organic acid transport,M1,1,0
1,-2.5,M183,PID IL6 7 PATHWAY,M1,1,0
1,-2.7,GO:1900006,positive regulation of dendrite development,M1,1,0
1,-3.2,GO:0007005,mitochondrion organization,M1,1,0
1,-2.3,hsa04145,Phagosome,M1,1,0
1,-2.2,GO:0046148,pigment biosynthetic process,M1,1,0
1,-4.6,R-HSA-1500931,Cell-Cell communication,M1,1,0
1,-2.6,R-HSA-163359,Glucagon signaling in metabolic regulation,M1,1,0
1,-3.8,R-HSA-9909505,Modulation of host responses by IFN-stimulated genes,M1,1,0
1,-4.3,GO:0016049,cell growth,M1,1,0
1,-2.2,GO:0019362,pyridine nucleotide metabolic process,M1,1,0
1,-3.4,hsa05163,Human cytomegalovirus infection,M1,1,0
1,-2.1,GO:0008333,endosome to lysosome transport,M1,1,0
1,-4,GO:0009410,response to xenobiotic stimulus,M1,1,0
1,-2.1,GO:0048009,insulin-like growth factor receptor signaling pathway,M1,1,0
1,-2.9,R-HSA-5696399,Global Genome Nucleotide Excision Repair (GG-NER),M1,1,0
1,-3.4,GO:0045930,negative regulation of mitotic cell cycle,M1,1,0
1,-11,GO:0006886,intracellular protein transport,M1,1,0
1,-3.5,GO:0072538,T-helper 17 type immune response,M1,1,0
1,-2.3,GO:0050912,detection of chemical stimulus involved in sensory perception of taste,M1,1,0
1,-2.6,M161,PID IFNG PATHWAY,M1,1,0
1,-3.5,R-HSA-9640148,Infection with Enterobacteria,M1,1,0
1,-2.9,GO:2000779,regulation of double-strand break repair,M1,1,0
1,-4,hsa04010,MAPK signaling pathway,M1,1,0
1,-2.5,R-HSA-73772,RNA Polymerase I Promoter Escape,M1,1,0
1,-4.4,GO:0044282,small molecule catabolic process,M1,1,0
1,-2.3,WP4320,Effect of progerin on genes involved in progeria,M1,1,0
1,-2.5,GO:0031146,SCF-dependent proteasomal ubiquitin-dependent protein catabolic process,M1,1,0
1,-2.3,GO:0006633,fatty acid biosynthetic process,M1,1,0
1,-2.3,GO:0043484,regulation of RNA splicing,M1,1,0
1,-2.2,M160,PID AVB3 INTEGRIN PATHWAY,M1,1,0
1,-2.4,GO:0003158,endothelium development,M1,1,0
1,-2.5,GO:0016561,"protein import into peroxisome matrix, translocation",M1,1,0
1,-2.1,GO:0002292,T cell differentiation involved in immune response,M1,1,0
1,-3.7,WP4540,Hippo signaling regulation,M1,1,0
1,-3.5,GO:0006403,RNA localization,M1,1,0
1,-3.5,GO:0120031,plasma membrane bounded cell projection assembly,M1,1,0
1,-5.9,GO:0031399,regulation of protein modification process,M1,1,0
1,-2,GO:0009566,fertilization,M1,1,0
1,-3.1,GO:0006364,rRNA processing,M1,1,0
1,-3.5,GO:0060541,respiratory system development,M1,1,0
1,-2.1,R-HSA-9013026,RHOB GTPase cycle,M1,1,0
1,-2.2,GO:0001776,leukocyte homeostasis,M1,1,0
1,-3.5,CORUM:6895,MMXD complex,M1,1,0
1,-2.1,GO:0006360,transcription by RNA polymerase I,M1,1,0
1,-2.3,GO:0048738,cardiac muscle tissue development,M1,1,0
1,-2,GO:0071482,cellular response to light stimulus,M1,1,0
1,-2.9,R-HSA-8856825,Cargo recognition for clathrin-mediated endocytosis,M1,1,0
1,-2.3,WP4753,Nucleotide excision repair,M1,1,0
1,-2.1,GO:1903524,positive regulation of blood circulation,M1,1,0
1,-2.4,hsa05100,Bacterial invasion of epithelial cells,M1,1,0
1,-3,GO:0042670,retinal cone cell differentiation,M1,1,0
1,-3.3,GO:0045814,"negative regulation of gene expression, epigenetic",M1,1,0
1,-2.1,GO:0033673,negative regulation of kinase activity,M1,1,0
1,-2.5,WP3678,Amplification and expansion of oncogenic pathways as metastatic traits,M1,1,0
1,-3.3,GO:0032456,endocytic recycling,M1,1,0
1,-3.6,hsa04926,Relaxin signaling pathway,M1,1,0
1,-5.7,GO:0050770,regulation of axonogenesis,M1,1,0
1,-3,GO:0003206,cardiac chamber morphogenesis,M1,1,0
1,-7.1,GO:0050803,regulation of synapse structure or activity,M1,1,0
1,-3.1,GO:0043085,positive regulation of catalytic activity,M1,1,0
1,-2.3,GO:0007224,smoothened signaling pathway,M1,1,0
1,-3,GO:0045786,negative regulation of cell cycle,M1,1,0
1,-6.5,hsa04142,Lysosome,M1,1,0
1,-2.2,R-HSA-5358351,Signaling by Hedgehog,M1,1,0
1,-3.2,GO:2000781,positive regulation of double-strand break repair,M1,1,0
1,-3.4,GO:0008202,steroid metabolic process,M1,1,0
1,-3.9,GO:2000036,regulation of stem cell population maintenance,M1,1,0
1,-2,GO:0061299,retina vasculature morphogenesis in camera-type eye,M1,1,0
1,-2.9,R-HSA-373760,L1CAM interactions,M1,1,0
1,-4.4,WP4535,Envelope proteins and their potential roles in EDMD physiopathology,M1,1,0
1,-6.5,GO:0050773,regulation of dendrite development,M1,1,0
1,-3.6,M48,PID MET PATHWAY,M1,1,0
1,-5.5,R-HSA-112316,Neuronal System,M1,1,0
1,-3.4,GO:0071478,cellular response to radiation,M1,1,0
1,-3.3,WP4787,Osteoblast differentiation and related diseases,M1,1,0
1,-2.2,GO:0001934,positive regulation of protein phosphorylation,M1,1,0
1,-2.5,GO:0031641,regulation of myelination,M1,1,0
1,-7.1,GO:0000278,mitotic cell cycle,M1,1,0
1,-3.1,R-HSA-948021,Transport to the Golgi and subsequent modification,M1,1,0
1,-4.3,GO:0033143,regulation of intracellular steroid hormone receptor signaling pathway,M1,1,0
1,-2.4,GO:0043954,cellular component maintenance,M1,1,0
1,-2.2,GO:0006072,glycerol-3-phosphate metabolic process,M1,1,0
1,-9.6,GO:0051960,regulation of nervous system development,M1,1,0
1,-2.2,GO:0019318,hexose metabolic process,M1,1,0
1,-2.2,GO:0090497,mesenchymal cell migration,M1,1,0
1,-2.7,R-HSA-191273,Cholesterol biosynthesis,M1,1,0
1,-5.1,GO:0032535,regulation of cellular component size,M1,1,0
1,-2.7,GO:0032412,regulation of monoatomic ion transmembrane transporter activity,M1,1,0
1,-4.1,R-HSA-68886,M Phase,M1,1,0
1,-13,GO:0120035,regulation of plasma membrane bounded cell projection organization,M1,1,0
1,-3.9,GO:0035966,response to topologically incorrect protein,M1,1,0
1,-2,GO:0031109,microtubule polymerization or depolymerization,M1,1,0
1,-8.6,GO:0048667,cell morphogenesis involved in neuron differentiation,M1,1,0
1,-2.8,WP4838,Regucalcin in proximal tubule epithelial kidney cells,M1,1,0
1,-2.7,WP4589,Major receptors targeted by epinephrine and norepinephrine,M1,1,0
1,-4.5,R-HSA-975138,TRAF6 mediated induction of NFkB and MAP kinases upon TLR7/8 or 9 activation,M1,1,0
1,-2.3,R-HSA-5173105,O-linked glycosylation,M1,1,0
1,-4.3,R-HSA-166058,MyD88:MAL(TIRAP) cascade initiated on plasma membrane,M1,1,0
1,-2.5,CORUM:2792,MCM2-MCM4-MCM6-MCM7 complex,M1,1,0
1,-2.3,GO:0097191,extrinsic apoptotic signaling pathway,M1,1,0
1,-3.1,hsa05210,Colorectal cancer,M1,1,0
1,-2.1,GO:0048645,animal organ formation,M1,1,0
1,-3.7,GO:0032886,regulation of microtubule-based process,M1,1,0
1,-2.3,M269,PID RAS PATHWAY,M1,1,0
1,-3.3,GO:0090090,negative regulation of canonical Wnt signaling pathway,M1,1,0
1,-2.3,R-HSA-5696398,Nucleotide Excision Repair,M1,1,0
1,-5.7,GO:0001501,skeletal system development,M1,1,0
1,-2.2,hsa00520,Amino sugar and nucleotide sugar metabolism,M1,1,0
1,-5.4,GO:0060348,bone development,M1,1,0
1,-2.5,GO:0032229,"negative regulation of synaptic transmission, GABAergic",M1,1,0
1,-2.8,hsa04081,Hormone signaling,M1,1,0
1,-2.4,GO:0006112,energy reserve metabolic process,M1,1,0
1,-2.9,hsa04971,Gastric acid secretion,M1,1,0
1,-5.1,WP4808,Endochondral ossification with skeletal dysplasias,M1,1,0
1,-2.8,GO:0050772,positive regulation of axonogenesis,M1,1,0
1,-2.2,hsa04530,Tight junction,M1,1,0
1,-2.2,GO:0032409,regulation of transporter activity,M1,1,0
1,-2.5,R-HSA-5210891,Uptake and function of anthrax toxins,M1,1,0
1,-4.4,hsa04725,Cholinergic synapse,M1,1,0
1,-3.2,GO:0016126,sterol biosynthetic process,M1,1,0
1,-2.2,WP2911,miRNA targets in ECM and membrane receptors,M1,1,0
1,-2,R-HSA-8957275,Post-translational protein phosphorylation,M1,1,0
1,-2.1,WP2828,Bladder cancer,M1,1,0
1,-2,GO:0010389,regulation of G2/M transition of mitotic cell cycle,M1,1,0
1,-2.3,GO:0060251,regulation of glial cell proliferation,M1,1,0
1,-2.3,GO:0061138,morphogenesis of a branching epithelium,M1,1,0
1,-2.4,GO:0043473,pigmentation,M1,1,0
1,-3.8,GO:0003013,circulatory system process,M1,1,0
1,-3.9,GO:1900271,regulation of long-term synaptic potentiation,M1,1,0
1,-3.1,R-HSA-6807878,COPI-mediated anterograde transport,M1,1,0
1,-3.4,GO:0034599,cellular response to oxidative stress,M1,1,0
1,-2.2,WP1971,Integrated cancer pathway,M1,1,0
1,-2,WP2858,Ectoderm differentiation,M1,1,0
1,-4.5,GO:0048729,tissue morphogenesis,M1,1,0
1,-2.8,GO:0006936,muscle contraction,M1,1,0
1,-2.3,GO:0097529,myeloid leukocyte migration,M1,1,0
1,-2.3,WP127,IL5 signaling,M1,1,0
1,-3.6,GO:0006914,autophagy,M1,1,0
1,-11,GO:0044089,positive regulation of cellular component biogenesis,M1,1,0
1,-2.5,GO:0043001,Golgi to plasma membrane protein transport,M1,1,0
1,-3.1,R-HSA-3000171,Non-integrin membrane-ECM interactions,M1,1,0
1,-2.7,hsa05167,Kaposi sarcoma-associated herpesvirus infection,M1,1,0
1,-3.6,GO:0050801,monoatomic ion homeostasis,M1,1,0
1,-2.5,GO:0043462,regulation of ATP-dependent activity,M1,1,0
1,-6.4,GO:0003179,heart valve morphogenesis,M1,1,0
1,-2.2,GO:0051259,protein complex oligomerization,M1,1,0
1,-3.2,GO:0007098,centrosome cycle,M1,1,0
1,-2.7,GO:1901077,regulation of relaxation of muscle,M1,1,0
1,-2.9,WP306,Focal adhesion,M1,1,0
1,-2.2,GO:0021957,corticospinal tract morphogenesis,M1,1,0
1,-2.5,GO:0051048,negative regulation of secretion,M1,1,0
1,-7.6,GO:0000377,"RNA splicing, via transesterification reactions with bulged adenosine as nucleophile",M1,1,0
1,-2.1,GO:0009636,response to toxic substance,M1,1,0
1,-4.6,GO:0070142,synaptic vesicle budding,M1,1,0
1,-3.7,hsa04015,Rap1 signaling pathway,M1,1,0
1,-4.5,GO:0070372,regulation of ERK1 and ERK2 cascade,M1,1,0
1,-2.4,GO:0007008,outer mitochondrial membrane organization,M1,1,0
1,-2.2,WP4666,Hepatitis B infection,M1,1,0
1,-3.2,GO:0072332,intrinsic apoptotic signaling pathway by p53 class mediator,M1,1,0
1,-2.4,R-HSA-2559580,Oxidative Stress Induced Senescence,M1,1,0
1,-3.2,GO:1903540,establishment of protein localization to postsynaptic membrane,M1,1,0
1,-5.9,GO:0003170,heart valve development,M1,1,0
1,-2,WP5353,Macrophage stimulating protein MSP signaling,M1,1,0
1,-4.1,GO:0046395,carboxylic acid catabolic process,M1,1,0
1,-2.2,GO:0075525,viral translational termination-reinitiation,M1,1,0
1,-7,hsa04371,Apelin signaling pathway,M1,1,0
1,-2.4,GO:0034765,regulation of monoatomic ion transmembrane transport,M1,1,0
1,-2.5,GO:0090224,regulation of spindle organization,M1,1,0
1,-4.6,GO:0021700,developmental maturation,M1,1,0
1,-5.6,GO:0007416,synapse assembly,M1,1,0
1,-3.1,R-HSA-8875878,MET promotes cell motility,M1,1,0
1,-3.2,hsa04750,Inflammatory mediator regulation of TRP channels,M1,1,0
1,-2.1,WP4022,Pyrimidine metabolism,M1,1,0
1,-2.1,GO:0048660,regulation of smooth muscle cell proliferation,M1,1,0
1,-2.1,GO:0003382,epithelial cell morphogenesis,M1,1,0
1,-2.8,WP4549,Fragile X syndrome,M1,1,0
1,-4.7,R-HSA-111885,Opioid Signalling,M1,1,0
1,-2.4,GO:1902742,apoptotic process involved in development,M1,1,0
1,-4.5,GO:0090596,sensory organ morphogenesis,M1,1,0
1,-2.3,WP5366,NF1 copy number variation syndrome,M1,1,0
1,-4.3,GO:0008033,tRNA processing,M1,1,0
1,-3.5,GO:0003171,atrioventricular valve development,M1,1,0
1,-2.6,GO:0055001,muscle cell development,M1,1,0
1,-3.2,GO:0098887,"neurotransmitter receptor transport, endosome to postsynaptic membrane",M1,1,0
1,-2.5,GO:0030490,maturation of SSU-rRNA,M1,1,0
1,-2.7,GO:0071887,leukocyte apoptotic process,M1,1,0
1,-2.9,GO:0048873,homeostasis of number of cells within a tissue,M1,1,0
1,-3.6,GO:0051495,positive regulation of cytoskeleton organization,M1,1,0
1,-2.2,GO:0006000,fructose metabolic process,M1,1,0
1,-2.5,GO:0031163,metallo-sulfur cluster assembly,M1,1,0
1,-7.1,GO:0051640,organelle localization,M1,1,0
1,-2.1,GO:0045670,regulation of osteoclast differentiation,M1,1,0
1,-3.1,hsa04141,Protein processing in endoplasmic reticulum,M1,1,0
1,-3.6,GO:0061919,process utilizing autophagic mechanism,M1,1,0
1,-8.4,GO:0072659,protein localization to plasma membrane,M1,1,0
1,-3.1,CORUM:6777,SCRIB-NOS1AP-VANGL1 complex,M1,1,0
1,-2.4,GO:0030091,protein repair,M1,1,0
1,-4,GO:0030003,intracellular monoatomic cation homeostasis,M1,1,0
1,-3.9,GO:0003205,cardiac chamber development,M1,1,0
1,-2.2,GO:0034551,mitochondrial respiratory chain complex III assembly,M1,1,0
1,-2.2,GO:0099641,anterograde axonal protein transport,M1,1,0
1,-2.1,GO:0071404,cellular response to low-density lipoprotein particle stimulus,M1,1,0
1,-3.2,GO:0043123,positive regulation of canonical NF-kappaB signal transduction,M1,1,0
1,-2.2,GO:0035710,"CD4-positive, alpha-beta T cell activation",M1,1,0
1,-2.3,GO:0048015,phosphatidylinositol-mediated signaling,M1,1,0
1,-3,GO:0006879,intracellular iron ion homeostasis,M1,1,0
1,-6,GO:0051962,positive regulation of nervous system development,M1,1,0
1,-4.1,R-HSA-5617833,Cilium Assembly,M1,1,0
1,-4.6,GO:0097435,supramolecular fiber organization,M1,1,0
1,-2.2,GO:0045454,cell redox homeostasis,M1,1,0
1,-6.7,GO:0150063,visual system development,M1,1,0
1,-2.2,GO:0120034,positive regulation of plasma membrane bounded cell projection assembly,M1,1,0
1,-3.8,R-HSA-9845323,Regulation of endogenous retroelements by Piwi-interacting RNAs (piRNAs),M1,1,0
1,-2.2,GO:0007032,endosome organization,M1,1,0
1,-2.5,GO:0006486,protein glycosylation,M1,1,0
1,-8.2,GO:0047496,vesicle transport along microtubule,M1,1,0
1,-3.7,GO:0010506,regulation of autophagy,M1,1,0
1,-2,GO:0048227,plasma membrane to endosome transport,M1,1,0
1,-2.7,GO:0015931,nucleobase-containing compound transport,M1,1,0
1,-4.6,GO:0008089,anterograde axonal transport,M1,1,0
1,-2.5,R-HSA-9931953,Biofilm formation,M1,1,0
1,-2.2,GO:0007015,actin filament organization,M1,1,0
1,-2.6,GO:0120161,regulation of cold-induced thermogenesis,M1,1,0
1,-3,CORUM:7557,LGR4-RSPO supercomplex,M1,1,0
1,-2,GO:0051651,maintenance of location in cell,M1,1,0
1,-2.9,GO:0008203,cholesterol metabolic process,M1,1,0
1,-5.4,GO:0051098,regulation of binding,M1,1,0
1,-3.7,GO:0018193,peptidyl-amino acid modification,M1,1,0
1,-3.2,GO:0097479,synaptic vesicle localization,M1,1,0
1,-3.9,R-HSA-68877,Mitotic Prometaphase,M1,1,0
1,-2.5,GO:0043550,regulation of lipid kinase activity,M1,1,0
1,-2.5,GO:0005976,polysaccharide metabolic process,M1,1,0
1,-3.9,R-HSA-168138,Toll Like Receptor 9 (TLR9) Cascade,M1,1,0
1,-2.5,GO:0042321,"negative regulation of circadian sleep/wake cycle, sleep",M1,1,0
1,-2,hsa04724,Glutamatergic synapse,M1,1,0
1,-2.5,M122,PID IL2 1PATHWAY,M1,1,0
1,-2,GO:0006625,protein targeting to peroxisome,M1,1,0
1,-4.7,R-HSA-390466,Chaperonin-mediated protein folding,M1,1,0
1,-2.4,GO:0072331,signal transduction by p53 class mediator,M1,1,0
1,-4.1,hsa04024,cAMP signaling pathway,M1,1,0
1,-2.2,GO:0046496,nicotinamide nucleotide metabolic process,M1,1,0
1,-4,GO:0099638,endosome to plasma membrane protein transport,M1,1,0
1,-13,GO:0031344,regulation of cell projection organization,M1,1,0
1,-2.3,WP49,IL2 signaling,M1,1,0
1,-2.2,GO:0070168,negative regulation of biomineral tissue development,M1,1,0
1,-3,GO:0045446,endothelial cell differentiation,M1,1,0
1,-2.7,R-HSA-2142753,Arachidonate metabolism,M1,1,0
1,-2.2,GO:0099640,axo-dendritic protein transport,M1,1,0
1,-2.2,GO:1902117,positive regulation of organelle assembly,M1,1,0
1,-3.5,GO:0051299,centrosome separation,M1,1,0
1,-3.4,hsa04934,Cushing syndrome,M1,1,0
1,-2.5,GO:0008217,regulation of blood pressure,M1,1,0
1,-3.3,R-HSA-445355,Smooth Muscle Contraction,M1,1,0
1,-2.4,R-HSA-9610379,HCMV Late Events,M1,1,0
1,-5.6,GO:0010720,positive regulation of cell development,M1,1,0
1,-2.7,M5193,SIG CHEMOTAXIS,M1,1,0
1,-4.1,GO:1990138,neuron projection extension,M1,1,0
1,-2.6,WP4263,Pancreatic adenocarcinoma pathway,M1,1,0
1,-6.1,GO:0006281,DNA repair,M1,1,0
1,-2,GO:0007093,mitotic cell cycle checkpoint signaling,M1,1,0
1,-2.2,WP5215,Targeted agents in triple negative breast cancer,M1,1,0
1,-2.7,R-HSA-6787450,tRNA modification in the mitochondrion,M1,1,0
1,-2.2,R-HSA-9937383,Mitochondrial ribosome-associated quality control,M1,1,0
1,-4.5,GO:0003176,aortic valve development,M1,1,0
1,-3.2,GO:0032228,"regulation of synaptic transmission, GABAergic",M1,1,0
1,-2.2,GO:1902969,mitotic DNA replication,M1,1,0
1,-4.8,GO:2000010,positive regulation of protein localization to cell surface,M1,1,0
1,-2.4,R-HSA-9033241,Peroxisomal protein import,M1,1,0
1,-2.7,GO:0045217,cell-cell junction maintenance,M1,1,0
1,-5.2,GO:0001568,blood vessel development,M1,1,0
1,-5.1,GO:0009416,response to light stimulus,M1,1,0
1,-2,R-HSA-170660,Adenylate cyclase activating pathway,M1,1,0
1,-4.9,GO:0009792,embryo development ending in birth or egg hatching,M1,1,0
1,-2.3,GO:0016052,carbohydrate catabolic process,M1,1,0
1,-3,GO:0016311,dephosphorylation,M1,1,0
1,-2.7,R-HSA-199977,ER to Golgi Anterograde Transport,M1,1,0
1,-3.8,R-HSA-8951664,Neddylation,M1,1,0
1,-2.3,GO:0006359,regulation of transcription by RNA polymerase III,M1,1,0
1,-2.5,R-HSA-9018676,Biosynthesis of D-series resolvins,M1,1,0
1,-2.5,GO:1901841,regulation of high voltage-gated calcium channel activity,M1,1,0
1,-2.6,GO:0030522,intracellular receptor signaling pathway,M1,1,0
1,-3.8,WP2034,Leptin signaling,M1,1,0
1,-7,GO:0010256,endomembrane system organization,M1,1,0
1,-2.3,GO:0042471,ear morphogenesis,M1,1,0
1,-2.2,CORUM:753,UTM-SGCE-DAG1-CAV1-NOS3 complex,M1,1,0
1,-2.5,GO:0098935,dendritic transport,M1,1,0
1,-3.7,GO:1901184,regulation of ERBB signaling pathway,M1,1,0
1,-3.8,GO:0044093,positive regulation of molecular function,M1,1,0
1,-4.4,GO:0042325,regulation of phosphorylation,M1,1,0
1,-2.4,WP4971,Phosphoinositides metabolism,M1,1,0
1,-2.7,GO:0006937,regulation of muscle contraction,M1,1,0
1,-3.1,CORUM:5495,"CIA targeting (MIP18, CIAO1, MMS19) complex",M1,1,0
1,-3.3,GO:0070316,regulation of G0 to G1 transition,M1,1,0
1,-3.2,GO:0035196,miRNA processing,M1,1,0
1,-2.3,GO:0043583,ear development,M1,1,0
1,-2.1,GO:0009158,ribonucleoside monophosphate catabolic process,M1,1,0
1,-7.1,GO:0098916,anterograde trans-synaptic signaling,M1,1,0
1,-2.2,GO:2000322,regulation of nuclear receptor-mediated glucocorticoid signaling pathway,M1,1,0
1,-2.1,GO:0030968,endoplasmic reticulum unfolded protein response,M1,1,0
1,-3.6,GO:0008088,axo-dendritic transport,M1,1,0
1,-2.4,GO:0035025,positive regulation of Rho protein signal transduction,M1,1,0
1,-2.5,GO:0003321,positive regulation of blood pressure by epinephrine-norepinephrine,M1,1,0
1,-2.7,GO:0015698,inorganic anion transport,M1,1,0
1,-3.4,GO:0072521,purine-containing compound metabolic process,M1,1,0
1,-2.5,WP531,DNA mismatch repair,M1,1,0
1,-6.5,GO:0051603,proteolysis involved in protein catabolic process,M1,1,0
1,-2.2,GO:0046032,ADP catabolic process,M1,1,0
1,-2.7,GO:0006635,fatty acid beta-oxidation,M1,1,0
1,-2.7,GO:0003333,amino acid transmembrane transport,M1,1,0
1,-7.4,GO:0043408,regulation of MAPK cascade,M1,1,0
1,-2,GO:0009137,purine nucleoside diphosphate catabolic process,M1,1,0
1,-3,GO:0002237,response to molecule of bacterial origin,M1,1,0
1,-2,GO:0043414,macromolecule methylation,M1,1,0
1,-2.2,GO:0009446,putrescine biosynthetic process,M1,1,0
1,-2.4,GO:0009172,purine deoxyribonucleoside monophosphate catabolic process,M1,1,0
1,-2.3,GO:1901988,negative regulation of cell cycle phase transition,M1,1,0
1,-2.1,R-HSA-1483249,Inositol phosphate metabolism,M1,1,0
1,-2.1,WP3676,BDNF TrkB signaling,M1,1,0
1,-7.1,GO:0007268,chemical synaptic transmission,M1,1,0
1,-2.3,GO:0030218,erythrocyte differentiation,M1,1,0
1,-12,GO:0120039,plasma membrane bounded cell projection morphogenesis,M1,1,0
1,-2.2,CORUM:210,"Ubiquitin E3 ligase (ASB7, TCEB1, TCEB2, CUL5, RNF7)",M1,1,0
1,-3.2,R-HSA-8982491,Glycogen metabolism,M1,1,0
1,-2.1,M68,PID RHOA REG PATHWAY,M1,1,0
1,-2.1,GO:0007272,ensheathment of neurons,M1,1,0
1,-3,GO:1903531,negative regulation of secretion by cell,M1,1,0
1,-2.6,M5887,NABA BASEMENT MEMBRANES,M1,1,0
1,-2.2,GO:0046209,nitric oxide metabolic process,M1,1,0
1,-2.7,GO:0001188,RNA polymerase I preinitiation complex assembly,M1,1,0
1,-2.3,GO:0072350,tricarboxylic acid metabolic process,M1,1,0
1,-2.2,CORUM:634,XFIM complex,M1,1,0
1,-3,GO:0060249,anatomical structure homeostasis,M1,1,0
1,-2.8,GO:0003279,cardiac septum development,M1,1,0
1,-2.2,GO:0060173,limb development,M1,1,0
1,-2.7,hsa04066,HIF-1 signaling pathway,M1,1,0
1,-2.3,GO:0010508,positive regulation of autophagy,M1,1,0
1,-4.7,hsa04540,Gap junction,M1,1,0
1,-3.2,GO:0003208,cardiac ventricle morphogenesis,M1,1,0
1,-2.7,GO:0070304,positive regulation of stress-activated protein kinase signaling cascade,M1,1,0
1,-2.1,GO:0042147,"retrograde transport, endosome to Golgi",M1,1,0
1,-4.6,GO:0061061,muscle structure development,M1,1,0
1,-6.8,R-HSA-372790,Signaling by GPCR,M1,1,0
1,-2.2,M71,PID ILK PATHWAY,M1,1,0
1,-5.1,WP474,Endochondral ossification,M1,1,0
1,-2.2,GO:0060245,detection of cell density,M1,1,0
1,-2,WP5355,Metabolic epileptic disorders,M1,1,0
1,-11,R-HSA-199991,Membrane Trafficking,M1,1,0
1,-2.5,GO:0009149,pyrimidine nucleoside triphosphate catabolic process,M1,1,0
1,-4.3,R-HSA-9932444,ATP-dependent chromatin remodelers,M1,1,0
1,-2.5,M278,PID RAC1 PATHWAY,M1,1,0
1,-3.8,GO:0071880,adenylate cyclase-activating adrenergic receptor signaling pathway,M1,1,0
1,-2.8,GO:0051251,positive regulation of lymphocyte activation,M1,1,0
1,-3.1,WP2005,miR targeted genes in muscle cell,M1,1,0
1,-2.3,R-HSA-73854,RNA Polymerase I Promoter Clearance,M1,1,0
1,-2.9,WP4222,Phosphodiesterases in neuronal function,M1,1,0
1,-2.6,GO:0071695,anatomical structure maturation,M1,1,0
1,-7.6,GO:0099518,vesicle cytoskeletal trafficking,M1,1,0
1,-2.1,GO:0072080,nephron tubule development,M1,1,0
1,-5.2,WP3915,Angiopoietin like protein 8 regulatory pathway,M1,1,0
1,-4,GO:0050890,cognition,M1,1,0
1,-3.5,GO:1903557,positive regulation of tumor necrosis factor superfamily cytokine production,M1,1,0
1,-4.3,R-HSA-983169,Class I MHC mediated antigen processing & presentation,M1,1,0
1,-4.6,R-HSA-422475,Axon guidance,M1,1,0
1,-3.7,GO:0048661,positive regulation of smooth muscle cell proliferation,M1,1,0
1,-3.2,GO:0035023,regulation of Rho protein signal transduction,M1,1,0
1,-2.3,R-HSA-9759476,Regulation of Homotypic Cell-Cell Adhesion,M1,1,0
1,-2.5,GO:0001754,eye photoreceptor cell differentiation,M1,1,0
1,-3.9,GO:0043068,positive regulation of programmed cell death,M1,1,0
1,-2.1,GO:0055094,response to lipoprotein particle,M1,1,0
1,-3.3,GO:0045937,positive regulation of phosphate metabolic process,M1,1,0
1,-6,GO:0042391,regulation of membrane potential,M1,1,0
1,-2.7,GO:0042110,T cell activation,M1,1,0
1,-2.2,WP524,G13 signaling,M1,1,0
1,-2.1,GO:0006813,potassium ion transport,M1,1,0
1,-5.1,R-HSA-397014,Muscle contraction,M1,1,0
1,-2.3,R-HSA-5389840,Mitochondrial translation elongation,M1,1,0
1,-7.2,GO:0006897,endocytosis,M1,1,0
1,-3.3,R-HSA-420499,Class C/3 (Metabotropic glutamate/pheromone receptors),M1,1,0
1,-2.7,GO:0006631,fatty acid metabolic process,M1,1,0
1,-4.8,GO:0030900,forebrain development,M1,1,0
1,-3.6,GO:0062237,protein localization to postsynapse,M1,1,0
1,-2.1,hsa04211,Longevity regulating pathway,M1,1,0
1,-3.8,GO:0003203,endocardial cushion morphogenesis,M1,1,0
1,-3.5,R-HSA-421270,Cell-cell junction organization,M1,1,0
1,-3.5,R-HSA-9013149,RAC1 GTPase cycle,M1,1,0
1,-2.1,GO:0034764,positive regulation of transmembrane transport,M1,1,0
1,-2.1,GO:0000075,cell cycle checkpoint signaling,M1,1,0
1,-2.1,GO:0003413,chondrocyte differentiation involved in endochondral bone morphogenesis,M1,1,0
1,-3.2,GO:1903076,regulation of protein localization to plasma membrane,M1,1,0
1,-3.2,R-HSA-3781865,Diseases of glycosylation,M1,1,0
1,-3,GO:0001894,tissue homeostasis,M1,1,0
1,-2,R-HSA-164940,Nef mediated downregulation of MHC class I complex cell surface expression,M1,1,0
1,-5.3,hsa04713,Circadian entrainment,M1,1,0
1,-4,GO:0006399,tRNA metabolic process,M1,1,0
1,-4.9,GO:0048593,camera-type eye morphogenesis,M1,1,0
1,-4,WP2374,Oncostatin M signaling,M1,1,0
1,-2,GO:0045582,positive regulation of T cell differentiation,M1,1,0
1,-2,R-HSA-73762,RNA Polymerase I Transcription Initiation,M1,1,0
1,-5.8,GO:0022613,ribonucleoprotein complex biogenesis,M1,1,0
1,-5.4,GO:0097190,apoptotic signaling pathway,M1,1,0
1,-2.6,R-HSA-141444,Amplification  of signal from unattached  kinetochores via a MAD2  inhibitory signal,M1,1,0
1,-4.3,R-HSA-8856828,Clathrin-mediated endocytosis,M1,1,0
1,-2.9,hsa04110,Cell cycle,M1,1,0
1,-2.4,GO:0051260,protein homooligomerization,M1,1,0
1,-3.8,GO:0099111,microtubule-based transport,M1,1,0
1,-2.5,WP4153,Degradation pathway of sphingolipids including diseases,M1,1,0
1,-2.5,GO:0000724,double-strand break repair via homologous recombination,M1,1,0
1,-9.2,GO:0080135,regulation of cellular response to stress,M1,1,0
1,-5.3,GO:0006979,response to oxidative stress,M1,1,0
1,-4.2,R-HSA-9013405,RHOD GTPase cycle,M1,1,0
1,-2.1,GO:0001824,blastocyst development,M1,1,0
1,-7.1,GO:0050807,regulation of synapse organization,M1,1,0
1,-4,GO:0090151,establishment of protein localization to mitochondrial membrane,M1,1,0
1,-3.1,GO:0030178,negative regulation of Wnt signaling pathway,M1,1,0
1,-3.2,GO:1901950,dense core granule transport,M1,1,0
1,-2.1,hsa05235,PD-L1 expression and PD-1 checkpoint pathway in cancer,M1,1,0
1,-2.3,GO:0170062,nutrient storage,M1,1,0
1,-3.2,GO:0045600,positive regulation of fat cell differentiation,M1,1,0
1,-2.1,M156,PID ECADHERIN NASCENT AJ PATHWAY,M1,1,0
1,-2.1,GO:0030902,hindbrain development,M1,1,0
1,-4.1,GO:0009895,negative regulation of catabolic process,M1,1,0
1,-6,GO:0061951,establishment of protein localization to plasma membrane,M1,1,0
1,-6.7,WP5087,Pleural mesothelioma,M1,1,0
1,-6,GO:0090066,regulation of anatomical structure size,M1,1,0
1,-3.5,GO:0048638,regulation of developmental growth,M1,1,0
1,-3.8,GO:0006986,response to unfolded protein,M1,1,0
1,-2.4,GO:0001825,blastocyst formation,M1,1,0
1,-5.1,WP2004,miR targeted genes in lymphocytes,M1,1,0
1,-2.8,R-HSA-389960,Formation of tubulin folding intermediates by CCT/TriC,M1,1,0
1,-2.8,GO:0035924,cellular response to vascular endothelial growth factor stimulus,M1,1,0
1,-3.3,R-HSA-9840310,Glycosphingolipid catabolism,M1,1,0
1,-2.4,GO:0051054,positive regulation of DNA metabolic process,M1,1,0
1,-2.2,R-HSA-1445148,Translocation of SLC2A4 (GLUT4) to the plasma membrane,M1,1,0
1,-3.2,GO:0031023,microtubule organizing center organization,M1,1,0
1,-3.6,GO:0003012,muscle system process,M1,1,0
1,-2.1,GO:0045665,negative regulation of neuron differentiation,M1,1,0
1,-3.5,GO:0070525,tRNA threonylcarbamoyladenosine metabolic process,M1,1,0
1,-5.3,GO:0016358,dendrite development,M1,1,0
1,-2,GO:0000492,box C/D snoRNP assembly,M1,1,0
1,-2.4,R-HSA-2426168,Activation of gene expression by SREBF (SREBP),M1,1,0
1,-4.5,GO:0065004,protein-DNA complex assembly,M1,1,0
1,-4.4,R-HSA-975155,MyD88 dependent cascade initiated on endosome,M1,1,0
1,-2,CORUM:123,Rnase/Mrp complex,M1,1,0
1,-2.4,R-HSA-202131,Metabolism of nitric oxide: NOS3 activation and regulation,M1,1,0
1,-2.5,WP5546,22q11 2 distal CNV,M1,1,0
1,-3.3,R-HSA-1852241,Organelle biogenesis and maintenance,M1,1,0
1,-4.6,R-HSA-2132295,MHC class II antigen presentation,M1,1,0
1,-3.1,GO:0070918,regulatory ncRNA processing,M1,1,0
1,-2.8,GO:0097193,intrinsic apoptotic signaling pathway,M1,1,0
1,-3.6,WP706,Sudden infant death syndrome SIDS susceptibility pathways,M1,1,0
1,-3.3,GO:0030198,extracellular matrix organization,M1,1,0
1,-2,CORUM:1239,EBAFb complex,M1,1,0
1,-6.9,hsa05132,Salmonella infection,M1,1,0
1,-3.1,GO:0045638,negative regulation of myeloid cell differentiation,M1,1,0
1,-3,WP4016,DNA IR damage and cellular response via ATR,M1,1,0
1,-3,WP585,Interferon type I signaling,M1,1,0
1,-2.5,GO:0021782,glial cell development,M1,1,0
1,-3.5,R-HSA-9856651,MITF-M-dependent gene expression,M1,1,0
1,-3.8,R-HSA-416700,Other semaphorin interactions,M1,1,0
1,-2.3,GO:0046058,cAMP metabolic process,M1,1,0
1,-2.1,GO:1903900,regulation of viral life cycle,M1,1,0
1,-4.8,R-HSA-391251,Protein folding,M1,1,0
1,-3.9,GO:0008654,phospholipid biosynthetic process,M1,1,0
1,-3.1,GO:1903555,regulation of tumor necrosis factor superfamily cytokine production,M1,1,0
1,-2.4,WP4746,Thyroid hormones production and peripheral downstream signaling effects,M1,1,0
1,-2.3,hsa04120,Ubiquitin mediated proteolysis,M1,1,0
1,-4.8,GO:0000165,MAPK cascade,M1,1,0
1,-2.6,GO:0048639,positive regulation of developmental growth,M1,1,0
1,-3.5,GO:0031290,retinal ganglion cell axon guidance,M1,1,0
1,-4.3,hsa03030,DNA replication,M1,1,0
1,-4.2,R-HSA-73893,DNA Damage Bypass,M1,1,0
1,-4.1,GO:0046486,glycerolipid metabolic process,M1,1,0
1,-2.7,GO:0009191,ribonucleoside diphosphate catabolic process,M1,1,0
1,-6.8,R-HSA-72203,Processing of Capped Intron-Containing Pre-mRNA,M1,1,0
1,-2,GO:0006661,phosphatidylinositol biosynthetic process,M1,1,0
1,-2.3,GO:0141005,transposable element silencing by heterochromatin formation,M1,1,0
1,-2.5,WP5465,Fanconi anemia,M1,1,0
1,-5.1,GO:0071363,cellular response to growth factor stimulus,M1,1,0
1,-4.4,GO:0140694,membraneless organelle assembly,M1,1,0
1,-7.6,GO:0043087,regulation of GTPase activity,M1,1,0
1,-3.5,GO:0031643,positive regulation of myelination,M1,1,0
1,-4.1,WP411,mRNA processing,M1,1,0
1,-3.6,GO:0008589,regulation of smoothened signaling pathway,M1,1,0
1,-2.8,hsa04071,Sphingolipid signaling pathway,M1,1,0
1,-2.7,R-HSA-2467813,Separation of Sister Chromatids,M1,1,0
1,-3.7,GO:0000255,allantoin metabolic process,M1,1,0
1,-3.2,WP5124,Alzheimer 39 s disease,M1,1,0
1,-2.7,GO:0032252,secretory granule localization,M1,1,0
1,-2.8,GO:0060828,regulation of canonical Wnt signaling pathway,M1,1,0
1,-3.3,GO:0006694,steroid biosynthetic process,M1,1,0
1,-2.7,GO:0050806,positive regulation of synaptic transmission,M1,1,0
1,-2.1,WP205,IL7 signaling,M1,1,0
1,-2.5,R-HSA-9717189,Sensory perception of taste,M1,1,0
1,-2.7,hsa04114,Oocyte meiosis,M1,1,0
1,-2.3,GO:0000819,sister chromatid segregation,M1,1,0
1,-2.3,R-HSA-193704,p75 NTR receptor-mediated signalling,M1,1,0
1,-2.5,R-HSA-1655829,Regulation of cholesterol biosynthesis by SREBP (SREBF),M1,1,0
1,-2.8,GO:0009259,ribonucleotide metabolic process,M1,1,0
1,-3,R-HSA-8956319,Nucleotide catabolism,M1,1,0
1,-4.6,hsa05225,Hepatocellular carcinoma,M1,1,0
1,-4.4,R-HSA-9833482,PKR-mediated signaling,M1,1,0
1,-5.1,GO:0060560,developmental growth involved in morphogenesis,M1,1,0
1,-2,CORUM:86,NUMAC complex (nucleosomal methylation activator complex),M1,1,0
1,-2.2,hsa05170,Human immunodeficiency virus 1 infection,M1,1,0
1,-2.9,R-HSA-1489509,DAG and IP3 signaling,M1,1,0
1,-2.1,GO:0007266,Rho protein signal transduction,M1,1,0
1,-2.7,R-HSA-111996,Ca-dependent events,M1,1,0
1,-2.9,hsa05414,Dilated cardiomyopathy,M1,1,0
1,-2.5,GO:1990089,response to nerve growth factor,M1,1,0
1,-2.6,M211,PID HEDGEHOG 2PATHWAY,M1,1,0
1,-2.2,R-HSA-8939243,RUNX1 interacts with co-factors whose precise effect on RUNX1 targets is not known,M1,1,0
1,-3.1,GO:0071888,macrophage apoptotic process,M1,1,0
1,-2.4,GO:0043279,response to alkaloid,M1,1,0
1,-2.3,WP2018,RANKL RANK signaling,M1,1,0
1,-2.9,GO:0018209,peptidyl-serine modification,M1,1,0
1,-3.2,WP4659,Gastrin signaling,M1,1,0
1,-3.8,GO:1901185,negative regulation of ERBB signaling pathway,M1,1,0
1,-2.2,R-HSA-9705677,SARS-CoV-2 targets PDZ proteins in cell-cell junction,M1,1,0
1,-3.2,GO:0006468,protein phosphorylation,M1,1,0
1,-2.2,GO:0062043,positive regulation of cardiac epithelial to mesenchymal transition,M1,1,0
1,-2.7,GO:0061053,somite development,M1,1,0
1,-2.4,GO:0006527,L-arginine catabolic process,M1,1,0
1,-3.1,R-HSA-163685,Integration of energy metabolism,M1,1,0
1,-3.9,hsa04915,Estrogen signaling pathway,M1,1,0
1,-4.1,GO:0090407,organophosphate biosynthetic process,M1,1,0
1,-5.7,GO:0007610,behavior,M1,1,0
1,-3.3,WP2263,Androgen receptor network in prostate cancer,M1,1,0
1,-7,R-HSA-1640170,Cell Cycle,M1,1,0
1,-2.4,GO:1900103,positive regulation of endoplasmic reticulum unfolded protein response,M1,1,0
1,-2.5,GO:0060742,epithelial cell differentiation involved in prostate gland development,M1,1,0
1,-3,R-HSA-9674555,Signaling by CSF3 (G-CSF),M1,1,0
1,-5,hsa04922,Glucagon signaling pathway,M1,1,0
1,-2.1,GO:0034620,cellular response to unfolded protein,M1,1,0
1,-4.6,R-HSA-112314,Neurotransmitter receptors and postsynaptic signal transmission,M1,1,0
1,-2.1,GO:0002028,regulation of sodium ion transport,M1,1,0
1,-2.2,GO:0097176,epoxide metabolic process,M1,1,0
1,-2.2,R-HSA-5173214,O-glycosylation of TSR domain-containing proteins,M1,1,0
1,-3.8,GO:0140238,presynaptic endocytosis,M1,1,0
1,-9.7,GO:0072594,establishment of protein localization to organelle,M1,1,0
1,-2.2,WP4536,Genes related to primary cilium development based on CRISPR,M1,1,0
1,-2.5,GO:0120032,regulation of plasma membrane bounded cell projection assembly,M1,1,0
1,-2.9,R-HSA-195721,Signaling by WNT,M1,1,0
1,-2.7,GO:0031644,regulation of nervous system process,M1,1,0
1,-2.8,GO:1990849,vacuolar localization,M1,1,0
1,-2.9,GO:1904037,positive regulation of epithelial cell apoptotic process,M1,1,0
1,-2.9,hsa00604,Glycosphingolipid biosynthesis - ganglio series,M1,1,0
1,-2.1,GO:0009062,fatty acid catabolic process,M1,1,0
1,-2.5,GO:0048490,anterograde synaptic vesicle transport,M1,1,0
1,-3.7,hsa05418,Fluid shear stress and atherosclerosis,M1,1,0
1,-2.2,GO:0071679,commissural neuron axon guidance,M1,1,0
1,-3.1,R-HSA-9717207,"Sensory perception of sweet, bitter, and umami (glutamate) taste",M1,1,0
1,-3.4,R-HSA-73894,DNA Repair,M1,1,0
1,-3.4,R-HSA-112040,G-protein mediated events,M1,1,0
1,-2.6,GO:0050900,leukocyte migration,M1,1,0
1,-5.3,R-HSA-6804114,TP53 Regulates Transcription of Genes Involved in G2 Cell Cycle Arrest,M1,1,0
1,-2.5,R-HSA-373753,Nephrin family interactions,M1,1,0
1,-3.1,GO:1905604,negative regulation of blood-brain barrier permeability,M1,1,0
1,-2.1,GO:0061035,regulation of cartilage development,M1,1,0
1,-6.6,R-HSA-2564830,Cytosolic iron-sulfur cluster assembly,M1,1,0
1,-4.1,GO:0045859,regulation of protein kinase activity,M1,1,0
1,-2.8,GO:0001933,negative regulation of protein phosphorylation,M1,1,0
1,-2.1,GO:0006874,intracellular calcium ion homeostasis,M1,1,0
1,-4.2,GO:0045785,positive regulation of cell adhesion,M1,1,0
1,-3.1,WP4216,Chromosomal and microsatellite instability in colorectal cancer,M1,1,0
1,-2.2,GO:0042632,cholesterol homeostasis,M1,1,0
1,-2.2,GO:0017062,respiratory chain complex III assembly,M1,1,0
1,-2.1,GO:0000956,nuclear-transcribed mRNA catabolic process,M1,1,0
1,-2.9,R-HSA-9663891,Selective autophagy,M1,1,0
1,-2.4,GO:0043489,RNA stabilization,M1,1,0
1,-2.1,GO:0048753,pigment granule organization,M1,1,0
1,-3.4,hsa00052,Galactose metabolism,M1,1,0
1,-4.8,GO:0048193,Golgi vesicle transport,M1,1,0
1,-2.6,hsa04380,Osteoclast differentiation,M1,1,0
1,-2.5,GO:2000310,regulation of NMDA receptor activity,M1,1,0
1,-3.5,GO:2001222,regulation of neuron migration,M1,1,0
1,-6,GO:0016050,vesicle organization,M1,1,0
1,-4,hsa04022,cGMP-PKG signaling pathway,M1,1,0
1,-2.4,WP4262,Breast cancer pathway,M1,1,0
1,-3,GO:0009134,nucleoside diphosphate catabolic process,M1,1,0
1,-2.5,GO:0099514,synaptic vesicle cytoskeletal transport,M1,1,0
1,-2.5,WP536,Calcium regulation in cardiac cells,M1,1,0
1,-4.6,R-HSA-110313,Translesion synthesis by Y family DNA polymerases bypasses lesions on DNA template,M1,1,0
1,-2.7,hsa05224,Breast cancer,M1,1,0
1,-8.3,GO:1990778,protein localization to cell periphery,M1,1,0
1,-2.9,GO:0051236,establishment of RNA localization,M1,1,0
1,-2.1,R-HSA-5620924,Intraflagellar transport,M1,1,0
1,-3.2,GO:0098877,neurotransmitter receptor transport to plasma membrane,M1,1,0
1,-5,GO:0031345,negative regulation of cell projection organization,M1,1,0
1,-2.2,GO:0090257,regulation of muscle system process,M1,1,0
1,-2.2,GO:0150099,neuron-glial cell signaling,M1,1,0
1,-3.1,R-HSA-418597,G alpha (z) signalling events,M1,1,0
1,-3.3,GO:0006366,transcription by RNA polymerase II,M1,1,0
1,-3.6,GO:0045926,negative regulation of growth,M1,1,0
1,-3.7,GO:0010638,positive regulation of organelle organization,M1,1,0
1,-2.5,R-HSA-1474151,"Tetrahydrobiopterin (BH4) synthesis, recycling, salvage and regulation",M1,1,0
1,-2.4,hsa05161,Hepatitis B,M1,1,0
1,-4.2,GO:1902903,regulation of supramolecular fiber organization,M1,1,0
1,-6.5,R-HSA-9006934,Signaling by Receptor Tyrosine Kinases,M1,1,0
1,-3.6,GO:0034976,response to endoplasmic reticulum stress,M1,1,0
1,-2.5,GO:0071168,protein localization to chromatin,M1,1,0
1,-3.8,GO:0034762,regulation of transmembrane transport,M1,1,0
1,-3.1,GO:0048814,regulation of dendrite morphogenesis,M1,1,0
1,-4.3,GO:0085020,protein K6-linked ubiquitination,M1,1,0
1,-3.8,GO:0072006,nephron development,M1,1,0
1,-2.7,GO:0042692,muscle cell differentiation,M1,1,0
1,-3.5,GO:2000008,regulation of protein localization to cell surface,M1,1,0
1,-3.2,GO:0062197,cellular response to chemical stress,M1,1,0
1,-3,GO:0070897,transcription preinitiation complex assembly,M1,1,0
1,-2.4,GO:0060242,contact inhibition,M1,1,0
1,-3.9,R-HSA-8980692,RHOA GTPase cycle,M1,1,0
1,-2.5,GO:0061448,connective tissue development,M1,1,0
1,-2.8,GO:0048844,artery morphogenesis,M1,1,0
1,-6.5,GO:0007167,enzyme-linked receptor protein signaling pathway,M1,1,0
1,-10,GO:0032446,protein modification by small protein conjugation,M1,1,0
1,-5.3,GO:0050768,negative regulation of neurogenesis,M1,1,0
1,-2,R-HSA-354192,Integrin signaling,M1,1,0
1,-2.5,CORUM:1379,GALNS-lysosomal hydrolase 1.27 MDa complex,M1,1,0
1,-2.4,GO:0009101,glycoprotein biosynthetic process,M1,1,0
1,-5,hsa04360,Axon guidance,M1,1,0
1,-2.5,GO:0043413,macromolecule glycosylation,M1,1,0
1,-5.4,GO:0001701,in utero embryonic development,M1,1,0
1,-4.7,GO:0046903,secretion,M1,1,0
1,-2.1,GO:0045880,positive regulation of smoothened signaling pathway,M1,1,0
1,-2,GO:0043491,phosphatidylinositol 3-kinase/protein kinase B signal transduction,M1,1,0
1,-4.5,WP4352,Ciliary landscape,M1,1,0
1,-4.2,GO:0030099,myeloid cell differentiation,M1,1,0
1,-2.1,GO:1902369,negative regulation of RNA catabolic process,M1,1,0
1,-2.5,GO:1902292,cell cycle DNA replication initiation,M1,1,0
1,-4.3,GO:0009261,ribonucleotide catabolic process,M1,1,0
1,-2.7,WP3929,Chemokine signaling,M1,1,0
1,-3.8,GO:0104004,cellular response to environmental stimulus,M1,1,0
1,-4.5,GO:0040017,positive regulation of locomotion,M1,1,0
1,-7.8,GO:0051493,regulation of cytoskeleton organization,M1,1,0
1,-10,GO:0050790,regulation of catalytic activity,M1,1,0
1,-3.6,hsa05022,Pathways of neurodegeneration - multiple diseases,M1,1,0
1,-4.3,R-HSA-166166,MyD88-independent TLR4 cascade,M1,1,0
1,-2.9,GO:0030308,negative regulation of cell growth,M1,1,0
1,-2.2,GO:0018216,peptidyl-arginine methylation,M1,1,0
1,-9.5,R-HSA-8953854,Metabolism of RNA,M1,1,0
1,-2.9,GO:0072526,pyridine-containing compound catabolic process,M1,1,0
1,-5.6,GO:0045596,negative regulation of cell differentiation,M1,1,0
1,-2.2,GO:0001895,retina homeostasis,M1,1,0
1,-2.3,WP5402,10q22q23 copy number variation,M1,1,0
1,-2.5,GO:0042026,protein refolding,M1,1,0
1,-3.5,R-HSA-168176,Toll Like Receptor 5 (TLR5) Cascade,M1,1,0
1,-2.3,GO:1900273,positive regulation of long-term synaptic potentiation,M1,1,0
1,-2.4,GO:0048839,inner ear development,M1,1,0
1,-3.5,GO:0099550,"trans-synaptic signaling, modulating synaptic transmission",M1,1,0
1,-2.4,GO:0035282,segmentation,M1,1,0
1,-3.5,GO:0070507,regulation of microtubule cytoskeleton organization,M1,1,0
1,-4.2,WP35,G protein signaling,M1,1,0
1,-2.2,R-HSA-9018896,Biosynthesis of E-series 18(S)-resolvins,M1,1,0
1,-2.5,GO:0090158,endoplasmic reticulum membrane organization,M1,1,0
1,-2.6,R-HSA-5663220,RHO GTPases Activate Formins,M1,1,0
1,-2.1,GO:1903580,positive regulation of ATP metabolic process,M1,1,0
1,-3.3,hsa05212,Pancreatic cancer,M1,1,0
1,-3.3,R-HSA-389958,Cooperation of Prefoldin and TriC/CCT  in actin and tubulin folding,M1,1,0
1,-2.3,R-HSA-442755,Activation of NMDA receptors and postsynaptic events,M1,1,0
1,-3,GO:0030534,adult behavior,M1,1,0
1,-2.1,GO:0044818,mitotic G2/M transition checkpoint,M1,1,0
1,-2.8,GO:0046942,carboxylic acid transport,M1,1,0
1,-2.5,R-HSA-9707616,Heme signaling,M1,1,0
1,-3.2,GO:0051100,negative regulation of binding,M1,1,0
1,-4.4,GO:0048592,eye morphogenesis,M1,1,0
1,-2,CORUM:6884,Fanconi anemia FAAP100 complex,M1,1,0
1,-2.3,GO:0006884,cell volume homeostasis,M1,1,0
1,-3.7,GO:0042058,regulation of epidermal growth factor receptor signaling pathway,M1,1,0
1,-2.4,GO:0035967,cellular response to topologically incorrect protein,M1,1,0
1,-2.9,R-HSA-9660821,ADORA2B mediated anti-inflammatory cytokines production,M1,1,0
1,-3,R-HSA-9933946,Formation of the embryonic stem cell BAF (esBAF) complex,M1,1,0
1,-4.3,R-HSA-168188,Toll Like Receptor TLR6:TLR2 Cascade,M1,1,0
1,-5.3,GO:0007346,regulation of mitotic cell cycle,M1,1,0
1,-2.1,GO:0009141,nucleoside triphosphate metabolic process,M1,1,0
1,-13,GO:0048858,cell projection morphogenesis,M1,1,0
1,-2.9,GO:0015980,energy derivation by oxidation of organic compounds,M1,1,0
1,-2,CORUM:2829,RSmad complex,M1,1,0
1,-2.4,GO:0110156,mRNA methylguanosine-cap decapping,M1,1,0
1,-2.5,GO:0055088,lipid homeostasis,M1,1,0
1,-6.9,GO:0051174,regulation of phosphorus metabolic process,M1,1,0
1,-3.3,GO:0001881,receptor recycling,M1,1,0
1,-2.7,R-HSA-9634597,GPER1 signaling,M1,1,0
1,-3.5,GO:0098814,spontaneous synaptic transmission,M1,1,0
1,-2.3,R-HSA-8874081,MET activates PTK2 signaling,M1,1,0
1,-5.7,GO:0043632,modification-dependent macromolecule catabolic process,M1,1,0
1,-2.6,WP5202,Alstrom syndrome,M1,1,0
1,-2.1,GO:0030517,negative regulation of axon extension,M1,1,0
1,-2.9,GO:0110053,regulation of actin filament organization,M1,1,0
1,-5.5,GO:0048762,mesenchymal cell differentiation,M1,1,0
1,-2.3,WP722,Serotonin HTR1 group and FOS pathway,M1,1,0
1,-2.5,hsa04070,Phosphatidylinositol signaling system,M1,1,0
1,-3.3,R-HSA-111931,PKA-mediated phosphorylation of CREB,M1,1,0
1,-2.1,R-HSA-3781860,Diseases associated with N-glycosylation of proteins,M1,1,0
1,-3,M219,PID HEDGEHOG GLI PATHWAY,M1,1,0
1,-2.4,GO:0060711,labyrinthine layer development,M1,1,0
1,-2.4,GO:0003190,atrioventricular valve formation,M1,1,0
1,-4.7,GO:0051301,cell division,M1,1,0
1,-4.3,WP4947,Nitric oxide metabolism in cystic fibrosis,M1,1,0
1,-2.1,GO:0032835,glomerulus development,M1,1,0
1,-3.8,GO:0006887,exocytosis,M1,1,0
1,-2.4,GO:0046415,urate metabolic process,M1,1,0
1,-4.9,GO:0001944,vasculature development,M1,1,0
1,-2.7,GO:0048640,negative regulation of developmental growth,M1,1,0
1,-2.5,CORUM:6640,Phosphorylase kinase complex,M1,1,0
1,-2.5,hsa04970,Salivary secretion,M1,1,0
1,-2.2,GO:0060684,epithelial-mesenchymal cell signaling,M1,1,0
1,-2.5,GO:0034440,lipid oxidation,M1,1,0
1,-5.1,R-HSA-9013423,RAC3 GTPase cycle,M1,1,0
1,-3,WP2037,Prolactin signaling,M1,1,0
1,-2.2,GO:1905603,regulation of blood-brain barrier permeability,M1,1,0
1,-2.9,GO:0032091,negative regulation of protein binding,M1,1,0
1,-5.3,hsa03082,ATP-dependent chromatin remodeling,M1,1,0
1,-4,GO:0071875,adrenergic receptor signaling pathway,M1,1,0
1,-4.7,GO:0051129,negative regulation of cellular component organization,M1,1,0
1,-7,GO:0019220,regulation of phosphate metabolic process,M1,1,0
1,-2.8,R-HSA-6814122,Cooperation of PDCL (PhLP1) and TRiC/CCT in G-protein beta folding,M1,1,0
1,-4.9,GO:0051648,vesicle localization,M1,1,0
1,-2.1,GO:0008366,axon ensheathment,M1,1,0
1,-2.9,GO:0046578,regulation of Ras protein signal transduction,M1,1,0
1,-3.5,GO:0032496,response to lipopolysaccharide,M1,1,0
1,-2.2,GO:0051282,regulation of sequestering of calcium ion,M1,1,0
1,-6.5,GO:0048880,sensory system development,M1,1,0
1,-5.2,R-HSA-432722,Golgi Associated Vesicle Biogenesis,M1,1,0
1,-2.9,GO:1905477,positive regulation of protein localization to membrane,M1,1,0
1,-3.8,GO:0006873,intracellular monoatomic ion homeostasis,M1,1,0
1,-3.3,R-HSA-2995410,Nuclear Envelope (NE) Reassembly,M1,1,0
1,-3.8,GO:0071214,cellular response to abiotic stimulus,M1,1,0
1,-3.2,M177,PID EPHA FWDPATHWAY,M1,1,0
1,-2.2,GO:0048736,appendage development,M1,1,0
1,-2.3,WP5329,Cholesterol biosynthesis pathway in hepatocytes,M1,1,0
1,-4,GO:0048588,developmental cell growth,M1,1,0
1,-2.1,M239,PID A6B1 A6B4 INTEGRIN PATHWAY,M1,1,0
1,-3.3,GO:0044042,glucan metabolic process,M1,1,0
1,-2.3,GO:0046638,positive regulation of alpha-beta T cell differentiation,M1,1,0
1,-3.3,GO:0010562,positive regulation of phosphorus metabolic process,M1,1,0
1,-2.5,R-HSA-1474228,Degradation of the extracellular matrix,M1,1,0
1,-2.1,hsa01522,Endocrine resistance,M1,1,0
1,-6.4,GO:0007423,sensory organ development,M1,1,0
1,-3,GO:0097305,response to alcohol,M1,1,0
1,-5,GO:0048514,blood vessel morphogenesis,M1,1,0
1,-4.6,GO:0006650,glycerophospholipid metabolic process,M1,1,0
1,-3.4,R-HSA-5633007,Regulation of TP53 Activity,M1,1,0
1,-3.8,GO:0003197,endocardial cushion development,M1,1,0
1,-2.4,GO:0051028,mRNA transport,M1,1,0
1,-2.2,WP2006,miR targeted genes in squamous cell,M1,1,0
1,-3.6,GO:0007156,homophilic cell adhesion via plasma membrane adhesion molecules,M1,1,0
1,-4.1,R-HSA-168181,Toll Like Receptor 7/8 (TLR7/8) Cascade,M1,1,0
1,-2.6,GO:1903169,regulation of calcium ion transmembrane transport,M1,1,0
1,-9.2,GO:0016567,protein ubiquitination,M1,1,0
1,-3.5,GO:1903078,positive regulation of protein localization to plasma membrane,M1,1,0
1,-2,GO:0070862,negative regulation of protein exit from endoplasmic reticulum,M1,1,0
1,-2.3,GO:0098727,maintenance of cell number,M1,1,0
1,-2.2,GO:0000290,deadenylation-dependent decapping of nuclear-transcribed mRNA,M1,1,0
1,-2,GO:0060411,cardiac septum morphogenesis,M1,1,0
1,-4.1,GO:1905314,semi-lunar valve development,M1,1,0
1,-2.2,R-HSA-8854214,TBC/RABGAPs,M1,1,0
1,-2.5,M5880,NABA ECM AFFILIATED,M1,1,0
1,-2.4,GO:0030071,regulation of mitotic metaphase/anaphase transition,M1,1,0
1,-2.2,WP179,Cell cycle,M1,1,0
1,-3.1,GO:0000209,protein polyubiquitination,M1,1,0
1,-18,GO:0031175,neuron projection development,M1,1,0
1,-4.1,GO:0030705,cytoskeleton-dependent intracellular transport,M1,1,0
1,-3.1,GO:0048863,stem cell differentiation,M1,1,0
1,-4.1,GO:0043549,regulation of kinase activity,M1,1,0
1,-3.6,GO:0014032,neural crest cell development,M1,1,0
1,-3.6,R-HSA-6806834,Signaling by MET,M1,1,0
1,-4.3,hsa04910,Insulin signaling pathway,M1,1,0
1,-2.5,GO:0097284,hepatocyte apoptotic process,M1,1,0
1,-2.5,hsa04510,Focal adhesion,M1,1,0
1,-2.1,R-HSA-975577,N-Glycan antennae elongation,M1,1,0
1,-2.1,GO:0033363,secretory granule organization,M1,1,0
1,-2.6,WP2864,Apoptosis related network due to altered Notch3 in ovarian cancer,M1,1,0
1,-2.6,GO:0042771,intrinsic apoptotic signaling pathway in response to DNA damage by p53 class mediator,M1,1,0
1,-2.5,GO:0007034,vacuolar transport,M1,1,0
1,-2.8,GO:0019693,ribose phosphate metabolic process,M1,1,0
1,-2.4,GO:0015695,organic cation transport,M1,1,0
1,-2.2,GO:0055092,sterol homeostasis,M1,1,0
1,-3.2,GO:0099639,"neurotransmitter receptor transport, endosome to plasma membrane",M1,1,0
1,-3.1,GO:0045055,regulated exocytosis,M1,1,0
1,-3.2,M62,PID EPHB FWD PATHWAY,M1,1,0
1,-2.3,WP4756,Renin angiotensin aldosterone system RAAS,M1,1,0
1,-3.6,R-HSA-1169408,ISG15 antiviral mechanism,M1,1,0
1,-4.6,hsa04520,Adherens junction,M1,1,0
1,-4,WP4950,16p11 2 distal deletion syndrome,M1,1,0
1,-2.2,GO:1990262,anti-Mullerian hormone receptor signaling pathway,M1,1,0
1,-4.5,GO:0030323,respiratory tube development,M1,1,0
1,-5.5,R-HSA-3247509,Chromatin modifying enzymes,M1,1,0
1,-4.1,R-HSA-168179,Toll Like Receptor TLR1:TLR2 Cascade,M1,1,0
1,-2.3,R-HSA-2129379,Molecules associated with elastic fibres,M1,1,0
1,-2,GO:0034644,cellular response to UV,M1,1,0
1,-4.5,R-HSA-418594,G alpha (i) signalling events,M1,1,0
1,-4.5,GO:0009166,nucleotide catabolic process,M1,1,0
1,-4.8,GO:0019725,cellular homeostasis,M1,1,0
1,-5.2,GO:0098876,vesicle-mediated transport to the plasma membrane,M1,1,0
1,-4.5,GO:0035418,protein localization to synapse,M1,1,0
1,-2.9,GO:0048008,platelet-derived growth factor receptor signaling pathway,M1,1,0
1,-3.1,GO:0098742,cell-cell adhesion via plasma-membrane adhesion molecules,M1,1,0
1,-6.5,GO:0060485,mesenchyme development,M1,1,0
1,-3.2,GO:0006935,chemotaxis,M1,1,0
1,-4.4,GO:0001932,regulation of protein phosphorylation,M1,1,0
1,-2.6,hsa04310,Wnt signaling pathway,M1,1,0
1,-4.3,R-HSA-937061,TRIF (TICAM1)-mediated TLR4 signaling,M1,1,0
1,-2.1,GO:0060397,growth hormone receptor signaling pathway via JAK-STAT,M1,1,0
1,-2.7,GO:0009132,nucleoside diphosphate metabolic process,M1,1,0
1,-4.6,R-HSA-9609507,Protein localization,M1,1,0
1,-3,GO:0031401,positive regulation of protein modification process,M1,1,0
1,-3.9,GO:0046434,organophosphate catabolic process,M1,1,0
1,-2.9,hsa04082,Neuroactive ligand signaling,M1,1,0
1,-2.3,GO:0046365,monosaccharide catabolic process,M1,1,0
1,-2.8,GO:0031646,positive regulation of nervous system process,M1,1,0
1,-2.1,GO:0033045,regulation of sister chromatid segregation,M1,1,0
1,-2,GO:0009181,purine ribonucleoside diphosphate catabolic process,M1,1,0
1,-2,GO:0022602,ovulation cycle process,M1,1,0
1,-2.2,M145,PID P53 DOWNSTREAM PATHWAY,M1,1,0
1,-2.8,GO:0006520,amino acid metabolic process,M1,1,0
1,-2.2,GO:1904153,"negative regulation of retrograde protein transport, ER to cytosol",M1,1,0
1,-2.1,GO:0001649,osteoblast differentiation,M1,1,0
1,-2.2,GO:0035265,organ growth,M1,1,0
1,-5.5,GO:0016482,cytosolic transport,M1,1,0
1,-2.3,R-HSA-70171,Glycolysis,M1,1,0
1,-7,GO:0006605,protein targeting,M1,1,0
1,-2.7,WP4962,Airway smooth muscle cell contraction,M1,1,0
1,-2.7,GO:1990090,cellular response to nerve growth factor stimulus,M1,1,0
1,-4.2,GO:0003007,heart morphogenesis,M1,1,0
1,-3.5,GO:0098969,neurotransmitter receptor transport to postsynaptic membrane,M1,1,0
1,-2,GO:0007632,visual behavior,M1,1,0
1,-2.2,GO:0009185,ribonucleoside diphosphate metabolic process,M1,1,0
1,-2.1,GO:0016540,protein autoprocessing,M1,1,0
1,-2.9,GO:0009791,post-embryonic development,M1,1,0
1,-2.8,WP5503,Albuterol and budesonide therapy for asthma,M1,1,0
1,-2.2,GO:0006816,calcium ion transport,M1,1,0
1,-5.9,R-HSA-72163,mRNA Splicing - Major Pathway,M1,1,0
1,-5.2,hsa04020,Calcium signaling pathway,M1,1,0
1,-3,R-HSA-9824585,Regulation of MITF-M-dependent genes involved in pigmentation,M1,1,0
1,-3.9,GO:0099175,regulation of postsynapse organization,M1,1,0
1,-3.1,CORUM:1779,TGF-beta-receptor-PAR6 complex,M1,1,0
1,-2,GO:0090278,negative regulation of peptide hormone secretion,M1,1,0
1,-2.3,R-HSA-9619483,Activation of AMPK downstream of NMDARs,M1,1,0
1,-4.5,GO:0002064,epithelial cell development,M1,1,0
1,-2.6,R-HSA-977443,GABA receptor activation,M1,1,0
1,-3.1,WP4718,Cholesterol metabolism with Bloch and Kandutsch Russell pathways,M1,1,0
1,-2.6,GO:0090169,regulation of spindle assembly,M1,1,0
1,-2.5,GO:0001954,positive regulation of cell-matrix adhesion,M1,1,0
1,-2.2,GO:0061326,renal tubule development,M1,1,0
1,-2.2,GO:0009264,deoxyribonucleotide catabolic process,M1,1,0
1,-2.8,GO:0042770,signal transduction in response to DNA damage,M1,1,0
1,-2.1,GO:0042158,lipoprotein biosynthetic process,M1,1,0
1,-2.6,GO:0008360,regulation of cell shape,M1,1,0
1,-3.6,GO:0042063,gliogenesis,M1,1,0
1,-2.6,GO:0016241,regulation of macroautophagy,M1,1,0
1,-2.1,GO:1905244,regulation of modification of synaptic structure,M1,1,0
1,-4.5,R-HSA-112315,Transmission across Chemical Synapses,M1,1,0
1,-7.8,GO:0051604,protein maturation,M1,1,0
1,-4.6,GO:0032787,monocarboxylic acid metabolic process,M1,1,0
1,-3.7,GO:0007059,chromosome segregation,M1,1,0
1,-2.4,GO:0007041,lysosomal transport,M1,1,0
1,-3.8,GO:0003231,cardiac ventricle development,M1,1,0
1,-2.5,R-HSA-9638630,Attachment of bacteria to epithelial cells,M1,1,0
1,-3.1,M18,PID INTEGRIN1 PATHWAY,M1,1,0
1,-2,GO:0016562,"protein import into peroxisome matrix, receptor recycling",M1,1,0
1,-3.1,GO:0051402,neuron apoptotic process,M1,1,0
1,-2.7,GO:0044027,negative regulation of gene expression via chromosomal CpG island methylation,M1,1,0
1,-3.6,WP4321,Thermogenesis,M1,1,0
1,-2.1,GO:0048339,paraxial mesoderm development,M1,1,0
1,-2.7,GO:0051882,mitochondrial depolarization,M1,1,0
1,-3.5,GO:0030111,regulation of Wnt signaling pathway,M1,1,0
1,-3.6,GO:0043603,amide metabolic process,M1,1,0
1,-3,GO:1905475,regulation of protein localization to membrane,M1,1,0
1,-4,R-HSA-9013407,RHOH GTPase cycle,M1,1,0
1,-3.8,GO:1903311,regulation of mRNA metabolic process,M1,1,0
1,-3.5,GO:0055080,monoatomic cation homeostasis,M1,1,0
1,-5.7,GO:0016197,endosomal transport,M1,1,0
1,-2.3,GO:0010811,positive regulation of cell-substrate adhesion,M1,1,0
1,-4.9,GO:0032984,protein-containing complex disassembly,M1,1,0
1,-4.8,GO:0051963,regulation of synapse assembly,M1,1,0
1,-2.1,GO:1901605,alpha-amino acid metabolic process,M1,1,0
1,-2.4,GO:0060491,regulation of cell projection assembly,M1,1,0
1,-2.7,R-HSA-9013148,CDC42 GTPase cycle,M1,1,0
1,-2.1,GO:0060840,artery development,M1,1,0
1,-2.5,GO:0140029,exocytic process,M1,1,0
1,-2.1,GO:0007099,centriole replication,M1,1,0
1,-2,R-HSA-164938,Nef-mediates down modulation of cell surface receptors by recruiting them to clathrin adapters,M1,1,0
1,-3,GO:0045927,positive regulation of growth,M1,1,0
1,-2,GO:0010463,mesenchymal cell proliferation,M1,1,0
1,-3.5,GO:0000018,regulation of DNA recombination,M1,1,0
1,-2.2,hsa03060,Protein export,M1,1,0
1,-3.1,CORUM:6897,CIA2B-CIA1-MMS19 complex,M1,1,0
1,-4.4,WP437,EGF EGFR signaling,M1,1,0
1,-2.2,GO:0032438,melanosome organization,M1,1,0
1,-2.4,GO:0046888,negative regulation of hormone secretion,M1,1,0
1,-2,CORUM:238,SWI-SNF chromatin remodeling-related-BRCA1 complex,M1,1,0
1,-5.8,GO:0060041,retina development in camera-type eye,M1,1,0
1,-3.6,GO:0006892,post-Golgi vesicle-mediated transport,M1,1,0
1,-2.2,GO:0016183,synaptic vesicle coating,M1,1,0
1,-3.1,CORUM:240,BRCA1-CTIP-ZBRK1 repressor complex,M1,1,0
1,-4.2,hsa05032,Morphine addiction,M1,1,0
1,-2.2,GO:1901991,negative regulation of mitotic cell cycle phase transition,M1,1,0
1,-5.9,GO:1901136,carbohydrate derivative catabolic process,M1,1,0
1,-2,GO:0007029,endoplasmic reticulum organization,M1,1,0
1,-7.2,GO:0043410,positive regulation of MAPK cascade,M1,1,0
1,-2.4,GO:0070373,negative regulation of ERK1 and ERK2 cascade,M1,1,0
1,-3,WP5114,Nucleotide excision repair in xeroderma pigmentosum,M1,1,0
1,-2.7,GO:0019364,pyridine nucleotide catabolic process,M1,1,0
1,-2.3,GO:1902905,positive regulation of supramolecular fiber organization,M1,1,0
1,-2.3,WP395,IL4 signaling,M1,1,0
1,-2.5,R-HSA-5655862,Translesion synthesis by POLK,M1,1,0
1,-5.8,GO:0050804,modulation of chemical synaptic transmission,M1,1,0
1,-3,GO:1901894,regulation of ATPase-coupled calcium transmembrane transporter activity,M1,1,0
1,-3.1,hsa05202,Transcriptional misregulation in cancer,M1,1,0
1,-2.3,GO:0006575,modified amino acid metabolic process,M1,1,0
1,-6.1,GO:0007409,axonogenesis,M1,1,0
1,-4.1,R-HSA-181438,Toll Like Receptor 2 (TLR2) Cascade,M1,1,0
1,-2.2,WP2267,Synaptic vesicle pathway,M1,1,0
1,-2.2,GO:0019323,pentose catabolic process,M1,1,0
1,-2.1,R-HSA-196854,Metabolism of vitamins and cofactors,M1,1,0
1,-6.1,GO:0010977,negative regulation of neuron projection development,M1,1,0
1,-2.3,M238,PID THROMBIN PAR1 PATHWAY,M1,1,0
1,-2.2,GO:0000070,mitotic sister chromatid segregation,M1,1,0
1,-2.5,GO:0070167,regulation of biomineral tissue development,M1,1,0
1,-3.3,GO:0032288,myelin assembly,M1,1,0
1,-2.1,WP581,EPO receptor signaling,M1,1,0
1,-2.4,GO:0006096,glycolytic process,M1,1,0
1,-3.5,GO:0051345,positive regulation of hydrolase activity,M1,1,0
1,-2.4,GO:0051099,positive regulation of binding,M1,1,0
1,-2.2,GO:0001921,positive regulation of receptor recycling,M1,1,0
1,-2.1,GO:1902373,negative regulation of mRNA catabolic process,M1,1,0
1,-5.2,R-HSA-166016,Toll Like Receptor 4 (TLR4) Cascade,M1,1,0
1,-2.3,GO:0008630,intrinsic apoptotic signaling pathway in response to DNA damage,M1,1,0
1,-2.2,GO:0009222,pyrimidine ribonucleotide catabolic process,M1,1,0
1,-3.1,GO:0010464,regulation of mesenchymal cell proliferation,M1,1,0
1,-2.2,M164,PID ERBB1 DOWNSTREAM PATHWAY,M1,1,0
1,-3.3,WP4197,Immune response to tuberculosis,M1,1,0
1,-2.4,GO:0006090,pyruvate metabolic process,M1,1,0
1,-2.2,GO:0010469,regulation of signaling receptor activity,M1,1,0
1,-2.8,GO:0072329,monocarboxylic acid catabolic process,M1,1,0
1,-2.8,R-HSA-8957322,Metabolism of steroids,M1,1,0
1,-2.4,GO:2000601,positive regulation of Arp2/3 complex-mediated actin nucleation,M1,1,0
1,-2.4,R-HSA-5693538,Homology Directed Repair,M1,1,0
1,-2.8,GO:0050913,sensory perception of bitter taste,M1,1,0
1,-3.9,GO:0072073,kidney epithelium development,M1,1,0
1,-2.2,GO:1905383,protein localization to presynapse,M1,1,0
1,-4.8,GO:0050771,negative regulation of axonogenesis,M1,1,0
1,-2.1,GO:0097352,autophagosome maturation,M1,1,0
1,-2.9,GO:0150011,regulation of neuron projection arborization,M1,1,0
1,-4,GO:0050769,positive regulation of neurogenesis,M1,1,0
1,-2.9,hsa05214,Glioma,M1,1,0
1,-2.7,GO:0030199,collagen fibril organization,M1,1,0
1,-2.4,GO:0035459,vesicle cargo loading,M1,1,0
1,-3.3,GO:0032680,regulation of tumor necrosis factor production,M1,1,0
1,-3.2,GO:0009411,response to UV,M1,1,0
1,-4.8,R-HSA-6811442,Intra-Golgi and retrograde Golgi-to-ER traffic,M1,1,0
1,-2.5,GO:0016226,iron-sulfur cluster assembly,M1,1,0
1,-2.1,GO:0033147,negative regulation of intracellular estrogen receptor signaling pathway,M1,1,0
1,-2.6,GO:0006826,iron ion transport,M1,1,0
1,-5.9,GO:1903047,mitotic cell cycle process,M1,1,0
1,-2.7,hsa04723,Retrograde endocannabinoid signaling,M1,1,0
1,-2.5,WP4685,Melanoma,M1,1,0
1,-2.7,GO:0140014,mitotic nuclear division,M1,1,0
1,-4.6,GO:0040008,regulation of growth,M1,1,0
1,-2.1,M46,PID ATR PATHWAY,M1,1,0
1,-2.4,R-HSA-9022702,MECP2 regulates transcription of neuronal ligands,M1,1,0
1,-7.3,WP3888,VEGFA VEGFR2 signaling,M1,1,0
1,-3.5,GO:0046488,phosphatidylinositol metabolic process,M1,1,0
1,-2.7,R-HSA-912526,Interleukin receptor SHC signaling,M1,1,0
1,-2.3,R-HSA-5083635,Defective B3GALTL causes PpS,M1,1,0
1,-9.2,GO:0006397,mRNA processing,M1,1,0
1,-2.2,R-HSA-177504,Retrograde neurotrophin signalling,M1,1,0
1,-2.3,WP4136,Fibrin complement receptor 3 signaling,M1,1,0
1,-2.3,GO:0001655,urogenital system development,M1,1,0
1,-3.6,GO:0032543,mitochondrial translation,M1,1,0
1,-2.5,WP22,IL9 signaling,M1,1,0
1,-3.4,GO:0009154,purine ribonucleotide catabolic process,M1,1,0
1,-3.6,GO:0140053,mitochondrial gene expression,M1,1,0
1,-3.2,hsa04935,"Growth hormone synthesis, secretion and action",M1,1,0
1,-2.4,GO:0006570,tyrosine metabolic process,M1,1,0
1,-3.3,GO:0002053,positive regulation of mesenchymal cell proliferation,M1,1,0
1,-6,R-HSA-71387,Metabolism of carbohydrates and carbohydrate derivatives,M1,1,0
1,-5.4,R-HSA-168898,Toll-like Receptor Cascades,M1,1,0
1,-2.4,CORUM:1178,BCOR complex,M1,1,0
1,-2.6,R-HSA-1296071,Potassium Channels,M1,1,0
1,-2.3,GO:0001755,neural crest cell migration,M1,1,0
1,-2.6,GO:0018198,peptidyl-cysteine modification,M1,1,0
1,-3.9,hsa05217,Basal cell carcinoma,M1,1,0
1,-2.5,GO:1902975,mitotic DNA replication initiation,M1,1,0
1,-5.8,R-HSA-195258,RHO GTPase Effectors,M1,1,0
1,-2.2,GO:0006334,nucleosome assembly,M1,1,0
1,-2.6,GO:0002262,myeloid cell homeostasis,M1,1,0
1,-2.7,WP5083,Neuroinflammation and glutamatergic signaling,M1,1,0
1,-2.8,GO:0001580,detection of chemical stimulus involved in sensory perception of bitter taste,M1,1,0
1,-3.8,hsa04728,Dopaminergic synapse,M1,1,0
1,-4.4,GO:0044057,regulation of system process,M1,1,0
1,-3.6,GO:0048489,synaptic vesicle transport,M1,1,0
1,-4.3,R-HSA-9855142,Cellular responses to mechanical stimuli,M1,1,0
1,-2.7,GO:0000302,response to reactive oxygen species,M1,1,0
1,-2.3,hsa04721,Synaptic vesicle cycle,M1,1,0
1,-8.5,GO:0099536,synaptic signaling,M1,1,0
1,-2.4,GO:0002063,chondrocyte development,M1,1,0
1,-4.5,GO:0040007,growth,M1,1,0
1,-2.7,GO:0019915,lipid storage,M1,1,0
1,-2.2,CORUM:2319,ITGA6-ITGB4-Laminin10/12 complex,M1,1,0
1,-5.3,GO:0003180,aortic valve morphogenesis,M1,1,0
1,-5.7,R-HSA-2262752,Cellular responses to stress,M1,1,0
1,-3.7,R-HSA-1474244,Extracellular matrix organization,M1,1,0
1,-2.1,hsa05034,Alcoholism,M1,1,0
1,-2.2,M295,SIG PIP3 SIGNALING IN CARDIAC MYOCTES,M1,1,0
1,-2.9,R-HSA-977444,GABA B receptor activation,M1,1,0
1,-3.3,GO:1903828,negative regulation of protein localization,M1,1,0
1,-2.4,R-HSA-3928663,EPHA-mediated growth cone collapse,M1,1,0
1,-2.6,GO:0150052,regulation of postsynapse assembly,M1,1,0
1,-5.8,R-HSA-1280218,Adaptive Immune System,M1,1,0
1,-2.3,GO:0002573,myeloid leukocyte differentiation,M1,1,0
1,-7,R-HSA-4839726,Chromatin organization,M1,1,0
1,-2.5,GO:0097306,cellular response to alcohol,M1,1,0
1,-2.8,GO:0031102,neuron projection regeneration,M1,1,0
1,-4.4,GO:1904375,regulation of protein localization to cell periphery,M1,1,0
1,-4.4,R-HSA-9934037,Formation of neuronal progenitor and neuronal BAF (npBAF and nBAF),M1,1,0
1,-3.1,R-HSA-512988,"Interleukin-3, Interleukin-5 and GM-CSF signaling",M1,1,0
1,-3,WP5220,Metabolic reprogramming in pancreatic cancer,M1,1,0
1,-2.3,GO:0045777,positive regulation of blood pressure,M1,1,0
1,-2.2,R-HSA-9705462,Inactivation of CSF3 (G-CSF) signaling,M1,1,0
1,-2.4,R-HSA-428157,Sphingolipid metabolism,M1,1,0
1,-2.6,GO:0021543,pallium development,M1,1,0
1,-3.2,R-HSA-416482,G alpha (12/13) signalling events,M1,1,0
1,-2.9,WP4155,Endometrial cancer,M1,1,0
1,-6.6,GO:0001654,eye development,M1,1,0
1,-2.3,GO:1904262,negative regulation of TORC1 signaling,M1,1,0
1,-2.5,GO:0070371,ERK1 and ERK2 cascade,M1,1,0
1,-5.8,GO:0099177,regulation of trans-synaptic signaling,M1,1,0
1,-6.2,R-HSA-72172,mRNA Splicing,M1,1,0
1,-2.3,GO:0048469,cell maturation,M1,1,0
1,-2.1,GO:0006469,negative regulation of protein kinase activity,M1,1,0
1,-5.6,R-HSA-913531,Interferon Signaling,M1,1,0
1,-2.2,GO:1902850,microtubule cytoskeleton organization involved in mitosis,M1,1,0
1,-4.8,GO:0043009,chordate embryonic development,M1,1,0
1,-5.2,GO:0034329,cell junction assembly,M1,1,0
1,-2,GO:1905806,regulation of synapse pruning,M1,1,0
1,-2.2,R-HSA-877312,Regulation of IFNG signaling,M1,1,0
1,-2,GO:0071402,cellular response to lipoprotein particle stimulus,M1,1,0
1,-3.8,R-HSA-3700989,Transcriptional Regulation by TP53,M1,1,0
1,-5,GO:0140352,export from cell,M1,1,0
1,-2.3,GO:0006821,chloride transport,M1,1,0
1,-5.1,GO:0022604,regulation of cell morphogenesis,M1,1,0
1,-5.3,GO:0051961,negative regulation of nervous system development,M1,1,0
1,-3.1,hsa04916,Melanogenesis,M1,1,0
1,-2,GO:0055070,copper ion homeostasis,M1,1,0
1,-2.2,GO:0031669,cellular response to nutrient levels,M1,1,0
1,-3.8,R-HSA-68882,Mitotic Anaphase,M1,1,0
1,-2.9,M56,PID LPA4 PATHWAY,M1,1,0
1,-2.2,R-HSA-1483257,Phospholipid metabolism,M1,1,0
