_MEMBER_MyList,_LogP_MyList,GO,Description,_PATTERN_,_RANK_,CHILD_GO_MyList
1,-18.12470310579731,GO:0032502,developmental process,M1,1,GO:0031175 neuron projection development
1,-14.515320578571922,GO:0051179,localization,M1,1,GO:0051668 localization within membrane
1,-13.39172565162113,GO:0050789,regulation of biological process,M1,1,GO:0120035 regulation of plasma membrane bounded cell projection organization
1,-12.27137027079525,GO:0009987,cellular process,M1,1,GO:0006338 chromatin remodeling
1,-11.45704578206092,GO:0048518,positive regulation of biological process,M1,1,GO:0044089 positive regulation of cellular component biogenesis
1,-10.344886031833994,GO:0065007,biological regulation,M1,1,GO:0050790 regulation of catalytic activity
1,-9.206795080305639,GO:0050896,response to stimulus,M1,1,GO:0080135 regulation of cellular response to stress
1,-6.100296260041651,GO:0040011,locomotion,M1,1,GO:0050919 negative chemotaxis
1,-5.682225855567351,GO:0042592,homeostatic process,M1,1,GO:0048871 multicellular organismal-level homeostasis
1,-5.676240436332798,GO:0032501,multicellular organismal process,M1,1,GO:0007610 behavior
1,-5.074896076209305,GO:0040007,growth,M1,1,GO:0060560 developmental growth involved in morphogenesis
1,-4.967289111795924,GO:0048519,negative regulation of biological process,M1,1,GO:0031345 negative regulation of cell projection organization
1,-3.4927047575969725,GO:0044419,biological process involved in interspecies interaction between organisms,M1,1,GO:0032496 response to lipopolysaccharide
1,-3.4791704174913427,GO:0002376,immune system process,M1,1,GO:0072538 T-helper 17 type immune response
1,-3.1285251178938633,GO:0022414,reproductive process,M1,1,GO:0046545 development of primary female sexual characteristics
1,-2.5453056708189044,GO:0048511,rhythmic process,M1,1,"GO:0042321 negative regulation of circadian sleep/wake cycle, sleep"
1,-2.3865316058973325,GO:0043473,pigmentation,M1,1,GO:0043473 pigmentation
1,-2.178044670870425,GO:0016032,viral process,M1,1,GO:0075525 viral translational termination-reinitiation
