_MEMBER_MyList,_LogP_MyList,GO,Description,_PATTERN_,_RANK_,GiniIndex
1,-2.8,GO:0043413,macromolecule glycosylation,M1,1,0
1,-2.3,GO:0016242,negative regulation of macroautophagy,M1,1,0
1,-2.5,GO:0000226,microtubule cytoskeleton organization,M1,1,0
1,-2.4,R-HSA-913531,Interferon Signaling,M1,1,0
1,-4.2,GO:0005996,monosaccharide metabolic process,M1,1,0
1,-3.2,R-HSA-2299718,Condensation of Prophase Chromosomes,M1,1,0
1,-2.8,GO:0050658,RNA transport,M1,1,0
1,-2.3,GO:0099560,synaptic membrane adhesion,M1,1,0
1,-2.3,GO:0097105,presynaptic membrane assembly,M1,1,0
1,-2.9,GO:0019221,cytokine-mediated signaling pathway,M1,1,0
1,-2,GO:0009100,glycoprotein metabolic process,M1,1,0
1,-3.3,GO:2000142,regulation of DNA-templated transcription initiation,M1,1,0
1,-2.2,GO:0061245,establishment or maintenance of bipolar cell polarity,M1,1,0
1,-3.7,GO:0016197,endosomal transport,M1,1,0
1,-3.4,R-HSA-5693571,Nonhomologous End-Joining (NHEJ),M1,1,0
1,-2.8,GO:0043632,modification-dependent macromolecule catabolic process,M1,1,0
1,-3.8,GO:0002573,myeloid leukocyte differentiation,M1,1,0
1,-5.5,hsa05203,Viral carcinogenesis,M1,1,0
1,-3.6,hsa03082,ATP-dependent chromatin remodeling,M1,1,0
1,-3,GO:0150063,visual system development,M1,1,0
1,-2.6,GO:0010042,response to manganese ion,M1,1,0
1,-3.3,hsa00190,Oxidative phosphorylation,M1,1,0
1,-2.7,GO:0051056,regulation of small GTPase mediated signal transduction,M1,1,0
1,-4.4,GO:0099072,regulation of postsynaptic membrane neurotransmitter receptor levels,M1,1,0
1,-3.2,WP5477,Molecular pathway for oxidative stress,M1,1,0
1,-2.7,R-HSA-1483206,Glycerophospholipid biosynthesis,M1,1,0
1,-2.9,GO:0046390,ribose phosphate biosynthetic process,M1,1,0
1,-3.2,hsa04144,Endocytosis,M1,1,0
1,-3.7,hsa04810,Regulation of actin cytoskeleton,M1,1,0
1,-2,hsa04621,NOD-like receptor signaling pathway,M1,1,0
1,-3.5,R-HSA-5625886,Activated PKN1 stimulates transcription of AR (androgen receptor) regulated genes KLK2 and KLK3,M1,1,0
1,-2.9,GO:1902749,regulation of cell cycle G2/M phase transition,M1,1,0
1,-6.3,hsa05145,Toxoplasmosis,M1,1,0
1,-2.1,GO:0036499,PERK-mediated unfolded protein response,M1,1,0
1,-2.8,R-HSA-2132295,MHC class II antigen presentation,M1,1,0
1,-2.3,GO:2001242,regulation of intrinsic apoptotic signaling pathway,M1,1,0
1,-2.7,GO:0014823,response to activity,M1,1,0
1,-3.2,GO:0099173,postsynapse organization,M1,1,0
1,-3.1,R-HSA-388841,Regulation of T cell activation by CD28 family,M1,1,0
1,-2.2,GO:1905634,regulation of protein localization to chromatin,M1,1,0
1,-2.4,GO:2001233,regulation of apoptotic signaling pathway,M1,1,0
1,-2,GO:0035335,peptidyl-tyrosine dephosphorylation,M1,1,0
1,-4.2,GO:0007167,enzyme-linked receptor protein signaling pathway,M1,1,0
1,-3.2,GO:0071214,cellular response to abiotic stimulus,M1,1,0
1,-3,GO:0001525,angiogenesis,M1,1,0
1,-2.6,R-HSA-1640170,Cell Cycle,M1,1,0
1,-3,GO:2000377,regulation of reactive oxygen species metabolic process,M1,1,0
1,-2.4,GO:0035904,aorta development,M1,1,0
1,-2.4,WP5366,NF1 copy number variation syndrome,M1,1,0
1,-2.2,GO:0097090,presynaptic membrane organization,M1,1,0
1,-2.1,GO:0010632,regulation of epithelial cell migration,M1,1,0
1,-4.1,GO:0009165,nucleotide biosynthetic process,M1,1,0
1,-2.1,GO:0006104,succinyl-CoA metabolic process,M1,1,0
1,-2.3,GO:0030431,sleep,M1,1,0
1,-2.1,GO:2000779,regulation of double-strand break repair,M1,1,0
1,-2.1,GO:1990138,neuron projection extension,M1,1,0
1,-2.5,GO:0001825,blastocyst formation,M1,1,0
1,-3.2,hsa05415,Diabetic cardiomyopathy,M1,1,0
1,-3,R-HSA-5334118,DNA methylation,M1,1,0
1,-5.6,GO:0002501,peptide antigen assembly with MHC protein complex,M1,1,0
1,-2.2,R-HSA-187037,Signaling by NTRK1 (TRKA),M1,1,0
1,-2,hsa05414,Dilated cardiomyopathy,M1,1,0
1,-3.2,hsa04640,Hematopoietic cell lineage,M1,1,0
1,-2.5,GO:1902176,negative regulation of oxidative stress-induced intrinsic apoptotic signaling pathway,M1,1,0
1,-2.1,R-HSA-9013404,RAC2 GTPase cycle,M1,1,0
1,-2.1,M193,PID NEPHRIN NEPH1 PATHWAY,M1,1,0
1,-2.9,GO:0034329,cell junction assembly,M1,1,0
1,-2.1,GO:0007498,mesoderm development,M1,1,0
1,-2,R-HSA-195721,Signaling by WNT,M1,1,0
1,-3.9,GO:0006338,chromatin remodeling,M1,1,0
1,-3,GO:1901873,regulation of post-translational protein modification,M1,1,0
1,-2.7,GO:0051781,positive regulation of cell division,M1,1,0
1,-2.7,GO:0009145,purine nucleoside triphosphate biosynthetic process,M1,1,0
1,-3.5,GO:0045911,positive regulation of DNA recombination,M1,1,0
1,-4,GO:0032870,cellular response to hormone stimulus,M1,1,0
1,-3.2,R-HSA-212300,PRC2 methylates histones and DNA,M1,1,0
1,-2.6,GO:0001764,neuron migration,M1,1,0
1,-2.6,GO:0043068,positive regulation of programmed cell death,M1,1,0
1,-2.1,GO:0006914,autophagy,M1,1,0
1,-2,GO:0141086,negative regulation of inflammasome-mediated signaling pathway,M1,1,0
1,-2.8,GO:0043549,regulation of kinase activity,M1,1,0
1,-2.3,WP2643,Nanoparticle mediated activation of receptor signaling,M1,1,0
1,-3.3,R-HSA-73864,RNA Polymerase I Transcription,M1,1,0
1,-3.7,hsa04932,Non-alcoholic fatty liver disease,M1,1,0
1,-2.3,GO:0009162,deoxyribonucleoside monophosphate metabolic process,M1,1,0
1,-2.1,GO:0110053,regulation of actin filament organization,M1,1,0
1,-2,GO:0015701,bicarbonate transport,M1,1,0
1,-4.1,R-HSA-202430,Translocation of ZAP-70 to Immunological synapse,M1,1,0
1,-2.4,GO:0002699,positive regulation of immune effector process,M1,1,0
1,-2,WP5563,RNA Polymerase II transcription the preinitiation complex,M1,1,0
1,-3.1,WP2853,Endoderm differentiation,M1,1,0
1,-5.6,GO:0120035,regulation of plasma membrane bounded cell projection organization,M1,1,0
1,-2.1,GO:0002244,hematopoietic progenitor cell differentiation,M1,1,0
1,-3.8,R-HSA-171306,Packaging Of Telomere Ends,M1,1,0
1,-2.7,R-HSA-4420097,VEGFA-VEGFR2 Pathway,M1,1,0
1,-2.7,GO:0009411,response to UV,M1,1,0
1,-3.1,GO:0006366,transcription by RNA polymerase II,M1,1,0
1,-3,GO:0006511,ubiquitin-dependent protein catabolic process,M1,1,0
1,-3.1,GO:0019884,antigen processing and presentation of exogenous antigen,M1,1,0
1,-4.1,GO:0007411,axon guidance,M1,1,0
1,-4,R-HSA-9018519,Estrogen-dependent gene expression,M1,1,0
1,-3.3,GO:0009205,purine ribonucleoside triphosphate metabolic process,M1,1,0
1,-2.7,R-HSA-372790,Signaling by GPCR,M1,1,0
1,-2.6,GO:0000731,DNA synthesis involved in DNA repair,M1,1,0
1,-3.5,GO:0040017,positive regulation of locomotion,M1,1,0
1,-2,R-HSA-6807505,RNA polymerase II transcribes snRNA genes,M1,1,0
1,-2.9,R-HSA-6799198,Complex I biogenesis,M1,1,0
1,-2.3,GO:0002764,immune response-regulating signaling pathway,M1,1,0
1,-2.7,R-HSA-9006931,Signaling by Nuclear Receptors,M1,1,0
1,-3.3,GO:0031960,response to corticosteroid,M1,1,0
1,-4.3,R-HSA-5693538,Homology Directed Repair,M1,1,0
1,-4.2,R-HSA-1221632,Meiotic synapsis,M1,1,0
1,-3.4,hsa05208,Chemical carcinogenesis - reactive oxygen species,M1,1,0
1,-3,R-HSA-9725370,Signaling by ALK fusions and activated point mutants,M1,1,0
1,-2.6,GO:0006470,protein dephosphorylation,M1,1,0
1,-2.4,GO:0006109,regulation of carbohydrate metabolic process,M1,1,0
1,-2.4,R-HSA-9617828,FOXO-mediated transcription of cell cycle genes,M1,1,0
1,-3,GO:0045653,negative regulation of megakaryocyte differentiation,M1,1,0
1,-3.2,GO:0045191,regulation of isotype switching,M1,1,0
1,-2.2,hsa05161,Hepatitis B,M1,1,0
1,-3.2,CORUM:898,Mediator complex 1,M1,1,0
1,-2.8,GO:0014706,striated muscle tissue development,M1,1,0
1,-2.3,GO:0051493,regulation of cytoskeleton organization,M1,1,0
1,-3.5,R-HSA-5625740,RHO GTPases activate PKNs,M1,1,0
1,-2.5,WP4656,Joubert syndrome,M1,1,0
1,-2.7,GO:1903706,regulation of hemopoiesis,M1,1,0
1,-2.2,GO:0007178,cell surface receptor protein serine/threonine kinase signaling pathway,M1,1,0
1,-2.1,GO:0046660,female sex differentiation,M1,1,0
1,-8.8,R-HSA-9006934,Signaling by Receptor Tyrosine Kinases,M1,1,0
1,-5.6,GO:0002396,MHC protein complex assembly,M1,1,0
1,-2,GO:0072524,pyridine-containing compound metabolic process,M1,1,0
1,-4.3,M124,PID CXCR4 PATHWAY,M1,1,0
1,-3.3,R-HSA-9845323,Regulation of endogenous retroelements by Piwi-interacting RNAs (piRNAs),M1,1,0
1,-2.5,WP5434,Cancer pathways,M1,1,0
1,-3.4,M3008,NABA ECM GLYCOPROTEINS,M1,1,0
1,-4.1,GO:0050870,positive regulation of T cell activation,M1,1,0
1,-2.6,GO:0055007,cardiac muscle cell differentiation,M1,1,0
1,-2.3,GO:0033500,carbohydrate homeostasis,M1,1,0
1,-4.6,GO:0030099,myeloid cell differentiation,M1,1,0
1,-3.7,GO:0071375,cellular response to peptide hormone stimulus,M1,1,0
1,-2.2,GO:1900182,positive regulation of protein localization to nucleus,M1,1,0
1,-2.2,R-HSA-5673001,RAF/MAP kinase cascade,M1,1,0
1,-2.3,GO:1990928,response to amino acid starvation,M1,1,0
1,-2,R-HSA-8949613,Cristae formation,M1,1,0
1,-5.7,GO:1904293,negative regulation of ERAD pathway,M1,1,0
1,-4.2,GO:0120039,plasma membrane bounded cell projection morphogenesis,M1,1,0
1,-3.2,GO:0051236,establishment of RNA localization,M1,1,0
1,-2.9,GO:0097112,gamma-aminobutyric acid receptor clustering,M1,1,0
1,-2.7,GO:0045860,positive regulation of protein kinase activity,M1,1,0
1,-2.5,GO:1903426,regulation of reactive oxygen species biosynthetic process,M1,1,0
1,-3,WP3941,Oxidative damage response,M1,1,0
1,-2.5,GO:0031032,actomyosin structure organization,M1,1,0
1,-3.9,R-HSA-1428517,Aerobic respiration and respiratory electron transport,M1,1,0
1,-2.8,GO:0006259,DNA metabolic process,M1,1,0
1,-2.4,GO:0043113,receptor clustering,M1,1,0
1,-4,GO:0009150,purine ribonucleotide metabolic process,M1,1,0
1,-2.8,GO:0048002,antigen processing and presentation of peptide antigen,M1,1,0
1,-2.1,R-HSA-163210,Formation of ATP by chemiosmotic coupling,M1,1,0
1,-2.4,GO:0002757,immune response-activating signaling pathway,M1,1,0
1,-4.2,R-HSA-9013149,RAC1 GTPase cycle,M1,1,0
1,-2.6,GO:0006754,ATP biosynthetic process,M1,1,0
1,-2.7,GO:0032989,cellular anatomical entity morphogenesis,M1,1,0
1,-2.4,GO:1903580,positive regulation of ATP metabolic process,M1,1,0
1,-2,GO:0030100,regulation of endocytosis,M1,1,0
1,-2.6,GO:0006120,"mitochondrial electron transport, NADH to ubiquinone",M1,1,0
1,-2.3,WP382,MAPK signaling,M1,1,0
1,-3.3,R-HSA-9764265,Regulation of CDH1 Expression and Function,M1,1,0
1,-2.2,GO:0032200,telomere organization,M1,1,0
1,-2.1,GO:0099084,postsynaptic specialization organization,M1,1,0
1,-2.9,GO:0009416,response to light stimulus,M1,1,0
1,-3.4,GO:0006164,purine nucleotide biosynthetic process,M1,1,0
1,-2.2,GO:0051348,negative regulation of transferase activity,M1,1,0
1,-4.4,GO:0042176,regulation of protein catabolic process,M1,1,0
1,-3.8,GO:0048667,cell morphogenesis involved in neuron differentiation,M1,1,0
1,-3.6,GO:0002521,leukocyte differentiation,M1,1,0
1,-3.4,GO:0048871,multicellular organismal-level homeostasis,M1,1,0
1,-3.1,R-HSA-418990,Adherens junctions interactions,M1,1,0
1,-3.3,GO:0042692,muscle cell differentiation,M1,1,0
1,-2.9,WP3981,miRNA regulation of prostate cancer signaling,M1,1,0
1,-2.6,R-HSA-71387,Metabolism of carbohydrates and carbohydrate derivatives,M1,1,0
1,-5.5,GO:0042177,negative regulation of protein catabolic process,M1,1,0
1,-2.6,GO:0040007,growth,M1,1,0
1,-3.6,GO:0001819,positive regulation of cytokine production,M1,1,0
1,-3.3,GO:0019220,regulation of phosphate metabolic process,M1,1,0
1,-3.1,M5884,NABA CORE MATRISOME,M1,1,0
1,-2.6,GO:0006405,RNA export from nucleus,M1,1,0
1,-2.4,CORUM:1181,C complex spliceosome,M1,1,0
1,-2.1,GO:0045444,fat cell differentiation,M1,1,0
1,-3.9,GO:0016051,carbohydrate biosynthetic process,M1,1,0
1,-2.3,GO:0002637,regulation of immunoglobulin production,M1,1,0
1,-2.9,GO:0060037,pharyngeal system development,M1,1,0
1,-2.4,R-HSA-9614085,FOXO-mediated transcription,M1,1,0
1,-2.6,R-HSA-9645723,Diseases of programmed cell death,M1,1,0
1,-3.6,hsa05310,Asthma,M1,1,0
1,-2.4,GO:0009123,nucleoside monophosphate metabolic process,M1,1,0
1,-2,GO:0021756,striatum development,M1,1,0
1,-3.4,GO:0051604,protein maturation,M1,1,0
1,-3.1,GO:0009312,oligosaccharide biosynthetic process,M1,1,0
1,-2.9,GO:0019941,modification-dependent protein catabolic process,M1,1,0
1,-3.4,R-HSA-73854,RNA Polymerase I Promoter Clearance,M1,1,0
1,-3.2,hsa05164,Influenza A,M1,1,0
1,-2.6,hsa05150,Staphylococcus aureus infection,M1,1,0
1,-2.5,CORUM:563,"F1F0-ATP synthase, mitochondrial",M1,1,0
1,-2,GO:0010828,positive regulation of D-glucose transmembrane transport,M1,1,0
1,-4,R-HSA-427413,NoRC negatively regulates rRNA expression,M1,1,0
1,-2.2,GO:0006694,steroid biosynthetic process,M1,1,0
1,-3.9,R-HSA-5250941,Negative epigenetic regulation of rRNA expression,M1,1,0
1,-2.9,hsa05320,Autoimmune thyroid disease,M1,1,0
1,-2.8,WP4324,Mitochondrial complex I assembly model OXPHOS system,M1,1,0
1,-2.6,WP4823,Genes controlling nephrogenesis,M1,1,0
1,-2.9,hsa04820,Cytoskeleton in muscle cells,M1,1,0
1,-2.5,GO:0002889,regulation of immunoglobulin mediated immune response,M1,1,0
1,-2.1,GO:0008015,blood circulation,M1,1,0
1,-4.2,R-HSA-5250924,B-WICH complex positively regulates rRNA expression,M1,1,0
1,-3.2,GO:0002705,positive regulation of leukocyte mediated immunity,M1,1,0
1,-3.2,R-HSA-774815,Nucleosome assembly,M1,1,0
1,-3,GO:0006979,response to oxidative stress,M1,1,0
1,-2.1,R-HSA-166658,Complement cascade,M1,1,0
1,-2.4,R-HSA-3214858,RMTs methylate histone arginines,M1,1,0
1,-3,GO:0060537,muscle tissue development,M1,1,0
1,-2.1,GO:0000255,allantoin metabolic process,M1,1,0
1,-3,M5887,NABA BASEMENT MEMBRANES,M1,1,0
1,-3.8,GO:0001704,formation of primary germ layer,M1,1,0
1,-2.9,R-HSA-199991,Membrane Trafficking,M1,1,0
1,-2.1,GO:0031346,positive regulation of cell projection organization,M1,1,0
1,-2.9,R-HSA-418885,DCC mediated attractive signaling,M1,1,0
1,-2.5,GO:0009172,purine deoxyribonucleoside monophosphate catabolic process,M1,1,0
1,-2.3,R-HSA-1474244,Extracellular matrix organization,M1,1,0
1,-2.7,WP5406,13q12 12 copy number variation,M1,1,0
1,-2.1,CORUM:1332,Large Drosha complex,M1,1,0
1,-5.3,GO:1904292,regulation of ERAD pathway,M1,1,0
1,-2.1,GO:0042327,positive regulation of phosphorylation,M1,1,0
1,-5.4,GO:0022409,positive regulation of cell-cell adhesion,M1,1,0
1,-2.1,WP185,Integrin mediated cell adhesion,M1,1,0
1,-4.8,R-HSA-1500931,Cell-Cell communication,M1,1,0
1,-3.8,GO:0072006,nephron development,M1,1,0
1,-2.5,GO:0050864,regulation of B cell activation,M1,1,0
1,-4.2,GO:0000902,cell morphogenesis,M1,1,0
1,-2.2,hsa00920,Sulfur metabolism,M1,1,0
1,-3.5,R-HSA-73927,Depurination,M1,1,0
1,-2,GO:0010720,positive regulation of cell development,M1,1,0
1,-4.3,WP2003,miR targeted genes in leukocytes,M1,1,0
1,-2.1,R-HSA-193048,Androgen biosynthesis,M1,1,0
1,-2.6,GO:1903557,positive regulation of tumor necrosis factor superfamily cytokine production,M1,1,0
1,-2.5,GO:0032230,"positive regulation of synaptic transmission, GABAergic",M1,1,0
1,-2.1,GO:0031589,cell-substrate adhesion,M1,1,0
1,-3.1,R-HSA-5683057,MAPK family signaling cascades,M1,1,0
1,-2.1,GO:0051965,positive regulation of synapse assembly,M1,1,0
1,-3.5,R-HSA-9609507,Protein localization,M1,1,0
1,-2.4,GO:0006954,inflammatory response,M1,1,0
1,-5.5,GO:0055086,nucleobase-containing small molecule metabolic process,M1,1,0
1,-2.5,GO:0002429,immune response-activating cell surface receptor signaling pathway,M1,1,0
1,-2.3,WP5561,Integrative Analysis of Treg Glial Interactions,M1,1,0
1,-2.4,GO:0022904,respiratory electron transport chain,M1,1,0
1,-2.1,WP4868,Type I interferon induction and signaling during SARS CoV 2 infection,M1,1,0
1,-2.1,GO:0030178,negative regulation of Wnt signaling pathway,M1,1,0
1,-4.3,GO:0030036,actin cytoskeleton organization,M1,1,0
1,-2.5,GO:0048714,positive regulation of oligodendrocyte differentiation,M1,1,0
1,-2.3,GO:0030534,adult behavior,M1,1,0
1,-2.1,GO:0034112,positive regulation of homotypic cell-cell adhesion,M1,1,0
1,-2.9,GO:0070646,protein modification by small protein removal,M1,1,0
1,-2.2,WP3932,Focal adhesion PI3K Akt mTOR signaling,M1,1,0
1,-4.7,GO:0097190,apoptotic signaling pathway,M1,1,0
1,-3.4,GO:0006406,mRNA export from nucleus,M1,1,0
1,-3.1,R-HSA-73728,RNA Polymerase I Promoter Opening,M1,1,0
1,-2.9,GO:0036293,response to decreased oxygen levels,M1,1,0
1,-4.4,GO:0034655,nucleobase-containing compound catabolic process,M1,1,0
1,-2.4,GO:0042773,ATP synthesis coupled electron transport,M1,1,0
1,-2.1,GO:0010811,positive regulation of cell-substrate adhesion,M1,1,0
1,-2.1,GO:0048713,regulation of oligodendrocyte differentiation,M1,1,0
1,-2.1,GO:0072224,metanephric glomerulus development,M1,1,0
1,-3.7,R-HSA-373755,Semaphorin interactions,M1,1,0
1,-2.7,CORUM:229,NAT complex,M1,1,0
1,-2.3,WP2526,PDGF pathway,M1,1,0
1,-3.3,GO:0002703,regulation of leukocyte mediated immunity,M1,1,0
1,-4.9,GO:0050803,regulation of synapse structure or activity,M1,1,0
1,-2.7,GO:1905477,positive regulation of protein localization to membrane,M1,1,0
1,-2,GO:0044282,small molecule catabolic process,M1,1,0
1,-2.5,WP4263,Pancreatic adenocarcinoma pathway,M1,1,0
1,-2.5,GO:0035987,endodermal cell differentiation,M1,1,0
1,-2.1,R-HSA-9671555,Signaling by PDGFR in disease,M1,1,0
1,-2.6,GO:0055002,striated muscle cell development,M1,1,0
1,-3.8,WP4396,Nonalcoholic fatty liver disease,M1,1,0
1,-4,hsa05416,Viral myocarditis,M1,1,0
1,-2.2,R-HSA-201681,TCF dependent signaling in response to WNT,M1,1,0
1,-4.1,hsa05169,Epstein-Barr virus infection,M1,1,0
1,-2.5,GO:0007005,mitochondrion organization,M1,1,0
1,-2.8,GO:0090150,establishment of protein localization to membrane,M1,1,0
1,-3.2,GO:0051385,response to mineralocorticoid,M1,1,0
1,-2.2,GO:0042355,L-fucose catabolic process,M1,1,0
1,-2.1,GO:0070213,protein auto-ADP-ribosylation,M1,1,0
1,-3.8,hsa04672,Intestinal immune network for IgA production,M1,1,0
1,-3.3,R-HSA-9843970,Regulation of endogenous retroelements by the Human Silencing Hub (HUSH) complex,M1,1,0
1,-2,GO:1900119,positive regulation of execution phase of apoptosis,M1,1,0
1,-3,GO:0050890,cognition,M1,1,0
1,-4,GO:0055013,cardiac muscle cell development,M1,1,0
1,-3.1,GO:1903320,regulation of protein modification by small protein conjugation or removal,M1,1,0
1,-2.5,GO:0051489,regulation of filopodium assembly,M1,1,0
1,-7.5,hsa05020,Prion disease,M1,1,0
1,-2.9,GO:1903428,positive regulation of reactive oxygen species biosynthetic process,M1,1,0
1,-3.7,R-HSA-1474165,Reproduction,M1,1,0
1,-2.4,hsa05212,Pancreatic cancer,M1,1,0
1,-2.1,GO:0042254,ribosome biogenesis,M1,1,0
1,-7.2,hsa05012,Parkinson disease,M1,1,0
1,-3,GO:0016567,protein ubiquitination,M1,1,0
1,-2.6,GO:0007611,learning or memory,M1,1,0
1,-2.8,R-HSA-1912408,Pre-NOTCH Transcription and Translation,M1,1,0
1,-2.8,GO:0062012,regulation of small molecule metabolic process,M1,1,0
1,-4.5,GO:0030316,osteoclast differentiation,M1,1,0
1,-2.1,GO:1901031,regulation of response to reactive oxygen species,M1,1,0
1,-2.9,CORUM:2639,HES1 promoter-Notch enhancer complex,M1,1,0
1,-2.8,GO:0051962,positive regulation of nervous system development,M1,1,0
1,-2.2,GO:0031400,negative regulation of protein modification process,M1,1,0
1,-2.4,R-HSA-6806834,Signaling by MET,M1,1,0
1,-2.1,R-HSA-166520,Signaling by NTRKs,M1,1,0
1,-4.2,hsa05016,Huntington disease,M1,1,0
1,-3.6,GO:0050808,synapse organization,M1,1,0
1,-3.2,R-HSA-9013148,CDC42 GTPase cycle,M1,1,0
1,-2.7,GO:0009206,purine ribonucleoside triphosphate biosynthetic process,M1,1,0
1,-2.4,GO:0071816,tail-anchored membrane protein insertion into ER membrane,M1,1,0
1,-2.3,GO:0048568,embryonic organ development,M1,1,0
1,-2.1,GO:0071358,cellular response to type III interferon,M1,1,0
1,-4.6,GO:0050804,modulation of chemical synaptic transmission,M1,1,0
1,-4.2,GO:0006401,RNA catabolic process,M1,1,0
1,-3.5,R-HSA-9764725,Negative Regulation of CDH1 Gene Transcription,M1,1,0
1,-2.4,GO:0071108,protein K48-linked deubiquitination,M1,1,0
1,-3.7,R-HSA-446728,Cell junction organization,M1,1,0
1,-3.5,GO:0045727,positive regulation of translation,M1,1,0
1,-3.4,WP4535,Envelope proteins and their potential roles in EDMD physiopathology,M1,1,0
1,-4,GO:0007369,gastrulation,M1,1,0
1,-3.3,GO:1902882,regulation of response to oxidative stress,M1,1,0
1,-3.2,hsa04081,Hormone signaling,M1,1,0
1,-3.2,GO:0015986,proton motive force-driven ATP synthesis,M1,1,0
1,-3.1,GO:0120032,regulation of plasma membrane bounded cell projection assembly,M1,1,0
1,-2,GO:0008203,cholesterol metabolic process,M1,1,0
1,-2,GO:0002819,regulation of adaptive immune response,M1,1,0
1,-2.6,GO:0033108,mitochondrial respiratory chain complex assembly,M1,1,0
1,-2.1,M203,PID ALK2 PATHWAY,M1,1,0
1,-3,GO:0009611,response to wounding,M1,1,0
1,-5,GO:0009117,nucleotide metabolic process,M1,1,0
1,-4,GO:0097435,supramolecular fiber organization,M1,1,0
1,-3,GO:0006672,ceramide metabolic process,M1,1,0
1,-2.1,GO:0001706,endoderm formation,M1,1,0
1,-4.1,hsa04658,Th1 and Th2 cell differentiation,M1,1,0
1,-4.1,GO:0097485,neuron projection guidance,M1,1,0
1,-3.5,R-HSA-9818564,Epigenetic regulation of gene expression by MLL3 and MLL4 complexes,M1,1,0
1,-2.8,GO:0006486,protein glycosylation,M1,1,0
1,-2.8,GO:0030239,myofibril assembly,M1,1,0
1,-2.4,GO:1903578,regulation of ATP metabolic process,M1,1,0
1,-2.2,R-HSA-73887,Death Receptor Signaling,M1,1,0
1,-2.7,M12,PID RHOA PATHWAY,M1,1,0
1,-2.7,GO:0055001,muscle cell development,M1,1,0
1,-4.1,WP111,Electron transport chain OXPHOS system in mitochondria,M1,1,0
1,-2.6,GO:0016558,protein import into peroxisome matrix,M1,1,0
1,-5.1,GO:1903829,positive regulation of protein localization,M1,1,0
1,-2.5,GO:0036294,cellular response to decreased oxygen levels,M1,1,0
1,-3.4,GO:1905897,regulation of response to endoplasmic reticulum stress,M1,1,0
1,-2.1,GO:0046475,glycerophospholipid catabolic process,M1,1,0
1,-2.1,GO:0060042,retina morphogenesis in camera-type eye,M1,1,0
1,-4.1,GO:0010975,regulation of neuron projection development,M1,1,0
1,-4.3,GO:0048812,neuron projection morphogenesis,M1,1,0
1,-4,GO:1901888,regulation of cell junction assembly,M1,1,0
1,-2,GO:0032784,regulation of DNA-templated transcription elongation,M1,1,0
1,-3.4,hsa05332,Graft-versus-host disease,M1,1,0
1,-3.4,GO:0071363,cellular response to growth factor stimulus,M1,1,0
1,-2.7,R-HSA-9821002,Chromatin modifications during the maternal to zygotic transition (MZT),M1,1,0
1,-2.3,R-HSA-1483257,Phospholipid metabolism,M1,1,0
1,-2.1,GO:0008654,phospholipid biosynthetic process,M1,1,0
1,-2.4,GO:1902017,regulation of cilium assembly,M1,1,0
1,-7.4,R-HSA-194315,Signaling by Rho GTPases,M1,1,0
1,-2.6,GO:1900407,regulation of cellular response to oxidative stress,M1,1,0
1,-4.2,WP4538,Regulatory circuits of STAT3 signaling,M1,1,0
1,-2.7,GO:0072332,intrinsic apoptotic signaling pathway by p53 class mediator,M1,1,0
1,-2.9,CORUM:3149,NK-3-Groucho-HIPK2-SIN3A-RbpA48-HDAC1 complex,M1,1,0
1,-2.9,GO:0035235,ionotropic glutamate receptor signaling pathway,M1,1,0
1,-2.1,GO:0010972,negative regulation of G2/M transition of mitotic cell cycle,M1,1,0
1,-2.7,GO:0043406,positive regulation of MAP kinase activity,M1,1,0
1,-3.2,GO:0045333,cellular respiration,M1,1,0
1,-2.4,GO:1901796,regulation of signal transduction by p53 class mediator,M1,1,0
1,-2,GO:0036257,multivesicular body organization,M1,1,0
1,-3.8,R-HSA-157579,Telomere Maintenance,M1,1,0
1,-3.1,GO:0006119,oxidative phosphorylation,M1,1,0
1,-5.2,GO:0072521,purine-containing compound metabolic process,M1,1,0
1,-4.5,hsa04714,Thermogenesis,M1,1,0
1,-2.7,GO:0002886,regulation of myeloid leukocyte mediated immunity,M1,1,0
1,-3.5,GO:0002504,antigen processing and presentation of peptide or polysaccharide antigen via MHC class II,M1,1,0
1,-2,GO:1903076,regulation of protein localization to plasma membrane,M1,1,0
1,-4.6,WP623,Oxidative phosphorylation,M1,1,0
1,-3.8,GO:0035239,tube morphogenesis,M1,1,0
1,-2.2,GO:0006013,mannose metabolic process,M1,1,0
1,-2.1,GO:0015824,proline transport,M1,1,0
1,-2.3,GO:0034243,regulation of transcription elongation by RNA polymerase II,M1,1,0
1,-2.1,WP5098,T cell activation SARS CoV 2,M1,1,0
1,-3.5,GO:0006986,response to unfolded protein,M1,1,0
1,-2,GO:1901890,positive regulation of cell junction assembly,M1,1,0
1,-2.9,GO:0031396,regulation of protein ubiquitination,M1,1,0
1,-3.5,GO:0014850,response to muscle activity,M1,1,0
1,-3.5,GO:0061136,regulation of proteasomal protein catabolic process,M1,1,0
1,-3.2,WP2263,Androgen receptor network in prostate cancer,M1,1,0
1,-5.9,R-HSA-202427,Phosphorylation of CD3 and TCR zeta chains,M1,1,0
1,-3.2,R-HSA-73928,Depyrimidination,M1,1,0
1,-2.3,R-HSA-157118,Signaling by NOTCH,M1,1,0
1,-2.1,GO:0031343,positive regulation of cell killing,M1,1,0
1,-2.2,WP2113,Type III interferon signaling,M1,1,0
1,-2.5,GO:0046635,positive regulation of alpha-beta T cell activation,M1,1,0
1,-3.1,WP2018,RANKL RANK signaling,M1,1,0
1,-4.2,GO:0098609,cell-cell adhesion,M1,1,0
1,-3.9,hsa05330,Allograft rejection,M1,1,0
1,-2.9,GO:0062013,positive regulation of small molecule metabolic process,M1,1,0
1,-3.1,GO:0099175,regulation of postsynapse organization,M1,1,0
1,-2,WP4861,Endoplasmic reticulum stress response in coronavirus infection,M1,1,0
1,-4.4,GO:0016071,mRNA metabolic process,M1,1,0
1,-3,GO:0045637,regulation of myeloid cell differentiation,M1,1,0
1,-4.3,R-HSA-5693565,Recruitment and ATM-mediated phosphorylation of repair and signaling proteins at DNA double strand breaks,M1,1,0
1,-2,GO:0009394,2'-deoxyribonucleotide metabolic process,M1,1,0
1,-2.6,GO:0035967,cellular response to topologically incorrect protein,M1,1,0
1,-3.1,WP2857,Mesodermal commitment pathway,M1,1,0
1,-2.5,GO:0030162,regulation of proteolysis,M1,1,0
1,-2.4,GO:0045947,negative regulation of translational initiation,M1,1,0
1,-3.2,R-HSA-9710421,Defective pyroptosis,M1,1,0
1,-2.7,CORUM:1106,TFIIIC containing-TOP1-SUB1 complex,M1,1,0
1,-2.8,R-HSA-977225,Amyloid fiber formation,M1,1,0
1,-2.1,GO:0042110,T cell activation,M1,1,0
1,-2.8,GO:0002253,activation of immune response,M1,1,0
1,-2.7,GO:0099638,endosome to plasma membrane protein transport,M1,1,0
1,-3.1,GO:0007029,endoplasmic reticulum organization,M1,1,0
1,-2.5,GO:0098727,maintenance of cell number,M1,1,0
1,-2.3,GO:0002683,negative regulation of immune system process,M1,1,0
1,-2.5,R-HSA-198725,Nuclear Events (kinase and transcription factor activation),M1,1,0
1,-3.7,GO:1902600,proton transmembrane transport,M1,1,0
1,-4,GO:0044093,positive regulation of molecular function,M1,1,0
1,-2.6,GO:0045638,negative regulation of myeloid cell differentiation,M1,1,0
1,-2.5,WP5494,Tyrosine kinase inhibitors in glioblastoma,M1,1,0
1,-2.9,R-HSA-9759476,Regulation of Homotypic Cell-Cell Adhesion,M1,1,0
1,-2.1,GO:0065002,intracellular protein transmembrane transport,M1,1,0
1,-2.9,GO:0019320,hexose catabolic process,M1,1,0
1,-2,GO:0006140,regulation of nucleotide metabolic process,M1,1,0
1,-2.5,GO:0002712,regulation of B cell mediated immunity,M1,1,0
1,-2.9,GO:0090162,establishment of epithelial cell polarity,M1,1,0
1,-2.3,GO:0043114,regulation of vascular permeability,M1,1,0
1,-3,R-HSA-1500620,Meiosis,M1,1,0
1,-2.4,R-HSA-9033241,Peroxisomal protein import,M1,1,0
1,-2.4,GO:0010564,regulation of cell cycle process,M1,1,0
1,-2.7,GO:0032231,regulation of actin filament bundle assembly,M1,1,0
1,-7.8,hsa05322,Systemic lupus erythematosus,M1,1,0
1,-2.5,GO:1902018,negative regulation of cilium assembly,M1,1,0
1,-3.8,GO:1901699,cellular response to nitrogen compound,M1,1,0
1,-5.3,R-HSA-556833,Metabolism of lipids,M1,1,0
1,-2.5,GO:0120031,plasma membrane bounded cell projection assembly,M1,1,0
1,-4.1,GO:0019693,ribose phosphate metabolic process,M1,1,0
1,-5.4,GO:0006753,nucleoside phosphate metabolic process,M1,1,0
1,-2.5,GO:0045859,regulation of protein kinase activity,M1,1,0
1,-4.3,GO:0006351,DNA-templated transcription,M1,1,0
1,-2.1,GO:0006493,protein O-linked glycosylation,M1,1,0
1,-5.3,R-HSA-5693532,DNA Double-Strand Break Repair,M1,1,0
1,-2.7,GO:0120033,negative regulation of plasma membrane bounded cell projection assembly,M1,1,0
1,-3.6,R-HSA-73772,RNA Polymerase I Promoter Escape,M1,1,0
1,-2.1,GO:0071248,cellular response to metal ion,M1,1,0
1,-3.6,GO:0051052,regulation of DNA metabolic process,M1,1,0
1,-3.9,GO:0030335,positive regulation of cell migration,M1,1,0
1,-2.4,GO:0060416,response to growth hormone,M1,1,0
1,-2.4,GO:0000463,"maturation of LSU-rRNA from tricistronic rRNA transcript (SSU-rRNA, 5.8S rRNA, LSU-rRNA)",M1,1,0
1,-2.2,GO:0042354,L-fucose metabolic process,M1,1,0
1,-3.1,R-HSA-9764560,Regulation of CDH1 Gene Transcription,M1,1,0
1,-2.6,GO:0007030,Golgi organization,M1,1,0
1,-2.1,GO:0072663,establishment of protein localization to peroxisome,M1,1,0
1,-4.5,GO:0080135,regulation of cellular response to stress,M1,1,0
1,-2.1,WP5331,Autophagy in pancreatic ductal adenocarcinoma,M1,1,0
1,-2.1,GO:0072243,metanephric nephron epithelium development,M1,1,0
1,-3,GO:0032446,protein modification by small protein conjugation,M1,1,0
1,-2.6,R-HSA-9930044,Nuclear RNA decay,M1,1,0
1,-2.7,GO:0072578,neurotransmitter-gated ion channel clustering,M1,1,0
1,-2.2,WP3391,Senescence associated secretory phenotype SASP,M1,1,0
1,-2.3,R-HSA-5688426,Deubiquitination,M1,1,0
1,-3,GO:1902116,negative regulation of organelle assembly,M1,1,0
1,-3.3,GO:0051174,regulation of phosphorus metabolic process,M1,1,0
1,-4.1,GO:0055003,cardiac myofibril assembly,M1,1,0
1,-5.3,GO:0050790,regulation of catalytic activity,M1,1,0
1,-2,WP3676,BDNF TrkB signaling,M1,1,0
1,-2.2,GO:1900544,positive regulation of purine nucleotide metabolic process,M1,1,0
1,-2.1,hsa04072,Phospholipase D signaling pathway,M1,1,0
1,-2.1,GO:0007520,myoblast fusion,M1,1,0
1,-3.5,GO:0060041,retina development in camera-type eye,M1,1,0
1,-2.5,R-HSA-1236973,Cross-presentation of particulate exogenous antigens (phagosomes),M1,1,0
1,-4.6,R-HSA-5693567,HDR through Homologous Recombination (HRR) or Single Strand Annealing (SSA),M1,1,0
1,-4.5,GO:0008610,lipid biosynthetic process,M1,1,0
1,-5.5,GO:0007507,heart development,M1,1,0
1,-2.6,GO:0072001,renal system development,M1,1,0
1,-2.4,hsa04071,Sphingolipid signaling pathway,M1,1,0
1,-2.3,GO:0021799,cerebral cortex radially oriented cell migration,M1,1,0
1,-3.2,M158,PID INTEGRIN4 PATHWAY,M1,1,0
1,-4.9,WP2374,Oncostatin M signaling,M1,1,0
1,-3.2,R-HSA-110328,Recognition and association of DNA glycosylase with site containing an affected pyrimidine,M1,1,0
1,-3,GO:0045059,positive thymic T cell selection,M1,1,0
1,-2.7,GO:0030859,polarized epithelial cell differentiation,M1,1,0
1,-3.3,GO:0050850,positive regulation of calcium-mediated signaling,M1,1,0
1,-2.5,R-HSA-446388,Regulation of cytoskeletal remodeling and cell spreading by IPP complex components,M1,1,0
1,-3.5,GO:0072522,purine-containing compound biosynthetic process,M1,1,0
1,-3.3,R-HSA-9764274,Regulation of Expression and Function of Type I Classical Cadherins,M1,1,0
1,-4.4,hsa05165,Human papillomavirus infection,M1,1,0
1,-3,GO:0045830,positive regulation of isotype switching,M1,1,0
1,-2.3,R-HSA-2559582,Senescence-Associated Secretory Phenotype (SASP),M1,1,0
1,-2.6,GO:0071478,cellular response to radiation,M1,1,0
1,-4.3,GO:0007420,brain development,M1,1,0
1,-2.1,GO:0051384,response to glucocorticoid,M1,1,0
1,-2.5,R-HSA-421270,Cell-cell junction organization,M1,1,0
1,-4.8,WP3888,VEGFA VEGFR2 signaling,M1,1,0
1,-2.8,GO:0010506,regulation of autophagy,M1,1,0
1,-2.3,GO:0045786,negative regulation of cell cycle,M1,1,0
1,-2.9,GO:0033674,positive regulation of kinase activity,M1,1,0
1,-2.6,GO:0007612,learning,M1,1,0
1,-2.5,GO:1990809,endoplasmic reticulum tubular network membrane organization,M1,1,0
1,-2.4,R-HSA-9843940,Regulation of endogenous retroelements by KRAB-ZFP proteins,M1,1,0
1,-3.7,GO:0061061,muscle structure development,M1,1,0
1,-3,R-HSA-73884,Base Excision Repair,M1,1,0
1,-2.7,GO:0002697,regulation of immune effector process,M1,1,0
1,-3.6,CORUM:2754,JUND-FOSB-SMAD3-SMAD4 complex,M1,1,0
1,-2.3,GO:1903909,regulation of receptor clustering,M1,1,0
1,-3.5,R-HSA-110331,Cleavage of the damaged purine,M1,1,0
1,-4.5,hsa03273,Virion - Lassa virus and SFTS virus,M1,1,0
1,-2.2,GO:0006397,mRNA processing,M1,1,0
1,-2.5,hsa05417,Lipid and atherosclerosis,M1,1,0
1,-2.4,GO:0002708,positive regulation of lymphocyte mediated immunity,M1,1,0
1,-4.1,GO:0034330,cell junction organization,M1,1,0
1,-3.2,GO:1903051,negative regulation of proteolysis involved in protein catabolic process,M1,1,0
1,-3,GO:0031122,cytoplasmic microtubule organization,M1,1,0
1,-2.7,GO:0090022,regulation of neutrophil chemotaxis,M1,1,0
1,-5.7,GO:0050865,regulation of cell activation,M1,1,0
1,-2.2,GO:0019317,fucose catabolic process,M1,1,0
1,-4.4,R-HSA-9675108,Nervous system development,M1,1,0
1,-3.6,WP2005,miR targeted genes in muscle cell,M1,1,0
1,-3.6,GO:0045937,positive regulation of phosphate metabolic process,M1,1,0
1,-6.1,R-HSA-9012999,RHO GTPase cycle,M1,1,0
1,-5.1,GO:0050807,regulation of synapse organization,M1,1,0
1,-3,GO:0030324,lung development,M1,1,0
1,-2.5,GO:0070102,interleukin-6-mediated signaling pathway,M1,1,0
1,-3.2,GO:0104004,cellular response to environmental stimulus,M1,1,0
1,-2.9,hsa04360,Axon guidance,M1,1,0
1,-3.7,GO:0051146,striated muscle cell differentiation,M1,1,0
1,-2.1,R-HSA-9818027,NFE2L2 regulating anti-oxidant/detoxification enzymes,M1,1,0
1,-2.9,GO:0048738,cardiac muscle tissue development,M1,1,0
1,-2.2,GO:0050920,regulation of chemotaxis,M1,1,0
1,-2.2,GO:0009125,nucleoside monophosphate catabolic process,M1,1,0
1,-2.2,GO:0048193,Golgi vesicle transport,M1,1,0
1,-2.9,GO:0030323,respiratory tube development,M1,1,0
1,-2.6,GO:0050773,regulation of dendrite development,M1,1,0
1,-2.3,GO:0061025,membrane fusion,M1,1,0
1,-2.7,GO:0042771,intrinsic apoptotic signaling pathway in response to DNA damage by p53 class mediator,M1,1,0
1,-2.4,WP5398,NRXN1 deletion syndrome,M1,1,0
1,-2.4,hsa05171,Coronavirus disease - COVID-19,M1,1,0
1,-3,GO:0042776,proton motive force-driven mitochondrial ATP synthesis,M1,1,0
1,-3.7,GO:0051603,proteolysis involved in protein catabolic process,M1,1,0
1,-4.8,GO:0007409,axonogenesis,M1,1,0
1,-2.9,GO:0030031,cell projection assembly,M1,1,0
1,-4.1,GO:0048858,cell projection morphogenesis,M1,1,0
1,-3.3,R-HSA-5693607,Processing of DNA double-strand break ends,M1,1,0
1,-2.7,GO:0001656,metanephros development,M1,1,0
1,-2,GO:0000075,cell cycle checkpoint signaling,M1,1,0
1,-2,GO:0007413,axonal fasciculation,M1,1,0
1,-2.9,GO:1901799,negative regulation of proteasomal protein catabolic process,M1,1,0
1,-2.5,GO:0022900,electron transport chain,M1,1,0
1,-2.1,WP3844,PI3K AKT mTOR signaling and therapeutic opportunities in prostate cancer,M1,1,0
1,-2.1,WP5115,Network map of SARS CoV 2 signaling,M1,1,0
1,-2.5,GO:0001822,kidney development,M1,1,0
1,-3.5,GO:0032228,"regulation of synaptic transmission, GABAergic",M1,1,0
1,-2.7,GO:0010212,response to ionizing radiation,M1,1,0
1,-2.2,GO:0034620,cellular response to unfolded protein,M1,1,0
1,-2.3,GO:0031642,negative regulation of myelination,M1,1,0
1,-7.7,GO:0009895,negative regulation of catabolic process,M1,1,0
1,-3.2,GO:0042594,response to starvation,M1,1,0
1,-3.2,GO:0001568,blood vessel development,M1,1,0
1,-3.1,GO:0009060,aerobic respiration,M1,1,0
1,-2.6,GO:0071526,semaphorin-plexin signaling pathway,M1,1,0
1,-2.2,GO:0006417,regulation of translation,M1,1,0
1,-3.5,R-HSA-110330,Recognition and association of DNA glycosylase with site containing an affected purine,M1,1,0
1,-5.2,GO:0051249,regulation of lymphocyte activation,M1,1,0
1,-2.1,hsa05202,Transcriptional misregulation in cancer,M1,1,0
1,-2.7,CORUM:777,Exon junction complex,M1,1,0
1,-2.2,GO:0030968,endoplasmic reticulum unfolded protein response,M1,1,0
1,-2.3,GO:0032940,secretion by cell,M1,1,0
1,-4.1,GO:0051960,regulation of nervous system development,M1,1,0
1,-4.2,R-HSA-5693606,DNA Double Strand Break Response,M1,1,0
1,-2.5,hsa04512,ECM-receptor interaction,M1,1,0
1,-2.1,GO:0007346,regulation of mitotic cell cycle,M1,1,0
1,-3.2,R-HSA-6811442,Intra-Golgi and retrograde Golgi-to-ER traffic,M1,1,0
1,-2.5,GO:0051205,protein insertion into membrane,M1,1,0
1,-4.4,GO:0051963,regulation of synapse assembly,M1,1,0
1,-2.5,WP1471,Target of rapamycin signaling,M1,1,0
1,-2.3,GO:0098887,"neurotransmitter receptor transport, endosome to postsynaptic membrane",M1,1,0
1,-3.2,R-HSA-2559586,DNA Damage/Telomere Stress Induced Senescence,M1,1,0
1,-2.3,GO:0048814,regulation of dendrite morphogenesis,M1,1,0
1,-2.6,R-HSA-9711123,Cellular response to chemical stress,M1,1,0
1,-5.1,hsa04514,Cell adhesion molecules,M1,1,0
1,-2.4,GO:0090158,endoplasmic reticulum membrane organization,M1,1,0
1,-3.6,GO:0043085,positive regulation of catalytic activity,M1,1,0
1,-2.4,GO:0071763,nuclear membrane organization,M1,1,0
1,-3.8,GO:0060260,regulation of transcription initiation by RNA polymerase II,M1,1,0
1,-2.1,GO:0036258,multivesicular body assembly,M1,1,0
1,-2,GO:0097305,response to alcohol,M1,1,0
1,-2.5,GO:0019646,aerobic electron transport chain,M1,1,0
1,-2.5,GO:2000737,negative regulation of stem cell differentiation,M1,1,0
1,-3.3,R-HSA-73886,Chromosome Maintenance,M1,1,0
1,-2.6,GO:0002824,positive regulation of adaptive immune response based on somatic recombination of immune receptors built from immunoglobulin superfamily domains,M1,1,0
1,-2.5,GO:0043405,regulation of MAP kinase activity,M1,1,0
1,-2.6,GO:0001707,mesoderm formation,M1,1,0
1,-3.3,GO:0009142,nucleoside triphosphate biosynthetic process,M1,1,0
1,-2.5,M92,PID ANGIOPOIETIN RECEPTOR PATHWAY,M1,1,0
1,-2.4,GO:0010389,regulation of G2/M transition of mitotic cell cycle,M1,1,0
1,-2.9,GO:0098876,vesicle-mediated transport to the plasma membrane,M1,1,0
1,-2.6,GO:0044743,protein transmembrane import into intracellular organelle,M1,1,0
1,-2.3,GO:2000059,negative regulation of ubiquitin-dependent protein catabolic process,M1,1,0
1,-2.7,GO:0050848,regulation of calcium-mediated signaling,M1,1,0
1,-3.5,R-HSA-427359,SIRT1 negatively regulates rRNA expression,M1,1,0
1,-2.9,R-HSA-983169,Class I MHC mediated antigen processing & presentation,M1,1,0
1,-2.3,GO:0001941,postsynaptic membrane organization,M1,1,0
1,-2.2,GO:0034101,erythrocyte homeostasis,M1,1,0
1,-2.4,GO:0140367,antibacterial innate immune response,M1,1,0
1,-5.9,GO:0010256,endomembrane system organization,M1,1,0
1,-2.9,R-HSA-211000,Gene Silencing by RNA,M1,1,0
1,-2.4,M48,PID MET PATHWAY,M1,1,0
1,-4.9,GO:0051251,positive regulation of lymphocyte activation,M1,1,0
1,-4.3,GO:0032456,endocytic recycling,M1,1,0
1,-2.6,WP5094,Orexin receptor pathway,M1,1,0
1,-3,hsa05152,Tuberculosis,M1,1,0
1,-3.3,GO:0006403,RNA localization,M1,1,0
1,-4.3,GO:0009259,ribonucleotide metabolic process,M1,1,0
1,-2.3,GO:1902905,positive regulation of supramolecular fiber organization,M1,1,0
1,-2,WP4880,Host pathogen interaction of human coronaviruses interferon induction,M1,1,0
1,-2.1,GO:0060993,kidney morphogenesis,M1,1,0
1,-2.8,R-HSA-68616,Assembly of the ORC complex at the origin of replication,M1,1,0
1,-2.8,R-HSA-195258,RHO GTPase Effectors,M1,1,0
1,-2.6,WP2572,Primary focal segmental glomerulosclerosis FSGS,M1,1,0
1,-2.2,GO:0031645,negative regulation of nervous system process,M1,1,0
1,-2.7,GO:0032760,positive regulation of tumor necrosis factor production,M1,1,0
1,-2.6,WP2037,Prolactin signaling,M1,1,0
1,-4.3,GO:0050863,regulation of T cell activation,M1,1,0
1,-2.7,GO:0003013,circulatory system process,M1,1,0
1,-4.8,GO:0090407,organophosphate biosynthetic process,M1,1,0
1,-2.3,GO:0006997,nucleus organization,M1,1,0
1,-2.5,GO:0045861,negative regulation of proteolysis,M1,1,0
1,-5.7,GO:0051248,negative regulation of protein metabolic process,M1,1,0
1,-2.1,GO:1901800,positive regulation of proteasomal protein catabolic process,M1,1,0
1,-3.7,GO:0035418,protein localization to synapse,M1,1,0
1,-3.6,GO:1904844,response to L-glutamine,M1,1,0
1,-2.5,GO:0006364,rRNA processing,M1,1,0
1,-4.3,hsa04940,Type I diabetes mellitus,M1,1,0
1,-2.3,GO:1901569,fatty acid derivative catabolic process,M1,1,0
1,-3.1,GO:0006402,mRNA catabolic process,M1,1,0
1,-2.1,hsa03060,Protein export,M1,1,0
1,-3.6,R-HSA-201722,Formation of the beta-catenin:TCF transactivating complex,M1,1,0
1,-2.3,M69,PID REELIN PATHWAY,M1,1,0
1,-4.5,R-HSA-2262752,Cellular responses to stress,M1,1,0
1,-3.9,hsa04613,Neutrophil extracellular trap formation,M1,1,0
1,-2.2,GO:0070201,regulation of establishment of protein localization,M1,1,0
1,-3.2,GO:0070848,response to growth factor,M1,1,0
1,-4.2,R-HSA-9670095,Inhibition of DNA recombination at telomere,M1,1,0
1,-2.1,GO:0000077,DNA damage checkpoint signaling,M1,1,0
1,-2.1,GO:0006665,sphingolipid metabolic process,M1,1,0
1,-2.3,M18,PID INTEGRIN1 PATHWAY,M1,1,0
1,-5.8,GO:1901137,carbohydrate derivative biosynthetic process,M1,1,0
1,-2.8,GO:0097194,execution phase of apoptosis,M1,1,0
1,-2.7,CORUM:1155,Integrator-RNAPII complex,M1,1,0
1,-2.5,GO:0006468,protein phosphorylation,M1,1,0
1,-2,R-HSA-9816359,Maternal to zygotic transition (MZT),M1,1,0
1,-2,GO:0071479,cellular response to ionizing radiation,M1,1,0
1,-3,R-HSA-9700206,Signaling by ALK in cancer,M1,1,0
1,-2.4,GO:0072009,nephron epithelium development,M1,1,0
1,-2.6,R-HSA-977606,Regulation of Complement cascade,M1,1,0
1,-2.3,GO:0140112,extracellular vesicle biogenesis,M1,1,0
1,-2.6,GO:0034976,response to endoplasmic reticulum stress,M1,1,0
1,-3.1,R-HSA-73929,"Base-Excision Repair, AP Site Formation",M1,1,0
1,-3.3,GO:0070059,intrinsic apoptotic signaling pathway in response to endoplasmic reticulum stress,M1,1,0
1,-2.7,R-HSA-5653656,Vesicle-mediated transport,M1,1,0
1,-2.7,GO:0061029,eyelid development in camera-type eye,M1,1,0
1,-7.5,hsa05166,Human T-cell leukemia virus 1 infection,M1,1,0
1,-2.4,GO:1903321,negative regulation of protein modification by small protein conjugation or removal,M1,1,0
1,-5.5,GO:0043434,response to peptide hormone,M1,1,0
1,-2.4,R-HSA-9031628,NGF-stimulated transcription,M1,1,0
1,-2.4,WP2036,TNF related weak inducer of apoptosis TWEAK signaling,M1,1,0
1,-2.1,GO:0006084,acetyl-CoA metabolic process,M1,1,0
1,-3.7,R-HSA-5663202,Diseases of signal transduction by growth factor receptors and second messengers,M1,1,0
1,-2,WP2431,Spinal cord injury,M1,1,0
1,-2.6,GO:0072594,establishment of protein localization to organelle,M1,1,0
1,-4.4,GO:0005975,carbohydrate metabolic process,M1,1,0
1,-2.1,GO:0061298,retina vasculature development in camera-type eye,M1,1,0
1,-3.9,GO:0141188,nucleic acid catabolic process,M1,1,0
1,-5.4,hsa05168,Herpes simplex virus 1 infection,M1,1,0
1,-4.1,GO:0034599,cellular response to oxidative stress,M1,1,0
1,-2.2,GO:0071287,cellular response to manganese ion,M1,1,0
1,-3.4,hsa05323,Rheumatoid arthritis,M1,1,0
1,-2.7,GO:0060541,respiratory system development,M1,1,0
1,-2.6,GO:0097150,neuronal stem cell population maintenance,M1,1,0
1,-2.4,WP2355,Corticotropin releasing hormone signaling,M1,1,0
1,-2.1,GO:0038196,type III interferon-mediated signaling pathway,M1,1,0
1,-2.9,GO:0048880,sensory system development,M1,1,0
1,-2.2,M167,PID AP1 PATHWAY,M1,1,0
1,-3.7,GO:0050778,positive regulation of immune response,M1,1,0
1,-2.3,GO:0031570,DNA integrity checkpoint signaling,M1,1,0
1,-2.1,GO:1990776,response to angiotensin,M1,1,0
1,-2.2,GO:0001501,skeletal system development,M1,1,0
1,-4.5,hsa04659,Th17 cell differentiation,M1,1,0
1,-2.7,R-HSA-202433,Generation of second messenger molecules,M1,1,0
1,-3,GO:0090090,negative regulation of canonical Wnt signaling pathway,M1,1,0
1,-2.6,GO:0048589,developmental growth,M1,1,0
1,-3,GO:0071025,RNA surveillance,M1,1,0
1,-2.3,GO:0032868,response to insulin,M1,1,0
1,-2,WP244,Alpha 6 beta 4 signaling,M1,1,0
1,-4.5,GO:0031667,response to nutrient levels,M1,1,0
1,-2.3,GO:0002822,regulation of adaptive immune response based on somatic recombination of immune receptors built from immunoglobulin superfamily domains,M1,1,0
1,-2.1,GO:0032968,positive regulation of transcription elongation by RNA polymerase II,M1,1,0
1,-5.8,hsa04145,Phagosome,M1,1,0
1,-2.6,GO:0007492,endoderm development,M1,1,0
1,-3.5,GO:0048514,blood vessel morphogenesis,M1,1,0
1,-2.8,GO:0002891,positive regulation of immunoglobulin mediated immune response,M1,1,0
1,-4.1,GO:0051054,positive regulation of DNA metabolic process,M1,1,0
1,-2.7,WP3953,mRNA protein and metabolite inducation pathway by cyclosporin A,M1,1,0
1,-3.7,GO:0019886,antigen processing and presentation of exogenous peptide antigen via MHC class II,M1,1,0
1,-2.3,hsa04612,Antigen processing and presentation,M1,1,0
1,-3.2,GO:0001666,response to hypoxia,M1,1,0
1,-2.4,GO:0006412,translation,M1,1,0
1,-2.4,GO:0070085,glycosylation,M1,1,0
1,-2.1,GO:0046467,membrane lipid biosynthetic process,M1,1,0
1,-3.5,GO:0002495,antigen processing and presentation of peptide antigen via MHC class II,M1,1,0
1,-2.1,GO:0046545,development of primary female sexual characteristics,M1,1,0
1,-2.3,GO:1902903,regulation of supramolecular fiber organization,M1,1,0
1,-2.4,R-HSA-3214842,HDMs demethylate histones,M1,1,0
1,-2.8,GO:0001558,regulation of cell growth,M1,1,0
1,-2.7,GO:0019827,stem cell population maintenance,M1,1,0
1,-3,GO:0060491,regulation of cell projection assembly,M1,1,0
1,-2,GO:0045061,thymic T cell selection,M1,1,0
1,-2.9,GO:0010507,negative regulation of autophagy,M1,1,0
1,-2.5,GO:0036344,platelet morphogenesis,M1,1,0
1,-2.7,GO:1902622,regulation of neutrophil migration,M1,1,0
1,-3,GO:0032970,regulation of actin filament-based process,M1,1,0
1,-2.5,GO:0043086,negative regulation of catalytic activity,M1,1,0
1,-2.8,GO:0006302,double-strand break repair,M1,1,0
1,-3,GO:0048729,tissue morphogenesis,M1,1,0
1,-5.7,GO:0006091,generation of precursor metabolites and energy,M1,1,0
1,-2.1,GO:0043542,endothelial cell migration,M1,1,0
1,-2.7,R-HSA-983168,Antigen processing: Ubiquitination & Proteasome degradation,M1,1,0
1,-2.4,GO:0009595,detection of biotic stimulus,M1,1,0
1,-4.3,GO:0055006,cardiac cell development,M1,1,0
1,-3,R-HSA-186763,Downstream signal transduction,M1,1,0
1,-2.8,R-HSA-69473,G2/M DNA damage checkpoint,M1,1,0
1,-2.7,GO:0010927,cellular component assembly involved in morphogenesis,M1,1,0
1,-4.1,R-HSA-5250913,Positive epigenetic regulation of rRNA expression,M1,1,0
1,-2.4,GO:0045652,regulation of megakaryocyte differentiation,M1,1,0
1,-2.4,R-HSA-2173793,Transcriptional activity of SMAD2/SMAD3:SMAD4 heterotrimer,M1,1,0
1,-3.1,GO:0009199,ribonucleoside triphosphate metabolic process,M1,1,0
1,-3.6,GO:0009141,nucleoside triphosphate metabolic process,M1,1,0
1,-2.8,WP3959,DNA IR double strand breaks and cellular response via ATM,M1,1,0
1,-2.5,WP4666,Hepatitis B infection,M1,1,0
1,-2.4,GO:0031397,negative regulation of protein ubiquitination,M1,1,0
1,-2.6,GO:0009101,glycoprotein biosynthetic process,M1,1,0
1,-3.3,GO:0030307,positive regulation of cell growth,M1,1,0
1,-3.6,R-HSA-389948,Co-inhibition by PD-1,M1,1,0
1,-5,R-HSA-1280218,Adaptive Immune System,M1,1,0
1,-3.7,GO:1903037,regulation of leukocyte cell-cell adhesion,M1,1,0
1,-3.6,GO:1904845,cellular response to L-glutamine,M1,1,0
1,-2.9,GO:0032956,regulation of actin cytoskeleton organization,M1,1,0
1,-2.6,GO:0048332,mesoderm morphogenesis,M1,1,0
1,-2.3,GO:0015931,nucleobase-containing compound transport,M1,1,0
1,-2.2,GO:0051640,organelle localization,M1,1,0
1,-2.1,GO:0051647,nucleus localization,M1,1,0
1,-2.4,GO:0045198,establishment of epithelial cell apical/basal polarity,M1,1,0
1,-4.3,GO:0009314,response to radiation,M1,1,0
1,-3.3,M281,PID FAK PATHWAY,M1,1,0
1,-2.3,GO:0071622,regulation of granulocyte chemotaxis,M1,1,0
1,-3.5,GO:1902414,protein localization to cell junction,M1,1,0
1,-2.2,GO:0006949,syncytium formation,M1,1,0
1,-2.4,GO:0140253,cell-cell fusion,M1,1,0
1,-4.7,GO:0051129,negative regulation of cellular component organization,M1,1,0
1,-2.1,GO:0061919,process utilizing autophagic mechanism,M1,1,0
1,-2.7,R-HSA-9842860,Regulation of endogenous retroelements,M1,1,0
1,-2.1,GO:0043065,positive regulation of apoptotic process,M1,1,0
1,-3.1,GO:0009260,ribonucleotide biosynthetic process,M1,1,0
1,-2.3,GO:0008299,isoprenoid biosynthetic process,M1,1,0
1,-7,R-HSA-73894,DNA Repair,M1,1,0
1,-2.1,WP51,Regulation of actin cytoskeleton,M1,1,0
1,-3.2,R-HSA-68875,Mitotic Prophase,M1,1,0
1,-3.5,GO:0097193,intrinsic apoptotic signaling pathway,M1,1,0
1,-3.1,GO:0009152,purine ribonucleotide biosynthetic process,M1,1,0
1,-6.7,GO:0044089,positive regulation of cellular component biogenesis,M1,1,0
1,-3.1,R-HSA-427389,ERCC6 (CSB) and EHMT2 (G9a) positively regulate rRNA expression,M1,1,0
1,-4.8,GO:1903039,positive regulation of leukocyte cell-cell adhesion,M1,1,0
1,-2.9,GO:0045048,protein insertion into ER membrane,M1,1,0
1,-3.8,GO:0006281,DNA repair,M1,1,0
1,-2.1,WP4879,Overlap between signal transduction pathways contributing to LMNA laminopathies,M1,1,0
1,-3.6,GO:0051347,positive regulation of transferase activity,M1,1,0
1,-3,GO:0006352,DNA-templated transcription initiation,M1,1,0
1,-2.2,M122,PID IL2 1PATHWAY,M1,1,0
1,-2.2,GO:0043200,response to amino acid,M1,1,0
1,-4.3,GO:0001944,vasculature development,M1,1,0
1,-7.5,GO:0031175,neuron projection development,M1,1,0
1,-7.6,GO:0045785,positive regulation of cell adhesion,M1,1,0
1,-3.1,GO:0001654,eye development,M1,1,0
1,-2,GO:1900542,regulation of purine nucleotide metabolic process,M1,1,0
1,-4.5,GO:0062197,cellular response to chemical stress,M1,1,0
1,-4.6,GO:0072657,protein localization to membrane,M1,1,0
1,-3.1,GO:0035051,cardiocyte differentiation,M1,1,0
1,-3.2,WP2371,Parkinson 39 s disease pathway,M1,1,0
1,-3.2,hsa05231,Choline metabolism in cancer,M1,1,0
1,-5.2,GO:0031344,regulation of cell projection organization,M1,1,0
1,-2.4,GO:0006457,protein folding,M1,1,0
1,-4.5,R-HSA-422475,Axon guidance,M1,1,0
1,-3.2,R-HSA-110329,Cleavage of the damaged pyrimidine,M1,1,0
1,-3.4,R-HSA-3700989,Transcriptional Regulation by TP53,M1,1,0
1,-4,GO:0051338,regulation of transferase activity,M1,1,0
1,-2.1,GO:0060368,regulation of Fc receptor mediated stimulatory signaling pathway,M1,1,0
1,-2.4,GO:0043368,positive T cell selection,M1,1,0
1,-3.9,GO:0031399,regulation of protein modification process,M1,1,0
1,-3,R-HSA-5578749,Transcriptional regulation by small RNAs,M1,1,0
1,-4.9,GO:0002694,regulation of leukocyte activation,M1,1,0
1,-2.7,GO:2000379,positive regulation of reactive oxygen species metabolic process,M1,1,0
1,-2.2,GO:0016241,regulation of macroautophagy,M1,1,0
1,-2.5,GO:0009159,deoxyribonucleoside monophosphate catabolic process,M1,1,0
1,-2.1,GO:0046165,alcohol biosynthetic process,M1,1,0
1,-2.9,GO:0046434,organophosphate catabolic process,M1,1,0
1,-2.8,GO:0007169,cell surface receptor protein tyrosine kinase signaling pathway,M1,1,0
1,-2.2,GO:2000058,regulation of ubiquitin-dependent protein catabolic process,M1,1,0
1,-2.5,GO:0043162,ubiquitin-dependent protein catabolic process via the multivesicular body sorting pathway,M1,1,0
1,-2.9,R-HSA-8936459,RUNX1 regulates genes involved in megakaryocyte differentiation and platelet function,M1,1,0
1,-2.2,M174,PID UPA UPAR PATHWAY,M1,1,0
1,-2.5,GO:0008156,negative regulation of DNA replication,M1,1,0
1,-2.4,WP1984,Integrated breast cancer pathway,M1,1,0
1,-2.1,GO:0043116,negative regulation of vascular permeability,M1,1,0
1,-2.2,GO:0045981,positive regulation of nucleotide metabolic process,M1,1,0
1,-2.5,GO:0006282,regulation of DNA repair,M1,1,0
1,-2.4,GO:0060828,regulation of canonical Wnt signaling pathway,M1,1,0
1,-2.3,R-HSA-9615017,"FOXO-mediated transcription of oxidative stress, metabolic and neuronal genes",M1,1,0
1,-3.1,WP3584,MECP2 and associated Rett syndrome,M1,1,0
1,-2.8,GO:0003007,heart morphogenesis,M1,1,0
1,-2.4,GO:1903573,negative regulation of response to endoplasmic reticulum stress,M1,1,0
1,-6.2,GO:0061564,axon development,M1,1,0
1,-4.7,WP306,Focal adhesion,M1,1,0
1,-2.2,R-HSA-373752,Netrin-1 signaling,M1,1,0
1,-2.7,M71,PID ILK PATHWAY,M1,1,0
1,-2.3,GO:0051496,positive regulation of stress fiber assembly,M1,1,0
1,-4.8,hsa05140,Leishmaniasis,M1,1,0
1,-4.1,GO:0048545,response to steroid hormone,M1,1,0
1,-2.1,GO:0009128,purine nucleoside monophosphate catabolic process,M1,1,0
1,-3.6,GO:1901293,nucleoside phosphate biosynthetic process,M1,1,0
1,-4.5,GO:0015980,energy derivation by oxidation of organic compounds,M1,1,0
1,-2.6,GO:0001934,positive regulation of protein phosphorylation,M1,1,0
1,-2.7,GO:0048549,positive regulation of pinocytosis,M1,1,0
1,-2.3,GO:0030321,transepithelial chloride transport,M1,1,0
1,-4,GO:0030029,actin filament-based process,M1,1,0
1,-2,GO:0043101,purine-containing compound salvage,M1,1,0
1,-5.8,GO:0051668,localization within membrane,M1,1,0
1,-5.1,GO:0071345,cellular response to cytokine stimulus,M1,1,0
1,-4.6,GO:0099177,regulation of trans-synaptic signaling,M1,1,0
1,-2.4,GO:0000768,syncytium formation by plasma membrane fusion,M1,1,0
1,-2.5,WP5347,IL26 signaling,M1,1,0
1,-2.3,hsa03266,Virion - Herpesvirus,M1,1,0
1,-3.5,GO:0000956,nuclear-transcribed mRNA catabolic process,M1,1,0
1,-2.4,M145,PID P53 DOWNSTREAM PATHWAY,M1,1,0
1,-2.4,WP4549,Fragile X syndrome,M1,1,0
1,-3.2,GO:0048511,rhythmic process,M1,1,0
1,-2.4,WP5090,Complement system in neuronal development and plasticity,M1,1,0
1,-2.3,GO:1901874,negative regulation of post-translational protein modification,M1,1,0
1,-4.1,GO:1905475,regulation of protein localization to membrane,M1,1,0
1,-2.6,GO:0140694,membraneless organelle assembly,M1,1,0
1,-4.7,hsa05014,Amyotrophic lateral sclerosis,M1,1,0
1,-3.1,R-HSA-8939236,RUNX1 regulates transcription of genes involved in differentiation of HSCs,M1,1,0
1,-2.9,WP4190,Mevalonate arm of cholesterol biosynthesis pathway,M1,1,0
1,-2.2,GO:2001243,negative regulation of intrinsic apoptotic signaling pathway,M1,1,0
1,-2.5,R-HSA-5684996,MAPK1/MAPK3 signaling,M1,1,0
1,-3.8,GO:0035966,response to topologically incorrect protein,M1,1,0
1,-2.5,R-HSA-8951664,Neddylation,M1,1,0
1,-2.6,GO:0006643,membrane lipid metabolic process,M1,1,0
1,-3.2,GO:1902115,regulation of organelle assembly,M1,1,0
1,-2.1,GO:1903564,regulation of protein localization to cilium,M1,1,0
1,-2.1,GO:0030218,erythrocyte differentiation,M1,1,0
1,-2.7,GO:0071456,cellular response to hypoxia,M1,1,0
1,-2.3,GO:0007215,glutamate receptor signaling pathway,M1,1,0
1,-2.4,R-HSA-8953854,Metabolism of RNA,M1,1,0
1,-2.4,GO:0031669,cellular response to nutrient levels,M1,1,0
1,-2,GO:0061326,renal tubule development,M1,1,0
1,-3,R-HSA-3000157,Laminin interactions,M1,1,0
1,-2.6,WP4674,Head and neck squamous cell carcinoma,M1,1,0
1,-2,GO:0035020,regulation of Rac protein signal transduction,M1,1,0
1,-2.9,GO:0031401,positive regulation of protein modification process,M1,1,0
1,-2.8,GO:0071277,cellular response to calcium ion,M1,1,0
1,-2.9,WP5173,Disorders of galactose metabolism,M1,1,0
1,-2.3,hsa05163,Human cytomegalovirus infection,M1,1,0
1,-2.9,GO:1903050,regulation of proteolysis involved in protein catabolic process,M1,1,0
1,-2,R-HSA-2990846,SUMOylation,M1,1,0
1,-3.8,GO:0006644,phospholipid metabolic process,M1,1,0
1,-2.4,GO:0051302,regulation of cell division,M1,1,0
1,-3.9,WP4022,Pyrimidine metabolism,M1,1,0
1,-2.8,GO:0002714,positive regulation of B cell mediated immunity,M1,1,0
1,-4.6,hsa04510,Focal adhesion,M1,1,0
1,-2.9,GO:0006275,regulation of DNA replication,M1,1,0
1,-2.4,GO:0002821,positive regulation of adaptive immune response,M1,1,0
1,-5.2,GO:0050867,positive regulation of cell activation,M1,1,0
1,-3.3,GO:0010638,positive regulation of organelle organization,M1,1,0
1,-2.4,GO:1904044,response to aldosterone,M1,1,0
1,-2.2,GO:0048167,regulation of synaptic plasticity,M1,1,0
1,-4.4,GO:0022407,regulation of cell-cell adhesion,M1,1,0
1,-2.1,GO:0001701,in utero embryonic development,M1,1,0
1,-2,GO:0150052,regulation of postsynapse assembly,M1,1,0
1,-2.5,GO:0007172,signal complex assembly,M1,1,0
1,-3.7,GO:0002478,antigen processing and presentation of exogenous peptide antigen,M1,1,0
1,-3.5,R-HSA-9851695,Epigenetic regulation of adipogenesis genes by MLL3 and MLL4 complexes,M1,1,0
1,-2.3,GO:0042593,glucose homeostasis,M1,1,0
1,-3,GO:0032233,positive regulation of actin filament bundle assembly,M1,1,0
1,-2.5,GO:0016311,dephosphorylation,M1,1,0
1,-2.6,GO:0016052,carbohydrate catabolic process,M1,1,0
1,-2.1,R-HSA-4551638,SUMOylation of chromatin organization proteins,M1,1,0
1,-2.5,CORUM:785,Exon junction complex,M1,1,0
1,-3.5,GO:0019318,hexose metabolic process,M1,1,0
1,-4.2,GO:0007610,behavior,M1,1,0
1,-3.8,GO:0043603,amide metabolic process,M1,1,0
1,-2.7,GO:0046034,ATP metabolic process,M1,1,0
1,-3.1,GO:0070482,response to oxygen levels,M1,1,0
1,-2.6,GO:0030111,regulation of Wnt signaling pathway,M1,1,0
1,-2.9,R-HSA-1280215,Cytokine Signaling in Immune system,M1,1,0
1,-2.6,GO:0006886,intracellular protein transport,M1,1,0
1,-2.7,R-HSA-1912422,Pre-NOTCH Expression and Processing,M1,1,0
1,-2.8,GO:0002768,immune response-regulating cell surface receptor signaling pathway,M1,1,0
1,-4.8,GO:0006163,purine nucleotide metabolic process,M1,1,0
1,-3.5,R-HSA-9841922,MLL4 and MLL3 complexes regulate expression of PPARG target genes in adipogenesis and hepatic steatosis,M1,1,0
1,-3.1,hsa05034,Alcoholism,M1,1,0
1,-3,GO:0016310,phosphorylation,M1,1,0
1,-2.5,M47,PID INTEGRIN CS PATHWAY,M1,1,0
1,-2.3,GO:0099639,"neurotransmitter receptor transport, endosome to plasma membrane",M1,1,0
1,-2.6,GO:0035264,multicellular organism growth,M1,1,0
1,-2.1,GO:0072662,protein localization to peroxisome,M1,1,0
1,-2.6,GO:0030220,platelet formation,M1,1,0
1,-6,GO:0030097,hemopoiesis,M1,1,0
1,-5.9,GO:0002399,MHC class II protein complex assembly,M1,1,0
1,-2,M261,PID P53 REGULATION PATHWAY,M1,1,0
1,-2.7,WP2004,miR targeted genes in lymphocytes,M1,1,0
1,-2.1,M175,PID ERBB2 ERBB3 PATHWAY,M1,1,0
1,-2.2,GO:0048872,homeostasis of number of cells,M1,1,0
1,-2.4,GO:0035924,cellular response to vascular endothelial growth factor stimulus,M1,1,0
1,-2.3,GO:0040011,locomotion,M1,1,0
1,-4,R-HSA-212165,Epigenetic regulation of gene expression,M1,1,0
1,-5.9,GO:0002503,peptide antigen assembly with MHC class II protein complex,M1,1,0
1,-3.6,R-HSA-8939211,ESR-mediated signaling,M1,1,0
1,-2.9,R-HSA-194138,Signaling by VEGF,M1,1,0
1,-2.7,R-HSA-186797,Signaling by PDGF,M1,1,0
1,-2.3,R-HSA-611105,Respiratory electron transport,M1,1,0
1,-2.1,GO:0009126,purine nucleoside monophosphate metabolic process,M1,1,0
1,-2,GO:0106030,neuron projection fasciculation,M1,1,0
1,-2,GO:0042325,regulation of phosphorylation,M1,1,0
1,-2.1,WP364,IL6 signaling,M1,1,0
1,-2.3,hsa05321,Inflammatory bowel disease,M1,1,0
1,-3,GO:0071453,cellular response to oxygen levels,M1,1,0
1,-2.6,R-HSA-6798695,Neutrophil degranulation,M1,1,0
1,-2,GO:0050852,T cell receptor signaling pathway,M1,1,0
1,-2.6,GO:0060627,regulation of vesicle-mediated transport,M1,1,0
1,-2.2,M72,PID NECTIN PATHWAY,M1,1,0
1,-3.6,WP437,EGF EGFR signaling,M1,1,0
1,-5.4,GO:0009410,response to xenobiotic stimulus,M1,1,0
1,-3.2,hsa05010,Alzheimer disease,M1,1,0
1,-2.6,R-HSA-8980692,RHOA GTPase cycle,M1,1,0
1,-2.1,CORUM:178,"Respiratory chain complex I (holoenzyme), mitochondrial",M1,1,0
1,-4.7,hsa04380,Osteoclast differentiation,M1,1,0
1,-3.8,GO:0007229,integrin-mediated signaling pathway,M1,1,0
1,-3.9,R-HSA-9917777,Epigenetic regulation by WDR5-containing histone modifying complexes,M1,1,0
1,-2,hsa04141,Protein processing in endoplasmic reticulum,M1,1,0
1,-2.7,GO:0031345,negative regulation of cell projection organization,M1,1,0
1,-2.3,GO:0048333,mesodermal cell differentiation,M1,1,0
1,-2.5,GO:0009201,ribonucleoside triphosphate biosynthetic process,M1,1,0
1,-3.3,GO:0046365,monosaccharide catabolic process,M1,1,0
1,-2.6,R-HSA-912446,Meiotic recombination,M1,1,0
1,-2.4,GO:0042775,mitochondrial ATP synthesis coupled electron transport,M1,1,0
1,-3,GO:0043010,camera-type eye development,M1,1,0
1,-2.1,GO:0007423,sensory organ development,M1,1,0
1,-2.7,hsa05200,Pathways in cancer,M1,1,0
1,-3.1,R-HSA-416700,Other semaphorin interactions,M1,1,0
1,-2.1,GO:0002700,regulation of production of molecular mediator of immune response,M1,1,0
1,-2.1,GO:0022605,mammalian oogenesis stage,M1,1,0
1,-2.7,GO:0050657,nucleic acid transport,M1,1,0
1,-2.2,GO:0035088,establishment or maintenance of apical/basal cell polarity,M1,1,0
1,-2.5,WP5114,Nucleotide excision repair in xeroderma pigmentosum,M1,1,0
1,-2.8,GO:0007032,endosome organization,M1,1,0
1,-3.5,GO:0016072,rRNA metabolic process,M1,1,0
1,-3.1,GO:0009144,purine nucleoside triphosphate metabolic process,M1,1,0
1,-2.3,WP5101,Congenital generalized lipodystrophy,M1,1,0
1,-2.9,GO:0006650,glycerophospholipid metabolic process,M1,1,0
1,-3,GO:0006909,phagocytosis,M1,1,0
1,-5.3,GO:0002696,positive regulation of leukocyte activation,M1,1,0
1,-3.2,GO:0061644,protein localization to CENP-A containing chromatin,M1,1,0
1,-3,R-HSA-9827857,Specification of primordial germ cells,M1,1,0
1,-3.1,GO:0030900,forebrain development,M1,1,0
1,-2.1,GO:0021537,telencephalon development,M1,1,0
1,-3.6,GO:0010562,positive regulation of phosphorus metabolic process,M1,1,0
1,-3.5,GO:2000147,positive regulation of cell motility,M1,1,0
1,-7.4,R-HSA-9716542,"Signaling by Rho GTPases, Miro GTPases and RHOBTB3",M1,1,0
1,-3.6,GO:0051028,mRNA transport,M1,1,0
1,-2.2,GO:1904294,positive regulation of ERAD pathway,M1,1,0
1,-2.2,R-HSA-9821993,Replacement of protamines by nucleosomes in the male pronucleus,M1,1,0
1,-3.6,R-HSA-9616222,Transcriptional regulation of granulopoiesis,M1,1,0
1,-3.2,R-HSA-606279,Deposition of new CENPA-containing nucleosomes at the centromere,M1,1,0
1,-4.5,hsa05022,Pathways of neurodegeneration - multiple diseases,M1,1,0
