_MEMBER_MyList,_LogP_MyList,GO,Description,_PATTERN_,_RANK_,CHILD_GO_MyList
1,-7.6566282765604265,GO:0048519,negative regulation of biological process,M1,1,GO:0009895 negative regulation of catabolic process
1,-7.625622499717945,GO:0048518,positive regulation of biological process,M1,1,GO:0045785 positive regulation of cell adhesion
1,-7.466708360488599,GO:0032502,developmental process,M1,1,GO:0031175 neuron projection development
1,-5.912620574924159,GO:0009987,cellular process,M1,1,GO:0010256 endomembrane system organization
1,-5.859424356527544,GO:0002376,immune system process,M1,1,GO:0002503 peptide antigen assembly with MHC class II protein complex
1,-5.82613513371237,GO:0051179,localization,M1,1,GO:0051668 localization within membrane
1,-5.710792573487679,GO:0032501,multicellular organismal process,M1,1,GO:0050865 regulation of cell activation
1,-5.5855445650833095,GO:0050789,regulation of biological process,M1,1,GO:0120035 regulation of plasma membrane bounded cell projection organization
1,-5.514426433124582,GO:0050896,response to stimulus,M1,1,GO:0043434 response to peptide hormone
1,-5.2627781082706635,GO:0065007,biological regulation,M1,1,GO:0050790 regulation of catalytic activity
1,-3.8862076752861876,GO:0040011,locomotion,M1,1,GO:0030335 positive regulation of cell migration
1,-3.3894580838232544,GO:0042592,homeostatic process,M1,1,GO:0048871 multicellular organismal-level homeostasis
1,-3.3429389016157884,GO:0040007,growth,M1,1,GO:0030307 positive regulation of cell growth
1,-3.2305157893044356,GO:0048511,rhythmic process,M1,1,GO:0048511 rhythmic process
1,-2.3917074053066494,GO:0044419,biological process involved in interspecies interaction between organisms,M1,1,GO:0140367 antibacterial innate immune response
1,-2.149435825184746,GO:0022414,reproductive process,M1,1,GO:0046660 female sex differentiation
