_MEMBER_MyList,_LogP_MyList,GO,_PATTERN_,_RANK_,GiniIndex,Category,CategoryID,Description,PARENT_GO,LogP,Enrichment,Z-score,#TotalGeneInLibrary,#GeneInGO,#GeneInHitList,#GeneInGOAndHitList,%InGO,STDV %InGO,GeneID,Hits,Log(q-value),EvidenceCutoff
1,-7.7,COVID061,M1,1,0,COVID,200,Phosphoproteome_Bouhaddou_Vero_E6_2h_Down,,-7.7,2.9,6.8,30238,300,1215,35,2.9,0.48,1762|2010|2803|5108|5395|5422|5601|5784|7158|8502|8621|9537|10413|10801|10923|23269|26092|26097|27332|29924|51239|51474|55914|57492|57522|57556|57648|58525|65117|65124|85379|89853|116224|144165|253260,DMWD|EMD|GOLGA4|PCM1|PMS2|POLA1|MAPK9|PTPN14|TP53BP1|PKP4|CDK13|TP53I11|YAP1|SEPTIN9|SUB1|MGA|TOR1AIP1|CHTOP|ZNF638|EPN1|ANKRD39|LIMA1|ERBIN|ARID1B|SRGAP1|SEMA6A|NHSL3|WIZ|RSRC2|SOWAHC|KIAA1671|MVB12B|PABIR1|PRICKLE1|RICTOR,-3.9,0
1,-6.2,COVID240,M1,1,0,COVID,200,RNA_Lieberman_Nasopharynx_High_vs_Low_Down,,-6.2,3.2,6.1,30238,188,1215,24,2,0.4,293|973|1960|2212|2319|2801|2872|3726|4122|4627|5788|6167|7852|9349|10014|22898|23031|23406|25828|56905|57153|63928|317762|729171,SLC25A6|CD79A|EGR3|FCGR2A|FLOT2|GOLGA2|MKNK2|JUNB|MAN2A2|MYH9|PTPRC|RPL37|CXCR4|RPL23|HDAC5|DENND3|MAST3|COTL1|TXN2|C15orf39|SLC44A2|CHP2|CCDC85C|ANKRD20A8P,-2.8,0
1,-5.3,COVID234,M1,1,0,COVID,200,Phosphoproteome_Klann_Caco-2_24h_Down,,-5.3,2.5,5.3,30238,300,1215,30,2.5,0.45,2177|2975|2976|3105|5108|5829|7158|8502|8621|8914|9994|10413|10643|10766|23248|23314|26092|55357|55421|55914|57522|57619|58525|79169|80124|84629|85379|116224|170463|221937,FANCD2|GTF3C1|GTF3C2|HLA-A|PCM1|PXN|TP53BP1|PKP4|CDK13|TIMELESS|CASP8AP2|YAP1|IGF2BP3|TOB2|RPRD2|SATB2|TOR1AIP1|TBC1D2|NCBP3|ERBIN|SRGAP1|SHROOM3|WIZ|C1orf35|VCPIP1|TNRC18|KIAA1671|PABIR1|SSBP4|FOXK1,-2.4,0
1,-5.3,COVID383,M1,1,0,COVID,200,Interactome_Laurent_HEK293_24h_ORF3B,,-5.3,2.5,5.3,30238,300,1215,30,2.5,0.45,1186|1525|2042|2319|3105|3678|5793|5795|5819|6526|7037|8027|8502|10228|10490|23657|26060|29893|29914|51136|54438|54958|55117|55717|57613|79571|84669|84725|126208|390916,CLCN7|CXADR|EPHA3|FLOT2|HLA-A|ITGA5|PTPRG|PTPRJ|NECTIN2|SLC5A3|TFRC|STAM|PKP4|STX6|VTI1B|SLC7A11|APPL1|PSMC3IP|UBIAD1|RNFT1|GFOD1|TMEM160|SLC6A15|WDR11|FAM234B|GCC1|USP32|PLEKHA8|ZNF787|NUDT19,-2.4,0
1,-4.9,COVID005,M1,1,0,COVID,200,RNA_Appelberg_Huh-7_72h_Down,,-4.9,2.4,5,30238,300,1215,29,2.4,0.44,513|4627|4713|5159|5266|5362|6449|6723|7076|8828|9088|9401|10189|11178|23170|23246|23406|23753|29924|54863|56905|79039|79144|80178|84885|113000|124935|146760|651746,ATP5F1D|MYH9|NDUFB7|PDGFRB|PI3|PLXNA2|SGTA|SRM|TIMP1|NRP2|PKMYT1|RECQL4|ALYREF|LZTS1|TTLL12|BOP1|COTL1|SDF2L1|EPN1|TOR4A|C15orf39|DDX54|PPDPF|TEDC2|ZDHHC12|RPUSD1|SLC43A2|RTN4RL1|ANKRD33B,-2.1,0
1,-4.5,COVID372,M1,1,0,COVID,200,Interactome_Laurent_HEK293_24h_NSP16,,-4.5,2.4,4.8,30238,283,1215,27,2.2,0.42,3301|5108|5601|7159|8500|8502|9439|9931|10807|10848|23007|25896|26005|26015|29761|54438|54520|55610|57171|57221|57673|64343|79848|85379|155061|221937|390916,DNAJA1|PCM1|MAPK9|TP53BP2|PPFIA1|PKP4|MED23|HELZ|ENTR1|PPP1R13L|PLCH1|INTS7|C2CD3|RPAP1|USP25|GFOD1|CCDC93|VPS50|DOLPP1|ARFGEF3|BEND3|AZI2|CSPP1|KIAA1671|ZNF746|FOXK1|NUDT19,-1.9,0
1,-4.4,COVID346,M1,1,0,COVID,200,RNA_Wilk_B-cells_patient-C5_Down,,-4.4,2.7,4.8,30238,181,1215,20,1.6,0.37,293|973|2186|2354|3105|3111|3115|3123|3716|3726|3727|4050|5204|5788|7852|9987|23526|25957|55904|57153,SLC25A6|CD79A|BPTF|FOSB|HLA-A|HLA-DOA|HLA-DPB1|HLA-DRB1|JAK1|JUNB|JUND|LTB|PFDN5|PTPRC|CXCR4|HNRNPDL|ARHGAP45|PNISR|KMT2E|SLC44A2,-1.8,0
1,-4.1,COVID038,M1,1,0,COVID,200,RNA_Sun_Calu-3_12h_Up,,-4.1,2.2,4.4,30238,300,1215,27,2.2,0.42,629|1105|3428|3624|4850|4940|5101|7159|9736|9792|10157|10308|22823|23034|26049|26122|26137|29761|55904|56261|64761|65117|79668|153830|199692|253260|651746,CFB|CHD1|IFI16|INHBA|CNOT4|OAS3|PCDH9|TP53BP2|USP34|SERTAD2|AASS|ZNF267|MTF2|SAMD4A|FAM169A|EPC2|ZBTB20|USP25|KMT2E|GPCPD1|PARP12|RSRC2|PARP8|RNF145|ZNF627|RICTOR|ANKRD33B,-1.7,0
1,-4.1,COVID060,M1,1,0,COVID,200,Phosphoproteome_Bouhaddou_Vero_E6_24h_Up,,-4.1,2.2,4.4,30238,300,1215,27,2.2,0.42,1105|2289|3675|5315|5430|5495|5836|6722|6830|7094|7158|8428|8621|8914|9401|9667|26005|26064|26092|26099|55100|55181|57727|79039|84067|84669|221937,CHD1|FKBP5|ITGA3|PKM|POLR2A|PPM1B|PYGL|SRF|SUPT6H|TLN1|TP53BP1|STK24|CDK13|TIMELESS|RECQL4|SAFB2|C2CD3|RAI14|TOR1AIP1|SZRD1|WDR70|SMG8|NCOA5|DDX54|FHIP1B|USP32|FOXK1,-1.7,0
1,-4.1,COVID130,M1,1,0,COVID,200,Phosphoproteome_Stukalov_A549-ACE2_24h_Down,,-4.1,2.2,4.4,30238,300,1215,27,2.2,0.42,1848|2801|2976|4850|5101|5108|7158|8476|8500|9567|9648|10413|10445|10564|23051|23152|23248|23269|26092|57142|57556|57613|57727|58525|64848|65109|90799,DUSP6|GOLGA2|GTF3C2|CNOT4|PCDH9|PCM1|TP53BP1|CDC42BPA|PPFIA1|GTPBP1|GCC2|YAP1|MCRS1|ARFGEF2|ZHX3|CIC|RPRD2|MGA|TOR1AIP1|RTN4|SEMA6A|FAM234B|NCOA5|WIZ|YTHDC2|UPF3B|CEP95,-1.7,0
1,-4.1,COVID375,M1,1,0,COVID,200,Interactome_Laurent_HEK293_24h_NSP4,,-4.1,2.2,4.4,30238,300,1215,27,2.2,0.42,21|1525|1535|2010|2042|3678|5819|6509|8027|9648|10555|23279|26073|29078|51136|51594|53917|54438|55117|55717|57613|59343|79571|92840|140707|285855|390916,ABCA3|CXADR|CYBA|EMD|EPHA3|ITGA5|NECTIN2|SLC1A4|STAM|GCC2|AGPAT2|NUP160|POLDIP2|NDUFAF4|RNFT1|NBAS|RAB24|GFOD1|SLC6A15|WDR11|FAM234B|SENP2|GCC1|REEP6|BRI3BP|RPL7L1|NUDT19,-1.7,0
1,-4,COVID138,M1,1,0,COVID,200,Proteome_Stukalov_A549_72h_E_Down,,-4,2.4,4.5,30238,238,1215,23,1.9,0.39,293|1525|1535|2801|3105|3691|3716|3912|5127|5828|6509|6832|7384|8664|10923|23246|23248|23404|55717|64429|92106|170463|283871,SLC25A6|CXADR|CYBA|GOLGA2|HLA-A|ITGB4|JAK1|LAMB1|CDK16|PEX2|SLC1A4|SUPV3L1|UQCRC1|EIF3D|SUB1|BOP1|RPRD2|EXOSC2|WDR11|ZDHHC6|OXNAD1|SSBP4|PGP,-1.6,0
1,-4,COVID368,M1,1,0,COVID,200,Interactome_Laurent_HEK293_24h_NSP12,,-4,2.3,4.4,30238,255,1215,24,2,0.4,2665|3301|5108|5201|5204|7159|9931|10459|10807|23007|23038|25847|25896|55610|57171|57221|79848|84254|85379|134492|200933|317762|390916|445815,GDI2|DNAJA1|PCM1|PFDN1|PFDN5|TP53BP2|HELZ|MAD2L2|ENTR1|PLCH1|WDTC1|ANAPC13|INTS7|VPS50|DOLPP1|ARFGEF3|CSPP1|CAMKK1|KIAA1671|NUDCD2|FBXO45|CCDC85C|NUDT19|PALM2AKAP2,-1.6,0
1,-3.7,COVID283,M1,1,0,COVID,200,RNA_Wilk_Dendritic-cells_patient-C5_Down,,-3.7,6.8,5.6,30238,22,1215,6,0.49,0.2,293|3111|5204|7305|25957|51386,SLC25A6|HLA-DOA|PFDN5|TYROBP|PNISR|EIF3L,-1.5,0
1,-3.7,COVID057,M1,1,0,COVID,200,Phosphoproteome_Bouhaddou_Vero_E6_12h_Down,,-3.7,2.2,4.1,30238,300,1215,26,2.1,0.42,1026|3726|5108|5395|5784|6449|8621|10413|22927|23051|23269|23271|25957|26097|27332|51474|55133|55689|57492|57522|58525|64236|83879|89853|116224|221937,CDKN1A|JUNB|PCM1|PMS2|PTPN14|SGTA|CDK13|YAP1|HABP4|ZHX3|MGA|CAMSAP2|PNISR|CHTOP|ZNF638|LIMA1|SRBD1|YEATS2|ARID1B|SRGAP1|WIZ|PDLIM2|CDCA7|MVB12B|PABIR1|FOXK1,-1.5,0
1,-3.7,COVID065,M1,1,0,COVID,200,Phosphoproteome_Bouhaddou_Vero_E6_8h_Down,,-3.7,2.2,4.1,30238,300,1215,26,2.1,0.42,1026|1105|3726|5108|5395|5784|6449|8502|8621|22927|23034|23051|23269|23271|25957|55133|55689|55914|57492|57556|58525|84067|89853|116224|144165|221937,CDKN1A|CHD1|JUNB|PCM1|PMS2|PTPN14|SGTA|PKP4|CDK13|HABP4|SAMD4A|ZHX3|MGA|CAMSAP2|PNISR|SRBD1|YEATS2|ERBIN|ARID1B|SEMA6A|WIZ|FHIP1B|MVB12B|PABIR1|PRICKLE1|FOXK1,-1.5,0
1,-3.7,COVID363,M1,1,0,COVID,200,Interactome_Laurent_HEK293_24h_E,,-3.7,2.2,4.1,30238,300,1215,26,2.1,0.42,21|513|1525|2010|3678|5819|9088|23032|23353|26073|26090|29078|50512|51136|54958|55117|55379|57142|57222|57613|59343|79039|80727|92840|140707|201164,ABCA3|ATP5F1D|CXADR|EMD|ITGA5|NECTIN2|PKMYT1|USP33|SUN1|POLDIP2|ABHD12|NDUFAF4|PODXL2|RNFT1|TMEM160|SLC6A15|LRRC59|RTN4|ERGIC1|FAM234B|SENP2|DDX54|TTYH3|REEP6|BRI3BP|PLD6,-1.5,0
1,-3.7,COVID378,M1,1,0,COVID,200,Interactome_Laurent_HEK293_24h_NSP7,,-3.7,2.2,4.1,30238,300,1215,26,2.1,0.42,2319|2975|3301|5108|5495|6646|8473|8621|9648|9652|23007|23038|23269|25847|26015|51474|56905|57171|57221|65124|80124|84254|84725|85379|390916|445815,FLOT2|GTF3C1|DNAJA1|PCM1|PPM1B|SOAT1|OGT|CDK13|GCC2|SKIC3|PLCH1|WDTC1|MGA|ANAPC13|RPAP1|LIMA1|C15orf39|DOLPP1|ARFGEF3|SOWAHC|VCPIP1|CAMKK1|PLEKHA8|KIAA1671|NUDT19|PALM2AKAP2,-1.5,0
1,-3.6,COVID009,M1,1,0,COVID,200,RNA_Blanco-Melo_A549-ACE2_Down,,-3.6,2.4,4.1,30238,207,1215,20,1.6,0.37,111|1363|1465|2012|2222|3912|3918|4486|4597|4627|5362|6509|7108|11227|23171|23175|56896|65018|80263|201294,ADCY5|CPE|CSRP1|EMP1|FDFT1|LAMB1|LAMC2|MST1R|MVD|MYH9|PLXNA2|SLC1A4|TM7SF2|GALNT5|GPD1L|LPIN1|DPYSL5|PINK1|TRIM45|UNC13D,-1.4,0
1,-3.5,COVID125,M1,1,0,COVID,200,Interactome_Stukalov_A549_72h_ORF7A,,-3.5,4.1,4.7,30238,55,1215,9,0.74,0.25,545|2177|9736|23310|26046|55622|63892|80789|286205,ATR|FANCD2|USP34|NCAPD3|LTN1|TTC27|THADA|INTS5|SCAI,-1.4,0
1,-3.4,COVID063,M1,1,0,COVID,200,Phosphoproteome_Bouhaddou_Vero_E6_4h_Down,,-3.4,2.4,4,30238,197,1215,19,1.6,0.36,1026|2010|3726|5108|5395|6449|8502|9401|10413|10923|23269|51239|55689|57492|58525|65117|83879|89853|116224,CDKN1A|EMD|JUNB|PCM1|PMS2|SGTA|PKP4|RECQL4|YAP1|SUB1|MGA|ANKRD39|YEATS2|ARID1B|WIZ|RSRC2|CDCA7|MVB12B|PABIR1,-1.3,0
1,-3.3,COVID344,M1,1,0,COVID,200,RNA_Wilk_B-cells_patient-C4_Down,,-3.3,2.5,4,30238,169,1215,17,1.4,0.34,293|973|2186|3111|3115|3123|3716|3726|3727|4050|5204|5788|7852|9987|23526|25957|55904,SLC25A6|CD79A|BPTF|HLA-DOA|HLA-DPB1|HLA-DRB1|JAK1|JUNB|JUND|LTB|PFDN5|PTPRC|CXCR4|HNRNPDL|ARHGAP45|PNISR|KMT2E,-1.3,0
1,-3.3,COVID040,M1,1,0,COVID,200,RNA_Sun_Calu-3_24h_Up,,-3.3,2.1,3.8,30238,300,1215,25,2.1,0.41,629|1303|2138|3624|4850|4940|7159|7538|7803|8239|8621|8864|9792|10308|23034|26122|26137|55904|56261|58499|65117|91947|153830|254048|651746,CFB|COL12A1|EYA1|INHBA|CNOT4|OAS3|TP53BP2|ZFP36|PTP4A1|USP9X|CDK13|PER2|SERTAD2|ZNF267|SAMD4A|EPC2|ZBTB20|KMT2E|GPCPD1|ZNF462|RSRC2|ARRDC4|RNF145|UBN2|ANKRD33B,-1.2,0
1,-3.3,COVID051,M1,1,0,COVID,200,RNA_Xiong_BALF_Down,,-3.3,2.1,3.8,30238,300,1215,25,2.1,0.41,30|537|714|1535|2819|3678|3707|4055|4627|6002|6688|7297|7384|8828|8907|10026|10865|23152|23659|54918|57153|64222|84034|84875|201294,ACAA1|ATP6AP1|C1QC|CYBA|GPD1|ITGA5|ITPKB|LTBR|MYH9|RGS12|SPI1|TYK2|UQCRC1|NRP2|AP1M1|PIGK|ARID5A|CIC|PLA2G15|CMTM6|SLC44A2|TOR3A|EMILIN2|PARP10|UNC13D,-1.2,0
1,-3.2,COVID255,M1,1,0,COVID,200,RNA_Wilk_CD14+Monocytes_patient-C5_Down,,-3.2,2.6,4,30238,142,1215,15,1.2,0.32,293|1848|2354|3105|3115|3123|3726|4542|5204|7305|7538|10801|23406|29992|51386,SLC25A6|DUSP6|FOSB|HLA-A|HLA-DPB1|HLA-DRB1|JUNB|MYO1F|PFDN5|TYROBP|ZFP36|SEPTIN9|COTL1|PILRA|EIF3L,-1.2,0
1,-3.2,COVID336,M1,1,0,COVID,200,RNA_Wilk_B-cells_patient-C1A-mild_Down,,-3.2,3.7,4.3,30238,60,1215,9,0.74,0.25,293|973|3111|3115|3123|3716|4050|5204|5788,SLC25A6|CD79A|HLA-DOA|HLA-DPB1|HLA-DRB1|JAK1|LTB|PFDN5|PTPRC,-1.2,0
1,-3.1,COVID350,M1,1,0,COVID,200,RNA_Wilk_B-cells_patient-C7_Down,,-3.1,4.5,4.4,30238,39,1215,7,0.58,0.22,973|3105|3115|3123|3716|4050|5788,CD79A|HLA-A|HLA-DPB1|HLA-DRB1|JAK1|LTB|PTPRC,-1.2,0
1,-3,COVID338,M1,1,0,COVID,200,RNA_Wilk_B-cells_patient-C1B-severe_Down,,-3,3.3,4.1,30238,76,1215,10,0.82,0.26,973|3115|3123|3716|3726|4050|5204|5788|7852|25957,CD79A|HLA-DPB1|HLA-DRB1|JAK1|JUNB|LTB|PFDN5|PTPRC|CXCR4|PNISR,-1.1,0
1,-3,COVID088,M1,1,0,COVID,200,Interactome_Gordon_HEK-293T_38h_NSP13,,-3,4.4,4.3,30238,40,1215,7,0.58,0.22,2801|7088|9648|79443|79571|79745|152789,GOLGA2|TLE1|GCC2|FYCO1|GCC1|CLIP4|JAKMIP1,-1.1,0
1,-2.9,COVID032,M1,1,0,COVID,200,RNA_Liao_BALF-severe_Up,,-2.9,2,3.5,30238,300,1215,24,2,0.4,639|1889|2010|2012|2152|3679|3918|5154|5732|5819|5829|9509|10309|11227|23179|55175|55784|65987|85379|114548|114783|171024|317649|445815,PRDM1|ECE1|EMD|EMP1|F3|ITGA7|LAMC2|PDGFA|PTGER2|NECTIN2|PXN|ADAMTS2|CCNO|GALNT5|RGL1|KLHL11|MCTP2|KCTD14|KIAA1671|NLRP3|LMTK3|SYNPO2|EIF4E3|PALM2AKAP2,-1.1,0
1,-2.9,COVID058,M1,1,0,COVID,200,Phosphoproteome_Bouhaddou_Vero_E6_12h_Up,,-2.9,2,3.5,30238,300,1215,24,2,0.4,1105|2289|3065|3428|5315|5495|5836|6722|6830|7094|7158|8428|8502|8914|9401|10189|25957|25962|55100|55181|55701|58525|79039|221937,CHD1|FKBP5|HDAC1|IFI16|PKM|PPM1B|PYGL|SRF|SUPT6H|TLN1|TP53BP1|STK24|PKP4|TIMELESS|RECQL4|ALYREF|PNISR|VIRMA|WDR70|SMG8|ARHGEF40|WIZ|DDX54|FOXK1,-1.1,0
1,-2.9,COVID059,M1,1,0,COVID,200,Phosphoproteome_Bouhaddou_Vero_E6_24h_Down,,-2.9,2,3.5,30238,300,1215,24,2,0.4,1026|1525|3726|5108|5395|6449|7158|9088|10189|10413|22927|23051|23269|51239|55133|55421|55689|57492|57592|58525|79039|83879|116224|221937,CDKN1A|CXADR|JUNB|PCM1|PMS2|SGTA|TP53BP1|PKMYT1|ALYREF|YAP1|HABP4|ZHX3|MGA|ANKRD39|SRBD1|NCBP3|YEATS2|ARID1B|ZNF687|WIZ|DDX54|CDCA7|PABIR1|FOXK1,-1.1,0
1,-2.9,COVID062,M1,1,0,COVID,200,Phosphoproteome_Bouhaddou_Vero_E6_2h_Up,,-2.9,2,3.5,30238,300,1215,24,2,0.4,38|1105|2475|3065|4627|5315|5430|5495|5836|6722|6830|7094|7158|8428|8914|25962|26092|27341|55100|55181|57727|79039|84067|221937,ACAT1|CHD1|MTOR|HDAC1|MYH9|PKM|POLR2A|PPM1B|PYGL|SRF|SUPT6H|TLN1|TP53BP1|STK24|TIMELESS|VIRMA|TOR1AIP1|RRP7A|WDR70|SMG8|NCOA5|DDX54|FHIP1B|FOXK1,-1.1,0
1,-2.9,COVID066,M1,1,0,COVID,200,Phosphoproteome_Bouhaddou_Vero_E6_8h_Up,,-2.9,2,3.5,30238,300,1215,24,2,0.4,1105|2289|3065|3428|4627|4628|5315|5495|5836|6722|6830|7094|7158|8428|8621|8914|9567|23246|25962|26064|26092|27341|55100|58525,CHD1|FKBP5|HDAC1|IFI16|MYH9|MYH10|PKM|PPM1B|PYGL|SRF|SUPT6H|TLN1|TP53BP1|STK24|CDK13|TIMELESS|GTPBP1|BOP1|VIRMA|RAI14|TOR1AIP1|RRP7A|WDR70|WIZ,-1.1,0
1,-2.9,COVID199,M1,1,0,COVID,200,Ubiquitinome_Stukalov_A549-ACE2_24h_Up,,-2.9,2,3.5,30238,300,1215,24,2,0.4,1349|2665|3301|3675|6526|6738|6843|7037|7298|7317|8027|9088|9375|9570|10490|10949|23657|50512|55622|56927|57003|80124|81926|90678,COX7B|GDI2|DNAJA1|ITGA3|SLC5A3|RO60|VAMP1|TFRC|TYMS|UBA1|STAM|PKMYT1|TM9SF2|GOSR2|VTI1B|HNRNPA0|SLC7A11|PODXL2|TTC27|GPR108|CCDC47|VCPIP1|ABHD17A|LRSAM1,-1.1,0
1,-2.9,COVID243,M1,1,0,COVID,200,RNA_Riva_Vero-E6_24h_Up,,-2.9,2,3.5,30238,300,1215,24,2,0.4,639|2308|2861|3624|4929|5789|6208|6832|7185|7187|7538|8013|8864|10672|10678|23034|23082|54893|57619|79094|79660|84254|155061|445815,PRDM1|FOXO1|GPR37|INHBA|NR4A2|PTPRD|RPS14|SUPV3L1|TRAF1|TRAF3|ZFP36|NR4A3|PER2|GNA13|B3GNT2|SAMD4A|PPRC1|MTMR10|SHROOM3|CHAC1|PPP1R3B|CAMKK1|ZNF746|PALM2AKAP2,-1.1,0
1,-2.8,COVID120,M1,1,0,COVID,200,Interactome_Stukalov_A549_72h_NSP6,,-2.8,3,3.8,30238,82,1215,10,0.82,0.26,513|537|5828|23406|29914|29956|55117|80727|140707|105375355,ATP5F1D|ATP6AP1|PEX2|COTL1|UBIAD1|CERS2|SLC6A15|TTYH3|BRI3BP|UPK3B,-0.97,0
1,-2.8,COVID132,M1,1,0,COVID,200,Phosphoproteome_Stukalov_A549-ACE2_6h_Down,,-2.8,3.2,3.8,30238,69,1215,9,0.74,0.25,3065|5101|5108|8467|8500|10413|57142|79169|113263,HDAC1|PCDH9|PCM1|SMARCA5|PPFIA1|YAP1|RTN4|C1orf35|GLCCI1,-0.95,0
1,-2.7,COVID253,M1,1,0,COVID,200,RNA_Wilk_CD14+Monocytes_patient-C4_Down,,-2.7,2.8,3.7,30238,97,1215,11,0.91,0.27,293|1848|2354|3115|3123|3726|5204|7305|7538|23406|51386,SLC25A6|DUSP6|FOSB|HLA-DPB1|HLA-DRB1|JUNB|PFDN5|TYROBP|ZFP36|COTL1|EIF3L,-0.95,0
1,-2.7,COVID348,M1,1,0,COVID,200,RNA_Wilk_B-cells_patient-C6_Down,,-2.7,4.5,4.1,30238,33,1215,6,0.49,0.2,293|973|3115|3123|3716|4050,SLC25A6|CD79A|HLA-DPB1|HLA-DRB1|JAK1|LTB,-0.94,0
1,-2.7,COVID380,M1,1,0,COVID,200,Interactome_Laurent_HEK293_24h_NSP9,,-2.7,3.2,3.8,30238,70,1215,9,0.74,0.25,4628|4725|10807|23007|23314|26097|29893|55172|221443,MYH10|NDUFS5|ENTR1|PLCH1|SATB2|CHTOP|PSMC3IP|DNAAF2|OARD1,-0.94,0
1,-2.6,COVID034,M1,1,0,COVID,200,RNA_Liao_BALF-severe-vs-mild_Up,,-2.6,1.9,3.2,30238,300,1215,23,1.9,0.39,639|885|1848|2012|2354|2355|3679|5154|6853|7076|7097|9509|10630|11227|23657|65987|79094|79993|80218|114548|135228|219790|400410,PRDM1|CCK|DUSP6|EMP1|FOSB|FOSL2|ITGA7|PDGFA|SYN1|TIMP1|TLR2|ADAMTS2|PDPN|GALNT5|SLC7A11|KCTD14|CHAC1|ELOVL7|NAA50|NLRP3|CD109|RTKN2|ST20,-0.87,0
1,-2.6,COVID036,M1,1,0,COVID,200,RNA_Sun_Calu-3_0h_Up,,-2.6,1.9,3.2,30238,300,1215,23,1.9,0.39,629|639|843|1026|1848|1889|1960|2152|3588|3624|4050|4824|4940|5266|6372|7130|7159|7185|7187|23034|55359|153830|651746,CFB|PRDM1|CASP10|CDKN1A|DUSP6|ECE1|EGR3|F3|IL10RB|INHBA|LTB|NKX3-1|OAS3|PI3|CXCL6|TNFAIP6|TP53BP2|TRAF1|TRAF3|SAMD4A|STYK1|RNF145|ANKRD33B,-0.87,0
1,-2.6,COVID131,M1,1,0,COVID,200,Phosphoproteome_Stukalov_A549-ACE2_24h_Up,,-2.6,1.9,3.2,30238,300,1215,23,1.9,0.39,70|119|2029|2289|3726|3831|4216|4741|5599|6449|8476|8888|9126|9667|9987|23051|23248|23271|23301|26092|26099|58525|253260,ACTC1|ADD2|ENSA|FKBP5|JUNB|KLC1|MAP3K4|NEFM|MAPK8|SGTA|CDC42BPA|MCM3AP|SMC3|SAFB2|HNRNPDL|ZHX3|RPRD2|CAMSAP2|EHBP1|TOR1AIP1|SZRD1|WIZ|RICTOR,-0.87,0
1,-2.6,COVID364,M1,1,0,COVID,200,Interactome_Laurent_HEK293_24h_M,,-2.6,1.9,3.2,30238,300,1215,23,1.9,0.39,1525|2010|2042|3678|4139|5819|6449|6509|23007|23279|23363|29078|51594|54958|55117|55212|55717|57142|57222|57613|59343|140707|390916,CXADR|EMD|EPHA3|ITGA5|MARK1|NECTIN2|SGTA|SLC1A4|PLCH1|NUP160|OBSL1|NDUFAF4|NBAS|TMEM160|SLC6A15|BBS7|WDR11|RTN4|ERGIC1|FAM234B|SENP2|BRI3BP|NUDT19,-0.87,0
1,-2.5,COVID140,M1,1,0,COVID,200,Proteome_Stukalov_A549_72h_M_Down,,-2.5,2.2,3.2,30238,168,1215,15,1.2,0.32,1525|1535|3105|3716|5127|6832|10923|23246|23404|51633|55192|55739|64429|92106|283871,CXADR|CYBA|HLA-A|JAK1|CDK16|SUPV3L1|SUB1|BOP1|EXOSC2|OTUD6B|DNAJC17|NAXD|ZDHHC6|OXNAD1|PGP,-0.8,0
1,-2.4,COVID371,M1,1,0,COVID,200,Interactome_Laurent_HEK293_24h_NSP15,,-2.4,2.6,3.3,30238,106,1215,11,0.91,0.27,658|3301|4354|5201|5204|7298|8027|10459|23271|27429|390916,BMPR1B|DNAJA1|MPP1|PFDN1|PFDN5|TYMS|STAM|MAD2L2|CAMSAP2|HTRA2|NUDT19,-0.78,0
1,-2.4,COVID055,M1,1,0,COVID,200,Phosphoproteome_Bouhaddou_Vero_E6_0h_Down,,-2.4,1.9,3,30238,277,1215,21,1.7,0.37,2010|2029|5108|5601|5784|7094|7158|8621|10413|10801|23246|26092|27332|51239|51474|54890|55717|57592|79039|83879|116224,EMD|ENSA|PCM1|MAPK9|PTPN14|TLN1|TP53BP1|CDK13|YAP1|SEPTIN9|BOP1|TOR1AIP1|ZNF638|ANKRD39|LIMA1|ALKBH5|WDR11|ZNF687|DDX54|CDCA7|PABIR1,-0.73,0
1,-2.3,COVID342,M1,1,0,COVID,200,RNA_Wilk_B-cells_patient-C3_Down,,-2.3,4.4,3.7,30238,28,1215,5,0.41,0.18,973|3115|3123|4050|4627,CD79A|HLA-DPB1|HLA-DRB1|LTB|MYH9,-0.7,0
1,-2.3,COVID064,M1,1,0,COVID,200,Phosphoproteome_Bouhaddou_Vero_E6_4h_Up,,-2.3,1.9,3,30238,262,1215,20,1.6,0.37,3065|3428|5315|5495|5836|6830|7094|7158|8621|8914|9567|23246|25962|26064|27341|55100|55701|58525|79039|84067,HDAC1|IFI16|PKM|PPM1B|PYGL|SUPT6H|TLN1|TP53BP1|CDK13|TIMELESS|GTPBP1|BOP1|VIRMA|RAI14|RRP7A|WDR70|ARHGEF40|WIZ|DDX54|FHIP1B,-0.69,0
1,-2.3,COVID004,M1,1,0,COVID,200,RNA_Appelberg_Huh-7_48h_Up,,-2.3,2.6,3.2,30238,95,1215,10,0.82,0.26,629|7803|8497|9108|79170|80235|147710|163175|163183|440503,CFB|PTP4A1|PPFIA4|MTMR7|PRR15L|PIGZ|IGSF23|LGI4|SYNE4|PLIN5,-0.69,0
1,-2.3,COVID374,M1,1,0,COVID,200,Interactome_Laurent_HEK293_24h_NSP3,,-2.3,1.8,3,30238,299,1215,22,1.8,0.38,2010|6646|7159|7917|9451|23032|23301|23478|26046|26092|26097|51062|51594|54431|57003|57142|57683|59343|79048|79971|126208|221443,EMD|SOAT1|TP53BP2|BAG6|EIF2AK3|USP33|EHBP1|SEC11A|LTN1|TOR1AIP1|CHTOP|ATL1|NBAS|DNAJC10|CCDC47|RTN4|ZDBF2|SENP2|SECISBP2|WLS|ZNF787|OARD1,-0.69,0
1,-2.3,COVID006,M1,1,0,COVID,200,RNA_Appelberg_Huh-7_72h_Up,,-2.3,1.8,2.9,30238,300,1215,22,1.8,0.38,629|2168|2212|2267|2650|3157|6579|7803|8497|9108|51084|54518|79170|80235|80339|135228|147710|163175|163183|340156|376940|440503,CFB|FABP1|FCGR2A|FGL1|GCNT1|HMGCS1|SLCO1A2|PTP4A1|PPFIA4|MTMR7|CRYL1|APBB1IP|PRR15L|PIGZ|PNPLA3|CD109|IGSF23|LGI4|SYNE4|MYLK4|ZC3H6|PLIN5,-0.69,0
1,-2.3,COVID007,M1,1,0,COVID,200,RNA_Blanco-Melo_A549_Down,,-2.3,1.8,2.9,30238,300,1215,22,1.8,0.38,573|2222|2232|2584|3157|3301|4597|4713|5101|7067|8914|9088|9401|10189|23753|50628|54058|54958|79039|84885|113000|283871,BAG1|FDFT1|FDXR|GALK1|HMGCS1|DNAJA1|MVD|NDUFB7|PCDH9|THRA|TIMELESS|PKMYT1|RECQL4|ALYREF|SDF2L1|GEMIN4|C21orf58|TMEM160|DDX54|ZDHHC12|RPUSD1|PGP,-0.69,0
1,-2.3,COVID008,M1,1,0,COVID,200,RNA_Blanco-Melo_A549_Up,,-2.3,1.8,2.9,30238,300,1215,22,1.8,0.38,629|1303|2534|3675|3678|3918|4124|4824|5154|6509|7185|8473|23034|23657|25932|26064|51088|55117|57683|79094|79993|114907,CFB|COL12A1|FYN|ITGA3|ITGA5|LAMC2|MAN2A1|NKX3-1|PDGFA|SLC1A4|TRAF1|OGT|SAMD4A|SLC7A11|CLIC4|RAI14|KLHL5|SLC6A15|ZDBF2|CHAC1|ELOVL7|FBXO32,-0.69,0
1,-2.3,COVID010,M1,1,0,COVID,200,RNA_Blanco-Melo_A549-ACE2_Up,,-2.3,1.8,2.9,30238,300,1215,22,1.8,0.38,1105|2354|3726|3727|7538|7716|7803|8013|9792|9852|9925|10308|51320|55766|56261|65117|80232|84628|92595|160760|171546|201164,CHD1|FOSB|JUNB|JUND|ZFP36|VEZF1|PTP4A1|NR4A3|SERTAD2|EPM2AIP1|ZBTB5|ZNF267|MEX3C|H2AJ|GPCPD1|RSRC2|WDR26|NTNG2|ZNF764|PPTC7|SPTSSA|PLD6,-0.69,0
1,-2.3,COVID016,M1,1,0,COVID,200,RNA_Blanco-Melo_Calu-3_Up,,-2.3,1.8,2.9,30238,300,1215,22,1.8,0.38,639|1026|2152|2308|2354|2355|3428|3624|4050|4940|6509|7185|7538|9246|9792|10308|22898|64761|84875|91947|253260|651746,PRDM1|CDKN1A|F3|FOXO1|FOSB|FOSL2|IFI16|INHBA|LTB|OAS3|SLC1A4|TRAF1|ZFP36|UBE2L6|SERTAD2|ZNF267|DENND3|PARP12|PARP10|ARRDC4|RICTOR|ANKRD33B,-0.69,0
1,-2.3,COVID124,M1,1,0,COVID,200,Interactome_Stukalov_A549_72h_ORF3,,-2.3,1.8,2.9,30238,300,1215,22,1.8,0.38,112|537|658|1155|1186|1889|3105|3588|4055|4059|5101|5795|5797|5819|5872|6009|8828|10228|10672|23406|57282|140809,ADCY6|ATP6AP1|BMPR1B|TBCB|CLCN7|ECE1|HLA-A|IL10RB|LTBR|BCAM|PCDH9|PTPRJ|PTPRM|NECTIN2|RAB13|RHEB|NRP2|STX6|GNA13|COTL1|SLC4A10|SRXN1,-0.69,0
1,-2.3,COVID235,M1,1,0,COVID,200,Phosphoproteome_Klann_Caco-2_24h_Up,,-2.3,1.8,2.9,30238,300,1215,22,1.8,0.38,3608|4670|5108|5829|8723|8766|10490|10564|10643|10949|29924|51474|55357|55610|56339|57142|57648|64236|65117|65124|401152|445815,ILF2|HNRNPM|PCM1|PXN|SNX4|RAB11A|VTI1B|ARFGEF2|IGF2BP3|HNRNPA0|EPN1|LIMA1|TBC1D2|VPS50|METTL3|RTN4|NHSL3|PDLIM2|RSRC2|SOWAHC|ARLN|PALM2AKAP2,-0.69,0
1,-2.3,COVID236,M1,1,0,COVID,200,Proteome_Klann_Caco-2_24h_Down,,-2.3,1.8,2.9,30238,300,1215,22,1.8,0.38,335|1535|2195|2222|3716|4712|5018|5422|5438|7037|7468|7707|8242|8721|8914|26872|27341|55239|55756|56655|79589|83752,APOA1|CYBA|FAT1|FDFT1|JAK1|NDUFB6|OXA1L|POLA1|POLR2I|TFRC|NSD2|ZNF148|KDM5C|EDF1|TIMELESS|STEAP1|RRP7A|OGFOD1|INTS9|POLE4|RNF128|LONP2,-0.69,0
1,-2.3,COVID377,M1,1,0,COVID,200,Interactome_Laurent_HEK293_24h_NSP6,,-2.3,1.8,2.9,30238,300,1215,22,1.8,0.38,21|513|1525|1535|2010|3678|5819|9088|23032|23353|26090|51594|53917|54958|55117|55379|57222|57613|59343|79039|84669|140707,ABCA3|ATP5F1D|CXADR|CYBA|EMD|ITGA5|NECTIN2|PKMYT1|USP33|SUN1|ABHD12|NBAS|RAB24|TMEM160|SLC6A15|LRRC59|ERGIC1|FAM234B|SENP2|DDX54|USP32|BRI3BP,-0.69,0
1,-2.3,COVID389,M1,1,0,COVID,200,Interactome_Laurent_HEK293_24h_ORF9C,,-2.3,1.8,2.9,30238,300,1215,22,1.8,0.38,21|1889|2010|3678|8467|9375|9537|9570|23246|23353|23478|26090|26092|51136|55117|55133|55255|57222|58525|64425|140707|283871,ABCA3|ECE1|EMD|ITGA5|SMARCA5|TM9SF2|TP53I11|GOSR2|BOP1|SUN1|SEC11A|ABHD12|TOR1AIP1|RNFT1|SLC6A15|SRBD1|WDR41|ERGIC1|WIZ|POLR1E|BRI3BP|PGP,-0.69,0
1,-2.3,COVID298,M1,1,0,COVID,200,RNA_Wilk_NK-cells_patient-C5_Down,,-2.3,4.3,3.6,30238,29,1215,5,0.41,0.18,293|1535|3105|3716|4145,SLC25A6|CYBA|HLA-A|JAK1|MATK,-0.67,0
1,-2.3,COVID160,M1,1,0,COVID,200,Proteome_Stukalov_A549_72h_NSP4_Down,,-2.3,3.6,3.5,30238,41,1215,6,0.49,0.2,6780|7037|9551|9570|83879|200933,STAU1|TFRC|ATP5MF|GOSR2|CDCA7|FBXO45,-0.66,0
1,-2.3,COVID366,M1,1,0,COVID,200,Interactome_Laurent_HEK293_24h_NSP1,,-2.3,3.6,3.5,30238,41,1215,6,0.49,0.2,3646|5422|8664|22927|51386|57171,EIF3E|POLA1|EIF3D|HABP4|EIF3L|DOLPP1,-0.66,0
1,-2.2,COVID198,M1,1,0,COVID,200,Ubiquitinome_Stukalov_A549-ACE2_24h_Down,,-2.2,2,3,30238,196,1215,16,1.3,0.33,998|3845|4670|4712|5108|5315|5430|6780|8027|9126|10413|10643|25896|29761|63035|80218,CDC42|KRAS|HNRNPM|NDUFB6|PCM1|PKM|POLR2A|STAU1|STAM|SMC3|YAP1|IGF2BP3|INTS7|USP25|BCORL1|NAA50,-0.65,0
1,-2.2,COVID245,M1,1,0,COVID,200,RNA_Wilk_CD14+Monocytes_patient-C1A-mild_Down,,-2.2,3.2,3.3,30238,55,1215,7,0.58,0.22,293|1848|2354|3115|3123|3726|51386,SLC25A6|DUSP6|FOSB|HLA-DPB1|HLA-DRB1|JUNB|EIF3L,-0.64,0
1,-2.1,COVID381,M1,1,0,COVID,200,Interactome_Laurent_HEK293_24h_ORF10,,-2.1,2.6,3.1,30238,85,1215,9,0.74,0.25,4725|5201|5204|7917|26097|51372|126208|221443|390916,NDUFS5|PFDN1|PFDN5|BAG6|CHTOP|TMA7|ZNF787|OARD1|NUDT19,-0.61,0
1,-2.1,COVID139,M1,1,0,COVID,200,Proteome_Stukalov_A549_72h_E_Up,,-2.1,2,2.8,30238,186,1215,15,1.2,0.32,3123|6167|8148|8242|8721|9349|9570|10972|11178|23152|23659|26097|54918|83638|253260,HLA-DRB1|RPL37|TAF15|KDM5C|EDF1|RPL23|GOSR2|TMED10|LZTS1|CIC|PLA2G15|CHTOP|CMTM6|C11orf68|RICTOR,-0.58,0
1,-2.1,COVID247,M1,1,0,COVID,200,RNA_Wilk_CD14+Monocytes_patient-C1B-severe_Down,,-2.1,3,3.1,30238,58,1215,7,0.58,0.22,293|2354|3115|3123|3726|7538|51386,SLC25A6|FOSB|HLA-DPB1|HLA-DRB1|JUNB|ZFP36|EIF3L,-0.58,0
1,-2.1,COVID330,M1,1,0,COVID,200,RNA_Wilk_CD4+T-cells_patient-C5_Down,,-2.1,3.9,3.3,30238,32,1215,5,0.41,0.18,293|3105|4050|23526|25957,SLC25A6|HLA-A|LTB|ARHGAP45|PNISR,-0.58,0
1,-2.1,COVID141,M1,1,0,COVID,200,Proteome_Stukalov_A549_72h_M_Up,,-2.1,2.4,2.9,30238,103,1215,10,0.82,0.26,3678|4725|6293|8148|8914|9667|10490|56896|58499|79993,ITGA5|NDUFS5|VPS52|TAF15|TIMELESS|SAFB2|VTI1B|DPYSL5|ZNF462|ELOVL7,-0.57,0
1,-2.1,COVID149,M1,1,0,COVID,200,Proteome_Stukalov_A549_72h_NSP14_Up,,-2.1,3.3,3.2,30238,45,1215,6,0.49,0.2,9852|22927|26872|92840|203068|254048,EPM2AIP1|HABP4|STEAP1|REEP6|TUBB|UBN2,-0.56,0
1,-2,COVID109,M1,1,0,COVID,200,Interactome_Stukalov_A549_72h_M,,-2,2.2,2.8,30238,138,1215,12,0.99,0.28,38|2861|4780|8888|10564|23310|26046|55622|55680|57142|57198|153830,ACAT1|GPR37|NFE2L2|MCM3AP|ARFGEF2|NCAPD3|LTN1|TTC27|RUFY2|RTN4|ATP8B2|RNF145,-0.53,0
