_MEMBER_MyList,_LogP_MyList,GO,_PATTERN_,_RANK_,GiniIndex,Category,CategoryID,Description,PARENT_GO,LogP,Enrichment,Z-score,#TotalGeneInLibrary,#GeneInGO,#GeneInHitList,#GeneInGOAndHitList,%InGO,STDV %InGO,GeneID,Hits,Log(q-value),EvidenceCutoff
1,-8,M41700,M1,1,0,Cell Type Signatures,7,TRAVAGLINI LUNG OLR1 CLASSICAL MONOCYTE CELL,,-8,2.2,6.5,30238,726,1215,63,5.2,0.64,719|1026|1105|1438|1536|1848|1889|2010|2012|2212|2289|2354|2355|3678|3716|3845|4354|4627|4670|4860|5315|5732|5819|5829|5872|6483|6688|7037|7076|7097|7130|7159|7185|7305|8428|10184|10226|10228|10308|10459|10672|10923|11182|23179|23787|25932|26286|51088|54918|55914|56261|57132|57142|57222|64343|79660|84034|84669|114548|124935|152007|153830|401152,C3AR1|CDKN1A|CHD1|CSF2RA|CYBB|DUSP6|ECE1|EMD|EMP1|FCGR2A|FKBP5|FOSB|FOSL2|ITGA5|JAK1|KRAS|MPP1|MYH9|HNRNPM|PNP|PKM|PTGER2|NECTIN2|PXN|RAB13|ST3GAL2|SPI1|TFRC|TIMP1|TLR2|TNFAIP6|TP53BP2|TRAF1|TYROBP|STK24|LHFPL2|PLIN3|STX6|ZNF267|MAD2L2|GNA13|SUB1|SLC2A6|RGL1|MTCH1|CLIC4|ARFGAP3|KLHL5|CMTM6|ERBIN|GPCPD1|CHMP1B|RTN4|ERGIC1|AZI2|PPP1R3B|EMILIN2|USP32|NLRP3|SLC43A2|GLIPR2|RNF145|ARLN,-3.9,0
1,-7.6,M41697,M1,1,0,Cell Type Signatures,7,TRAVAGLINI LUNG EREG DENDRITIC CELL,,-7.6,2.3,6.4,30238,579,1215,53,4.4,0.59,468|714|719|1026|1349|1438|1536|1848|2012|2212|2289|2354|3111|3115|3120|3123|3678|3727|4780|4860|4929|5819|6646|6688|7037|7076|7097|7159|7305|8428|10184|10226|10228|10672|23179|23406|23787|54918|57132|57142|57222|64343|79145|80727|83982|84034|84669|114548|121512|123920|124935|152007|153830,ATF4|C1QC|C3AR1|CDKN1A|COX7B|CSF2RA|CYBB|DUSP6|EMP1|FCGR2A|FKBP5|FOSB|HLA-DOA|HLA-DPB1|HLA-DQB2|HLA-DRB1|ITGA5|JUND|NFE2L2|PNP|NR4A2|NECTIN2|SOAT1|SPI1|TFRC|TIMP1|TLR2|TP53BP2|TYROBP|STK24|LHFPL2|PLIN3|STX6|GNA13|RGL1|COTL1|MTCH1|CMTM6|CHMP1B|RTN4|ERGIC1|AZI2|CHCHD7|TTYH3|IFI27L2|EMILIN2|USP32|NLRP3|FGD4|CMTM3|SLC43A2|GLIPR2|RNF145,-3.8,0
1,-7.5,M39175,M1,1,0,Cell Type Signatures,7,MURARO PANCREAS MESENCHYMAL STROMAL CELL,,-7.5,2.2,6.3,30238,680,1215,59,4.9,0.62,165|468|639|1292|1303|1848|2012|2191|2195|2534|3428|3488|3624|3678|3716|3912|4627|5018|5139|5156|5159|5784|6251|6723|7076|7094|7130|8428|8440|8445|8828|9270|9349|9509|9697|10184|10413|10631|10920|23271|23657|25932|26010|26064|26872|27292|55379|55701|79971|80381|80727|85407|114907|123920|125111|140809|160418|203068|353500,AEBP1|ATF4|PRDM1|COL6A2|COL12A1|DUSP6|EMP1|FAP|FAT1|FYN|IFI16|IGFBP5|INHBA|ITGA5|JAK1|LAMB1|MYH9|OXA1L|PDE3A|PDGFRA|PDGFRB|PTPN14|RSU1|SRM|TIMP1|TLN1|TNFAIP6|STK24|NCK2|DYRK2|NRP2|ITGB1BP1|RPL23|ADAMTS2|TRAM2|LHFPL2|YAP1|POSTN|COPS8|CAMSAP2|SLC7A11|CLIC4|SPATS2L|RAI14|STEAP1|DIMT1|LRRC59|ARHGEF40|WLS|CD276|TTYH3|NKD1|FBXO32|CMTM3|GJD3|SRXN1|TMTC3|TUBB|BMP8A,-3.8,0
1,-6.7,M39055,M1,1,0,Cell Type Signatures,7,MANNO MIDBRAIN NEUROTYPES HRGL2A,,-6.7,2.2,5.9,30238,600,1215,52,4.3,0.58,117|576|577|590|655|1182|1804|2012|2042|2152|2195|2354|2581|3157|3913|6509|7852|9378|9459|9697|9920|10157|10226|10630|10678|22871|23302|23363|23657|28999|51065|54585|55780|57556|58528|79583|79971|80727|81563|83982|84460|93190|93233|116372|129881|130026|143282|220382|221074|387885|388585|401551,ADCYAP1R1|ADGRB2|ADGRB3|BCHE|BMP7|CLCN3|DPP6|EMP1|EPHA3|F3|FAT1|FOSB|GALC|HMGCS1|LAMB2|SLC1A4|CXCR4|NRXN1|ARHGEF6|TRAM2|KBTBD11|AASS|PLIN3|PDPN|B3GNT2|NLGN1|WSCD1|OBSL1|SLC7A11|KLF15|RPS27L|LZTFL1|ERMARD|SEMA6A|RRAGD|TMEM231|WLS|TTYH3|C1orf21|IFI27L2|ZMAT1|CFAP107|ODAD1|LYPD1|CFAP210|ICA1L|FGFBP3|FAM181B|SLC39A12|CFAP73|HES5|WDR38,-3.3,0
1,-5.9,M39168,M1,1,0,Cell Type Signatures,7,MURARO PANCREAS ALPHA CELL,,-5.9,2.1,5.4,30238,568,1215,48,4,0.56,537|1363|1804|2053|2191|2650|3105|4628|4701|4833|4929|5315|5532|5789|6456|7920|8473|8766|8787|9108|9378|9551|9615|9890|10226|10324|10591|23114|23406|23423|23504|23604|23753|26119|28958|28978|29761|29937|51171|54058|57157|57221|57709|79660|83982|84187|91947|401612,ATP6AP1|CPE|DPP6|EPHX2|FAP|GCNT1|HLA-A|MYH10|NDUFA7|NME4|NR4A2|PKM|PPP3CB|PTPRD|SH3GL2|ABHD16A|OGT|RAB11A|RGS9|MTMR7|NRXN1|ATP5MF|GDA|PLPPR4|PLIN3|KLHL41|DNPH1|NFASC|COTL1|TMED3|RIMBP2|DAPK2|SDF2L1|LDLRAP1|COA3|TMEM14A|USP25|NENF|HSD17B14|C21orf58|PHTF2|ARFGEF3|SLC7A14|PPP1R3B|IFI27L2|TMEM164|ARRDC4|SLC25A53,-2.6,0
1,-5.8,M39039,M1,1,0,Cell Type Signatures,7,FAN EMBRYONIC CTX BRAIN ENDOTHELIAL 1,,-5.8,2.3,5.5,30238,440,1215,40,3.3,0.51,402|1292|1346|1465|1889|3678|3912|3913|4628|5793|5797|5819|5829|5947|6509|6579|7037|7076|7088|8502|10174|10266|10904|22899|23171|23657|25932|26064|51088|54873|56261|57556|64236|64411|64761|80243|81926|85379|123099|168537,ARL2|COL6A2|COX7A1|CSRP1|ECE1|ITGA5|LAMB1|LAMB2|MYH10|PTPRG|PTPRM|NECTIN2|PXN|RBP1|SLC1A4|SLCO1A2|TFRC|TIMP1|TLE1|PKP4|SORBS3|RAMP2|BLCAP|ARHGEF15|GPD1L|SLC7A11|CLIC4|RAI14|KLHL5|PALMD|GPCPD1|SEMA6A|PDLIM2|ARAP3|PARP12|PREX2|ABHD17A|KIAA1671|DEGS2|GIMAP7,-2.6,0
1,-5.6,M41712,M1,1,0,Cell Type Signatures,7,FAN OVARY CL10 PUTATIVE EARLY ATRESIA GRANULOSA CELL,,-5.6,2.6,5.6,30238,274,1215,29,2.4,0.44,268|293|335|498|516|1155|2232|4701|4706|4713|4725|4833|5300|5315|5438|5947|6208|6637|9551|10226|10591|28978|51065|51372|51386|79144|150678|203068|100128731,AMH|SLC25A6|APOA1|ATP5F1A|ATP5MC1|TBCB|FDXR|NDUFA7|NDUFAB1|NDUFB7|NDUFS5|NME4|PIN1|PKM|POLR2I|RBP1|RPS14|SNRPG|ATP5MF|PLIN3|DNPH1|TMEM14A|RPS27L|TMA7|EIF3L|PPDPF|COPS9|TUBB|OST4,-2.5,0
1,-5.5,M39209,M1,1,0,Cell Type Signatures,7,HAY BONE MARROW STROMAL,,-5.5,1.9,5.1,30238,765,1215,58,4.8,0.61,730|1292|1303|1346|1780|2012|2042|2138|2191|2195|2354|3316|3488|3913|3953|4139|4634|5156|5159|5793|5797|5819|5947|7130|7538|8828|9378|9509|10266|10413|11281|22871|23114|23179|23314|23604|23768|25932|26064|26872|28999|29953|51474|54873|55068|63951|80243|80381|84940|146760|163175|169200|171024|284827|349136|388021|389136|399947,C7|COL6A2|COL12A1|COX7A1|DYNC1I1|EMP1|EPHA3|EYA1|FAP|FAT1|FOSB|HSPB2|IGFBP5|LAMB2|LEPR|MARK1|MYL3|PDGFRA|PDGFRB|PTPRG|PTPRM|NECTIN2|RBP1|TNFAIP6|ZFP36|NRP2|NRXN1|ADAMTS2|RAMP2|YAP1|POU6F2|NLGN1|NFASC|RGL1|SATB2|DAPK2|FLRT2|CLIC4|RAI14|STEAP1|KLF15|TRHDE|LIMA1|PALMD|ENOX1|DMRTA1|PREX2|CD276|CORO6|RTN4RL1|LGI4|TMEM64|SYNPO2|KRTAP13-4|WDR86|TMEM179|VGLL3|C11orf87,-2.4,0
1,-5.4,M41717,M1,1,0,Cell Type Signatures,7,FAN OVARY CL15 SMALL ANTRAL FOLLICLE GRANULOSA CELL,,-5.4,2,5.1,30238,645,1215,51,4.2,0.58,268|335|639|1349|1960|2152|2222|2232|2355|3157|3301|4116|4670|4701|4712|4725|4780|4833|5495|5732|5819|5947|6009|6637|7803|8239|8364|9987|10001|10226|10413|10482|10591|10678|10848|10923|10987|23204|23787|25828|26097|28978|55696|57003|65117|65124|79602|79848|92840|114907|121512,AMH|APOA1|PRDM1|COX7B|EGR3|F3|FDFT1|FDXR|FOSL2|HMGCS1|DNAJA1|MAGOH|HNRNPM|NDUFA7|NDUFB6|NDUFS5|NFE2L2|NME4|PPM1B|PTGER2|NECTIN2|RBP1|RHEB|SNRPG|PTP4A1|USP9X|H4C3|HNRNPDL|MED6|PLIN3|YAP1|NXF1|DNPH1|B3GNT2|PPP1R13L|SUB1|COPS5|ARL6IP1|MTCH1|TXN2|CHTOP|TMEM14A|RBM22|CCDC47|RSRC2|SOWAHC|ADIPOR2|CSPP1|REEP6|FBXO32|FGD4,-2.4,0
1,-5.4,M41667,M1,1,0,Cell Type Signatures,7,TRAVAGLINI LUNG CAPILLARY INTERMEDIATE 2 CELL,,-5.4,2.3,5.2,30238,408,1215,37,3,0.49,402|573|1346|2029|2289|2803|3115|3248|4627|4670|4725|5204|5872|6167|8148|9246|9349|9553|23014|25847|26099|26994|51065|51088|51372|55863|64236|65018|79145|79602|79780|80306|83982|94239|150678|401152|100128731,ARL2|BAG1|COX7A1|ENSA|FKBP5|GOLGA4|HLA-DPB1|HPGD|MYH9|HNRNPM|NDUFS5|PFDN5|RAB13|RPL37|TAF15|UBE2L6|RPL23|MRPL33|FBXO21|ANAPC13|SZRD1|RNF11|RPS27L|KLHL5|TMA7|TMEM126B|PDLIM2|PINK1|CHCHD7|ADIPOR2|CCDC82|MED28|IFI27L2|H2AZ2|COPS9|ARLN|OST4,-2.4,0
1,-5.4,M41710,M1,1,0,Cell Type Signatures,7,FAN OVARY CL8 MATURE CUMULUS GRANULOSA CELL 2,,-5.4,2,5.1,30238,646,1215,51,4.2,0.58,268|293|335|402|498|516|1155|2222|2232|4089|4701|4706|4712|4713|4725|4833|5300|5438|5947|7108|7336|7384|7514|8364|9459|9551|9553|10226|10413|10467|10591|10848|10972|25828|26073|28958|28978|51065|51320|51372|54918|65124|79144|84681|84798|85359|92840|123920|150678|203068|100128731,AMH|SLC25A6|APOA1|ARL2|ATP5F1A|ATP5MC1|TBCB|FDFT1|FDXR|SMAD4|NDUFA7|NDUFAB1|NDUFB6|NDUFB7|NDUFS5|NME4|PIN1|POLR2I|RBP1|TM7SF2|UBE2V2|UQCRC1|XPO1|H4C3|ARHGEF6|ATP5MF|MRPL33|PLIN3|YAP1|ZNHIT1|DNPH1|PPP1R13L|TMED10|TXN2|POLDIP2|COA3|TMEM14A|RPS27L|MEX3C|TMA7|CMTM6|SOWAHC|PPDPF|HINT2|C19orf48P|DGCR6L|REEP6|CMTM3|COPS9|TUBB|OST4,-2.4,0
1,-5.3,M41751,M1,1,0,Cell Type Signatures,7,RUBENSTEIN SKELETAL MUSCLE MYELOID CELLS,,-5.3,2.4,5.2,30238,347,1215,33,2.7,0.47,293|998|1026|1438|1535|1536|2029|2354|2665|3115|3123|3646|3726|3727|4929|5204|5788|6167|6208|6688|7076|7305|7538|9349|10923|23406|23478|29992|51386|54918|56655|152007|100128731,SLC25A6|CDC42|CDKN1A|CSF2RA|CYBA|CYBB|ENSA|FOSB|GDI2|HLA-DPB1|HLA-DRB1|EIF3E|JUNB|JUND|NR4A2|PFDN5|PTPRC|RPL37|RPS14|SPI1|TIMP1|TYROBP|ZFP36|RPL23|SUB1|COTL1|SEC11A|PILRA|EIF3L|CMTM6|POLE4|GLIPR2|OST4,-2.4,0
1,-5.2,M39264,M1,1,0,Cell Type Signatures,7,HU FETAL RETINA FIBROBLAST,,-5.2,2.3,5.1,30238,385,1215,35,2.9,0.48,165|1292|1535|1793|1889|2042|2354|3105|3428|3488|3678|3726|3912|3913|4627|4628|5156|5159|5872|7076|7094|7538|8828|9211|10174|10266|25932|26010|51474|55766|55914|64344|79971|123920|171024,AEBP1|COL6A2|CYBA|DOCK1|ECE1|EPHA3|FOSB|HLA-A|IFI16|IGFBP5|ITGA5|JUNB|LAMB1|LAMB2|MYH9|MYH10|PDGFRA|PDGFRB|RAB13|TIMP1|TLN1|ZFP36|NRP2|LGI1|SORBS3|RAMP2|CLIC4|SPATS2L|LIMA1|H2AJ|ERBIN|HIF3A|WLS|CMTM3|SYNPO2,-2.3,0
1,-5.2,M39305,M1,1,0,Cell Type Signatures,7,CUI DEVELOPING HEART C8 MACROPHAGE,,-5.2,2.5,5.2,30238,275,1215,28,2.3,0.43,714|719|1026|1535|1536|2212|2354|2872|3105|3115|3123|3726|3727|4542|4689|4929|5788|6688|7097|7305|7538|7852|10672|23406|29992|54518|81704|114548,C1QC|C3AR1|CDKN1A|CYBA|CYBB|FCGR2A|FOSB|MKNK2|HLA-A|HLA-DPB1|HLA-DRB1|JUNB|JUND|MYO1F|NCF4|NR4A2|PTPRC|SPI1|TLR2|TYROBP|ZFP36|CXCR4|GNA13|COTL1|PILRA|APBB1IP|DOCK8|NLRP3,-2.3,0
1,-5.1,M39099,M1,1,0,Cell Type Signatures,7,ZHONG PFC C4 PTGDS POS OPC,,-5.1,3.2,5.5,30238,147,1215,19,1.6,0.36,2534|2819|2903|3157|4340|4780|6449|8502|9375|10617|23114|23271|27328|55149|79856|84837|89853|253260|339483,FYN|GPD1|GRIN2A|HMGCS1|MOG|NFE2L2|SGTA|PKP4|TM9SF2|STAMBP|NFASC|CAMSAP2|PCDH11X|MTPAP|SNX22|ARHGAP5-AS1|MVB12B|RICTOR|MTMR9LP,-2.3,0
1,-5.1,M39037,M1,1,0,Cell Type Signatures,7,FAN EMBRYONIC CTX OLIG,,-5.1,1.8,4.8,30238,754,1215,56,4.6,0.6,111|402|1182|1465|1995|2222|2581|2861|2903|3157|3707|4124|4336|4340|5121|5365|5789|6579|7439|8502|9108|9846|10228|10617|23031|23114|23127|25932|26119|29937|29956|53637|54893|55117|55766|55806|57060|57142|57709|79602|79712|79993|81926|84448|89853|91368|92017|114793|114907|116224|144165|145270|169200|171546|253260|353500,ADCY5|ARL2|CLCN3|CSRP1|ELAVL3|FDFT1|GALC|GPR37|GRIN2A|HMGCS1|ITPKB|MAN2A1|MOBP|MOG|PCP4|PLXNB3|PTPRD|SLCO1A2|BEST1|PKP4|MTMR7|GAB2|STX6|STAMBP|MAST3|NFASC|COLGALT2|CLIC4|LDLRAP1|NENF|CERS2|S1PR5|MTMR10|SLC6A15|H2AJ|HR|PCBP4|RTN4|SLC7A14|ADIPOR2|GTDC1|ELOVL7|ABHD17A|ABLIM2|MVB12B|CDKN2AIPNL|SNX29|FMNL2|FBXO32|PABIR1|PRICKLE1|PRIMA1|TMEM64|SPTSSA|RICTOR|BMP8A,-2.3,0
1,-5,M41748,M1,1,0,Cell Type Signatures,7,RUBENSTEIN SKELETAL MUSCLE SATELLITE CELLS,,-5,2.4,5.1,30238,310,1215,30,2.5,0.45,203|293|498|513|516|2354|3488|3646|3726|3727|4725|5348|5613|5947|6167|6208|7538|8664|8721|9349|9551|9987|10949|26010|26137|27316|51386|150678|203068|285855,AK1|SLC25A6|ATP5F1A|ATP5F1D|ATP5MC1|FOSB|IGFBP5|EIF3E|JUNB|JUND|NDUFS5|FXYD1|PRKX|RBP1|RPL37|RPS14|ZFP36|EIF3D|EDF1|RPL23|ATP5MF|HNRNPDL|HNRNPA0|SPATS2L|ZBTB20|RBMX|EIF3L|COPS9|TUBB|RPL7L1,-2.3,0
1,-5,M39051,M1,1,0,Cell Type Signatures,7,MANNO MIDBRAIN NEUROTYPES HMGL,,-5,2,4.9,30238,577,1215,46,3.8,0.55,639|714|719|1026|1535|1536|1793|1960|2212|2267|2289|2354|3428|3726|4055|4354|4542|4689|4821|4929|5788|5836|5872|6688|6886|7094|7305|7538|8497|9459|10184|10630|22898|23179|23307|23526|23657|23659|51171|54518|54863|57804|64222|81704|114548|197259,PRDM1|C1QC|C3AR1|CDKN1A|CYBA|CYBB|DOCK1|EGR3|FCGR2A|FGL1|FKBP5|FOSB|IFI16|JUNB|LTBR|MPP1|MYO1F|NCF4|NKX2-2|NR4A2|PTPRC|PYGL|RAB13|SPI1|TAL1|TLN1|TYROBP|ZFP36|PPFIA4|ARHGEF6|LHFPL2|PDPN|DENND3|RGL1|FKBP15|ARHGAP45|SLC7A11|PLA2G15|HSD17B14|APBB1IP|TOR4A|POLD4|TOR3A|DOCK8|NLRP3|MLKL,-2.3,0
1,-4.9,M39122,M1,1,0,Cell Type Signatures,7,AIZARANI LIVER C21 STELLATE CELLS 1,,-4.9,2.8,5.2,30238,194,1215,22,1.8,0.38,165|730|1026|1292|1465|2012|2354|2872|3123|3488|3680|3726|3912|4628|5101|5156|5947|7076|7538|9509|83643|171024,AEBP1|C7|CDKN1A|COL6A2|CSRP1|EMP1|FOSB|MKNK2|HLA-DRB1|IGFBP5|ITGA9|JUNB|LAMB1|MYH10|PCDH9|PDGFRA|RBP1|TIMP1|ZFP36|ADAMTS2|CCDC3|SYNPO2,-2.2,0
1,-4.9,M39017,M1,1,0,Cell Type Signatures,7,FAN EMBRYONIC CTX BIG GROUPS CAJAL RETZIUS,,-4.9,2,4.8,30238,499,1215,41,3.4,0.52,498|516|537|730|1026|1346|1349|1363|2861|3105|3157|3316|3488|3831|4702|4706|4712|4713|4741|5121|5300|5315|6009|7108|9509|10555|10920|11182|23105|23154|26577|28978|54769|81849|123099|196047|203111|282974|283229|326624|399947,ATP5F1A|ATP5MC1|ATP6AP1|C7|CDKN1A|COX7A1|COX7B|CPE|GPR37|HLA-A|HMGCS1|HSPB2|IGFBP5|KLC1|NDUFA8|NDUFAB1|NDUFB6|NDUFB7|NEFM|PCP4|PIN1|PKM|RHEB|TM7SF2|ADAMTS2|AGPAT2|COPS8|SLC2A6|FSTL4|NCDN|PCOLCE2|TMEM14A|DIRAS2|ST6GALNAC5|DEGS2|EMX2OS|ERICH5|STK32C|CRACR2B|RAB37|C11orf87,-2.1,0
1,-4.8,M39052,M1,1,0,Cell Type Signatures,7,MANNO MIDBRAIN NEUROTYPES HOPC,,-4.8,2.2,4.9,30238,366,1215,33,2.7,0.47,117|590|1793|1804|2534|2894|3707|4661|4821|5156|7298|9014|9378|10184|22871|23302|23554|23657|27328|51084|51474|54058|54212|54438|54921|57795|81563|83982|143282|219790|220382|375612|388585,ADCYAP1R1|BCHE|DOCK1|DPP6|FYN|GRID1|ITPKB|MYT1|NKX2-2|PDGFRA|TYMS|TAF1B|NRXN1|LHFPL2|NLGN1|WSCD1|TSPAN12|SLC7A11|PCDH11X|CRYL1|LIMA1|C21orf58|SNTG1|GFOD1|CHTF8|BRINP2|C1orf21|IFI27L2|FGFBP3|RTKN2|FAM181B|LHFPL3|HES5,-2.1,0
1,-4.8,M41669,M1,1,0,Cell Type Signatures,7,TRAVAGLINI LUNG BRONCHIAL VESSEL 2 CELL,,-4.8,2.5,5,30238,272,1215,27,2.2,0.42,639|1026|1960|2012|2354|2355|3301|3428|3608|3726|4116|4670|4780|4860|4929|7538|8864|9553|9987|10865|10923|25932|27075|27316|27341|54873|79845,PRDM1|CDKN1A|EGR3|EMP1|FOSB|FOSL2|DNAJA1|IFI16|ILF2|JUNB|MAGOH|HNRNPM|NFE2L2|PNP|NR4A2|ZFP36|PER2|MRPL33|HNRNPDL|ARID5A|SUB1|CLIC4|TSPAN13|RBMX|RRP7A|PALMD|RNF122,-2.1,0
1,-4.2,M41746,M1,1,0,Cell Type Signatures,7,RUBENSTEIN SKELETAL MUSCLE SMOOTH MUSCLE CELLS,,-4.2,2,4.4,30238,445,1215,36,3,0.49,203|293|498|513|573|1346|1349|1363|1465|3488|3726|4059|4702|4706|4713|4725|5204|5315|5348|5872|6251|7336|7384|7538|8364|9270|9349|9553|10865|10920|51065|51386|79144|83643|151258|171024,AK1|SLC25A6|ATP5F1A|ATP5F1D|BAG1|COX7A1|COX7B|CPE|CSRP1|IGFBP5|JUNB|BCAM|NDUFA8|NDUFAB1|NDUFB7|NDUFS5|PFDN5|PKM|FXYD1|RAB13|RSU1|UBE2V2|UQCRC1|ZFP36|H4C3|ITGB1BP1|RPL23|MRPL33|ARID5A|COPS8|RPS27L|EIF3L|PPDPF|CCDC3|SLC38A11|SYNPO2,-1.7,0
1,-4.2,M39066,M1,1,0,Cell Type Signatures,7,MANNO MIDBRAIN NEUROTYPES HNBML5,,-4.2,2,4.4,30238,465,1215,37,3,0.49,119|577|1525|1995|2042|2138|3065|3831|4139|4661|4821|5101|5362|5599|6886|9378|9537|10842|11007|22854|23114|23154|23175|27328|56776|57221|79169|80852|84978|89853|114783|196047|254048|284309|286205|390927|401190,ADD2|ADGRB3|CXADR|ELAVL3|EPHA3|EYA1|HDAC1|KLC1|MARK1|MYT1|NKX2-2|PCDH9|PLXNA2|MAPK8|TAL1|NRXN1|TP53I11|PPP1R17|CCDC85B|NTNG1|NFASC|NCDN|LPIN1|PCDH11X|FMN2|ARFGEF3|C1orf35|GRIP2|FRMD5|MVB12B|LMTK3|EMX2OS|UBN2|ZNF776|SCAI|ZNF793|RGS7BP,-1.7,0
1,-4.1,M41703,M1,1,0,Cell Type Signatures,7,FAN OVARY CL1 GPRC5A TNFRS12A HIGH SELECTABLE FOLLICLE STROMAL CELL,,-4.1,2.1,4.4,30238,380,1215,32,2.6,0.46,165|468|730|1105|1292|1363|1964|2012|2803|3301|3428|3488|3608|3646|4670|6009|7076|8467|9667|9987|10482|10949|27292|51154|55379|57003|57142|80155|80218|121512|171546|285855,AEBP1|ATF4|C7|CHD1|COL6A2|CPE|EIF1AX|EMP1|GOLGA4|DNAJA1|IFI16|IGFBP5|ILF2|EIF3E|HNRNPM|RHEB|TIMP1|SMARCA5|SAFB2|HNRNPDL|NXF1|HNRNPA0|DIMT1|MRTO4|LRRC59|CCDC47|RTN4|NAA15|NAA50|FGD4|SPTSSA|RPL7L1,-1.7,0
1,-4.1,M41652,M1,1,0,Cell Type Signatures,7,TRAVAGLINI LUNG PROXIMAL BASAL CELL,,-4.1,1.8,4.3,30238,629,1215,46,3.8,0.55,293|498|513|516|573|1889|2029|2152|2665|3065|3338|3428|3646|3691|3726|4059|4670|4702|4780|5018|5315|5872|6002|6167|6208|7384|8664|8864|9349|10631|10904|11007|23474|25828|25957|26060|26119|26872|27316|51386|51474|55904|57804|63928|64976|114907,SLC25A6|ATP5F1A|ATP5F1D|ATP5MC1|BAG1|ECE1|ENSA|F3|GDI2|HDAC1|DNAJC4|IFI16|EIF3E|ITGB4|JUNB|BCAM|HNRNPM|NDUFA8|NFE2L2|OXA1L|PKM|RAB13|RGS12|RPL37|RPS14|UQCRC1|EIF3D|PER2|RPL23|POSTN|BLCAP|CCDC85B|ETHE1|TXN2|PNISR|APPL1|LDLRAP1|STEAP1|RBMX|EIF3L|LIMA1|KMT2E|POLD4|CHP2|MRPL40|FBXO32,-1.7,0
1,-4.1,M39070,M1,1,0,Cell Type Signatures,7,MANNO MIDBRAIN NEUROTYPES HNBGABA,,-4.1,1.8,4.2,30238,703,1215,50,4.1,0.57,577|1525|1780|1804|1995|3831|4139|4356|4821|5101|5362|5532|6483|6886|7582|8497|9378|9758|9890|10659|10904|11096|22871|22898|23114|23175|23271|23504|26039|26049|29953|54438|56776|57221|57554|57709|57795|58499|79169|80852|130026|152789|254048|286205|390927|399947|400322|401190|441234|100129387,ADGRB3|CXADR|DYNC1I1|DPP6|ELAVL3|KLC1|MARK1|MPP3|NKX2-2|PCDH9|PLXNA2|PPP3CB|ST3GAL2|TAL1|ZNF33B|PPFIA4|NRXN1|FRMPD4|PLPPR4|CELF2|BLCAP|ADAMTS5|NLGN1|DENND3|NFASC|LPIN1|CAMSAP2|RIMBP2|SS18L1|FAM169A|TRHDE|GFOD1|FMN2|ARFGEF3|LRRC7|SLC7A14|BRINP2|ZNF462|C1orf35|GRIP2|ICA1L|JAKMIP1|UBN2|SCAI|ZNF793|C11orf87|HERC2P2|RGS7BP|ZNF716|GABPB1-AS1,-1.7,0
1,-4.1,M41709,M1,1,0,Cell Type Signatures,7,FAN OVARY CL7 ANGEIOGENIC ENDOTHELIAL CELL,,-4.1,2.4,4.5,30238,251,1215,24,2,0.4,402|1026|1363|1848|2012|2354|3105|3115|3123|3428|3726|3953|4059|5872|7538|8766|9403|10266|11007|51474|54873|55904|168537|401152,ARL2|CDKN1A|CPE|DUSP6|EMP1|FOSB|HLA-A|HLA-DPB1|HLA-DRB1|IFI16|JUNB|LEPR|BCAM|RAB13|ZFP36|RAB11A|SELENOF|RAMP2|CCDC85B|LIMA1|PALMD|KMT2E|GIMAP7|ARLN,-1.7,0
1,-4,M39104,M1,1,0,Cell Type Signatures,7,ZHONG PFC C3 MICROGLIA,,-4,1.9,4.3,30238,488,1215,38,3.1,0.5,88|119|203|576|1008|1762|1780|1995|2534|2902|4145|4597|4628|4741|5532|6723|7067|8720|9378|9615|9852|23114|23154|23314|23349|23504|23768|25932|27328|54972|56776|57060|57554|81706|118812|163175|399947|729956,ACTN2|ADD2|AK1|ADGRB2|CDH10|DMWD|DYNC1I1|ELAVL3|FYN|GRIN1|MATK|MVD|MYH10|NEFM|PPP3CB|SRM|THRA|MBTPS1|NRXN1|GDA|EPM2AIP1|NFASC|NCDN|SATB2|PHF24|RIMBP2|FLRT2|CLIC4|PCDH11X|TMEM132A|FMN2|PCBP4|LRRC7|PPP1R14C|MORN4|LGI4|C11orf87|SHISA7,-1.7,0
1,-4,M39222,M1,1,0,Cell Type Signatures,7,LAKE ADULT KIDNEY C3 PROXIMAL TUBULE EPITHELIAL CELLS S1 S2,,-4,2.5,4.5,30238,221,1215,22,1.8,0.38,1807|2289|2803|5071|5789|5793|5795|5797|9667|22871|23051|23078|23301|25957|26137|51084|55556|79848|92017|121512|129285|158471,DPYS|FKBP5|GOLGA4|PRKN|PTPRD|PTPRG|PTPRJ|PTPRM|SAFB2|NLGN1|ZHX3|VWA8|EHBP1|PNISR|ZBTB20|CRYL1|ENOSF1|CSPP1|SNX29|FGD4|PPP1R21|PRUNE2,-1.7,0
1,-4,M39282,M1,1,0,Cell Type Signatures,7,DURANTE ADULT OLFACTORY NEUROEPITHELIUM MACROPHAGES,,-4,3.7,5,30238,81,1215,12,0.99,0.28,714|719|1438|1535|2212|3115|3123|4929|6688|7305|7852|23406,C1QC|C3AR1|CSF2RA|CYBA|FCGR2A|HLA-DPB1|HLA-DRB1|NR4A2|SPI1|TYROBP|CXCR4|COTL1,-1.7,0
1,-4,M41688,M1,1,0,Cell Type Signatures,7,TRAVAGLINI LUNG NEUTROPHIL CELL,,-4,2.1,4.3,30238,368,1215,31,2.6,0.45,2212|2289|2872|3726|3727|4542|4689|5315|5836|6688|7097|7305|7439|10899|22898|23031|23604|26097|27202|27332|51372|55701|80325|84628|115727|121512|153830|201294|401152|440503|641649,FCGR2A|FKBP5|MKNK2|JUNB|JUND|MYO1F|NCF4|PKM|PYGL|SPI1|TLR2|TYROBP|BEST1|JTB|DENND3|MAST3|DAPK2|CHTOP|C5AR2|ZNF638|TMA7|ARHGEF40|ABTB1|NTNG2|RASGRP4|FGD4|RNF145|UNC13D|ARLN|PLIN5|TMEM91,-1.7,0
1,-4,M39065,M1,1,0,Cell Type Signatures,7,MANNO MIDBRAIN NEUROTYPES HRN,,-4,2.2,4.3,30238,335,1215,29,2.4,0.44,1525|1995|3831|4661|5101|5599|9378|9889|9890|11096|11178|23114|23154|23175|26153|29953|51062|55068|55117|57221|57611|57795|79169|79570|81563|114783|152789|196047|221687,CXADR|ELAVL3|KLC1|MYT1|PCDH9|MAPK8|NRXN1|ZBED4|PLPPR4|ADAMTS5|LZTS1|NFASC|NCDN|LPIN1|KIF26A|TRHDE|ATL1|ENOX1|SLC6A15|ARFGEF3|ISLR2|BRINP2|C1orf35|NKAIN1|C1orf21|LMTK3|JAKMIP1|EMX2OS|RNF182,-1.6,0
1,-3.9,M41750,M1,1,0,Cell Type Signatures,7,RUBENSTEIN SKELETAL MUSCLE FBN1 FAP CELLS,,-3.9,2.2,4.3,30238,289,1215,26,2.1,0.42,38|1292|1303|1363|3488|3727|3913|5156|5315|5348|5829|7076|9270|9553|10659|11096|23787|26577|51065|51474|55766|57142|152007|203068|284018|100128731,ACAT1|COL6A2|COL12A1|CPE|IGFBP5|JUND|LAMB2|PDGFRA|PKM|FXYD1|PXN|TIMP1|ITGB1BP1|MRPL33|CELF2|ADAMTS5|MTCH1|PCOLCE2|RPS27L|LIMA1|H2AJ|RTN4|GLIPR2|TUBB|C17orf58|OST4,-1.6,0
1,-3.9,M41691,M1,1,0,Cell Type Signatures,7,TRAVAGLINI LUNG PLATELET MEGAKARYOCYTE CELL,,-3.9,1.8,4.1,30238,604,1215,44,3.6,0.54,836|1026|4354|4627|4725|5154|5315|5795|5836|6009|6251|6886|7094|7920|8440|8766|10014|10643|11007|23105|23526|25932|26119|26994|29094|29937|29956|54918|55766|56890|57142|79144|79993|80146|80758|84519|161502|169200|201294|326624|338799|375757|641649|100128731,CASP3|CDKN1A|MPP1|MYH9|NDUFS5|PDGFA|PKM|PTPRJ|PYGL|RHEB|RSU1|TAL1|TLN1|ABHD16A|NCK2|RAB11A|HDAC5|IGF2BP3|CCDC85B|FSTL4|ARHGAP45|CLIC4|LDLRAP1|RNF11|LGALSL|NENF|CERS2|CMTM6|H2AJ|MDM1|RTN4|PPDPF|ELOVL7|UXS1|PRR7|ACRBP|CFAP161|TMEM64|UNC13D|RAB37|LINC01089|SWI5|TMEM91|OST4,-1.6,0
1,-3.9,M40292,M1,1,0,Cell Type Signatures,7,DESCARTES FETAL SPLEEN MESOTHELIAL CELLS,,-3.9,2.6,4.5,30238,195,1215,20,1.6,0.37,1026|1525|2152|2903|3316|3675|3726|4868|7076|7538|8817|9108|10630|11096|23114|56776|57221|79660|129881|105375355,CDKN1A|CXADR|F3|GRIN2A|HSPB2|ITGA3|JUNB|NPHS1|TIMP1|ZFP36|FGF18|MTMR7|PDPN|ADAMTS5|NFASC|FMN2|ARFGEF3|PPP1R3B|CFAP210|UPK3B,-1.6,0
1,-3.9,M39221,M1,1,0,Cell Type Signatures,7,LAKE ADULT KIDNEY C2 PODOCYTES,,-3.9,2.5,4.4,30238,212,1215,21,1.7,0.37,1804|2195|2534|4627|4868|5784|5789|10402|22854|23114|26010|26064|26577|55914|56776|57484|57522|64429|79848|84448|114793,DPP6|FAT1|FYN|MYH9|NPHS1|PTPN14|PTPRD|ST3GAL6|NTNG1|NFASC|SPATS2L|RAI14|PCOLCE2|ERBIN|FMN2|RNF150|SRGAP1|ZDHHC6|CSPP1|ABLIM2|FMNL2,-1.6,0
1,-3.9,M40249,M1,1,0,Cell Type Signatures,7,DESCARTES FETAL LUNG VISCERAL NEURONS,,-3.9,2.5,4.4,30238,212,1215,21,1.7,0.37,117|119|148|1995|2042|4741|4761|9758|23072|23314|23732|54212|55117|56896|57554|57709|79570|145270|152789|204962|221687,ADCYAP1R1|ADD2|ADRA1A|ELAVL3|EPHA3|NEFM|NEUROD2|FRMPD4|HECW1|SATB2|FRRS1L|SNTG1|SLC6A15|DPYSL5|LRRC7|SLC7A14|NKAIN1|PRIMA1|JAKMIP1|SLC44A5|RNF182,-1.6,0
1,-3.9,M39074,M1,1,0,Cell Type Signatures,7,ZHONG PFC MAJOR TYPES ASTROCYTES,,-3.9,2.1,4.2,30238,325,1215,28,2.3,0.43,117|590|655|658|2152|2195|3105|3157|3913|5159|5348|6509|6646|7076|7108|9211|10157|10226|10630|23302|26092|51084|57556|80339|93145|220382|221074|388585,ADCYAP1R1|BCHE|BMP7|BMPR1B|F3|FAT1|HLA-A|HMGCS1|LAMB2|PDGFRB|FXYD1|SLC1A4|SOAT1|TIMP1|TM7SF2|LGI1|AASS|PLIN3|PDPN|WSCD1|TOR1AIP1|CRYL1|SEMA6A|PNPLA3|OLFM2|FAM181B|SLC39A12|HES5,-1.6,0
1,-3.8,M41706,M1,1,0,Cell Type Signatures,7,FAN OVARY CL4 T LYMPHOCYTE NK CELL 1,,-3.8,2.3,4.3,30238,246,1215,23,1.9,0.39,916|998|1535|2029|2534|2999|3105|3115|3123|3716|5315|5788|7538|7852|10865|10899|10923|23406|51372|55904|80218|94239|168537,CD3E|CDC42|CYBA|ENSA|FYN|GZMH|HLA-A|HLA-DPB1|HLA-DRB1|JAK1|PKM|PTPRC|ZFP36|CXCR4|ARID5A|JTB|SUB1|COTL1|TMA7|KMT2E|NAA50|H2AZ2|GIMAP7,-1.5,0
1,-3.8,M39132,M1,1,0,Cell Type Signatures,7,AIZARANI LIVER C33 STELLATE CELLS 2,,-3.8,3,4.5,30238,126,1215,15,1.2,0.32,730|1292|1363|3488|3679|3912|4627|5108|7094|8476|8720|9378|10766|83643|163175,C7|COL6A2|CPE|IGFBP5|ITGA7|LAMB1|MYH9|PCM1|TLN1|CDC42BPA|MBTPS1|NRXN1|TOB2|CCDC3|LGI4,-1.5,0
1,-3.7,M39266,M1,1,0,Cell Type Signatures,7,HU FETAL RETINA MICROGLIA,,-3.7,2,4.1,30238,382,1215,31,2.6,0.45,714|719|1026|1438|1535|1536|2212|2354|3105|3123|3428|3726|4542|4627|4689|4780|4929|5788|6688|7094|7305|7538|10672|23406|23526|26090|54518|54918|79145|81704|647135,C1QC|C3AR1|CDKN1A|CSF2RA|CYBA|CYBB|FCGR2A|FOSB|HLA-A|HLA-DRB1|IFI16|JUNB|MYO1F|MYH9|NCF4|NFE2L2|NR4A2|PTPRC|SPI1|TLN1|TYROBP|ZFP36|GNA13|COTL1|ARHGAP45|ABHD12|APBB1IP|CMTM6|CHCHD7|DOCK8|SRGAP2B,-1.5,0
1,-3.6,M39050,M1,1,0,Cell Type Signatures,7,MANNO MIDBRAIN NEUROTYPES HPERIC,,-3.6,1.7,3.9,30238,795,1215,53,4.4,0.59,590|1026|1346|1535|1793|1889|1960|2152|2289|2354|3707|3716|3726|3912|3913|3953|4055|4627|4780|5139|5159|5793|5797|5819|5872|6251|7076|7088|7094|7130|7538|8013|8440|9459|9754|11178|23179|23554|26010|26119|51474|54918|54933|57132|57804|64236|64411|81926|83643|83982|84818|151258|441234,BCHE|CDKN1A|COX7A1|CYBA|DOCK1|ECE1|EGR3|F3|FKBP5|FOSB|ITPKB|JAK1|JUNB|LAMB1|LAMB2|LEPR|LTBR|MYH9|NFE2L2|PDE3A|PDGFRB|PTPRG|PTPRM|NECTIN2|RAB13|RSU1|TIMP1|TLE1|TLN1|TNFAIP6|ZFP36|NR4A3|NCK2|ARHGEF6|STARD8|LZTS1|RGL1|TSPAN12|SPATS2L|LDLRAP1|LIMA1|CMTM6|RHBDL2|CHMP1B|POLD4|PDLIM2|ARAP3|ABHD17A|CCDC3|IFI27L2|IL17RC|SLC38A11|ZNF716,-1.4,0
1,-3.5,M41679,M1,1,0,Cell Type Signatures,7,TRAVAGLINI LUNG MESOTHELIAL CELL,,-3.5,1.7,3.8,30238,649,1215,45,3.7,0.54,335|629|714|1525|1848|2232|3115|3123|3428|3608|4701|5438|5872|5947|6167|6208|6372|6637|7037|7076|7305|9246|9349|9551|10184|10266|10467|10630|23204|23406|23423|23478|26872|29937|51065|51154|54957|54958|54972|55379|57804|153830|171546|641649|105375355,APOA1|CFB|C1QC|CXADR|DUSP6|FDXR|HLA-DPB1|HLA-DRB1|IFI16|ILF2|NDUFA7|POLR2I|RAB13|RBP1|RPL37|RPS14|CXCL6|SNRPG|TFRC|TIMP1|TYROBP|UBE2L6|RPL23|ATP5MF|LHFPL2|RAMP2|ZNHIT1|PDPN|ARL6IP1|COTL1|TMED3|SEC11A|STEAP1|NENF|RPS27L|MRTO4|TXNL4B|TMEM160|TMEM132A|LRRC59|POLD4|RNF145|SPTSSA|TMEM91|UPK3B,-1.4,0
1,-3.5,M41690,M1,1,0,Cell Type Signatures,7,TRAVAGLINI LUNG BASOPHIL MAST 2 CELL,,-3.5,1.8,3.9,30238,502,1215,37,3,0.49,402|1026|1182|1346|1848|1960|1964|2010|2029|2354|2355|2581|3248|3301|3608|3646|3726|3727|4670|4780|4833|4929|5613|7159|7538|8013|9459|9553|10949|27316|28955|55904|57132|153830|283989|326624|641649,ARL2|CDKN1A|CLCN3|COX7A1|DUSP6|EGR3|EIF1AX|EMD|ENSA|FOSB|FOSL2|GALC|HPGD|DNAJA1|ILF2|EIF3E|JUNB|JUND|HNRNPM|NFE2L2|NME4|NR4A2|PRKX|TP53BP2|ZFP36|NR4A3|ARHGEF6|MRPL33|HNRNPA0|RBMX|DEXI|KMT2E|CHMP1B|RNF145|TSEN54|RAB37|TMEM91,-1.4,0
1,-3.5,M39271,M1,1,0,Cell Type Signatures,7,HU FETAL RETINA RPE,,-3.5,2.1,4,30238,292,1215,25,2.1,0.41,655|2803|3488|3707|3913|5121|5159|5191|5784|7306|7439|10413|10630|23768|26577|51171|53834|79971|79993|80727|84187|116372|151258|221074|390595,BMP7|GOLGA4|IGFBP5|ITPKB|LAMB2|PCP4|PDGFRB|PEX7|PTPN14|TYRP1|BEST1|YAP1|PDPN|FLRT2|PCOLCE2|HSD17B14|FGFRL1|WLS|ELOVL7|TTYH3|TMEM164|LYPD1|SLC38A11|SLC39A12|UBAP1L,-1.3,0
1,-3.5,M39053,M1,1,0,Cell Type Signatures,7,MANNO MIDBRAIN NEUROTYPES HRGL2C,,-3.5,2.1,3.9,30238,326,1215,27,2.2,0.42,117|577|1793|1804|2042|2152|3707|3913|4821|5872|9088|9378|9459|10630|23154|23302|23657|51474|54058|80852|81563|81926|116372|143282|220382|375612|388585,ADCYAP1R1|ADGRB3|DOCK1|DPP6|EPHA3|F3|ITPKB|LAMB2|NKX2-2|RAB13|PKMYT1|NRXN1|ARHGEF6|PDPN|NCDN|WSCD1|SLC7A11|LIMA1|C21orf58|GRIP2|C1orf21|ABHD17A|LYPD1|FGFBP3|FAM181B|LHFPL3|HES5,-1.3,0
1,-3.4,M40228,M1,1,0,Cell Type Signatures,7,DESCARTES FETAL LIVER MESOTHELIAL CELLS,,-3.4,2.1,3.9,30238,310,1215,26,2.1,0.42,576|1303|1804|2903|3316|3488|3624|3675|3691|3918|4868|5789|8817|9108|10630|11281|22854|54972|55259|57221|57795|65251|80164|85407|343990|105375355,ADGRB2|COL12A1|DPP6|GRIN2A|HSPB2|IGFBP5|INHBA|ITGA3|ITGB4|LAMC2|NPHS1|PTPRD|FGF18|MTMR7|PDPN|POU6F2|NTNG1|TMEM132A|DNAI7|ARFGEF3|BRINP2|ZNF649|PRR36|NKD1|CRACDL|UPK3B,-1.3,0
1,-3.4,M39121,M1,1,0,Cell Type Signatures,7,AIZARANI LIVER C20 LSECS 3,,-3.4,2.1,3.9,30238,295,1215,25,2.1,0.41,1026|1848|2012|2355|2803|3428|3678|3680|3727|4860|5362|5829|6886|7076|8828|10894|23271|26064|27202|51474|57522|57556|58499|80243|83876,CDKN1A|DUSP6|EMP1|FOSL2|GOLGA4|IFI16|ITGA5|ITGA9|JUND|PNP|PLXNA2|PXN|TAL1|TIMP1|NRP2|LYVE1|CAMSAP2|RAI14|C5AR2|LIMA1|SRGAP1|SEMA6A|ZNF462|PREX2|MRO,-1.3,0
1,-3.4,M39057,M1,1,0,Cell Type Signatures,7,MANNO MIDBRAIN NEUROTYPES HRGL1,,-3.4,2,3.9,30238,364,1215,29,2.4,0.44,655|2195|3488|3547|3707|3913|5139|9211|9697|10157|10226|10413|10630|23302|26064|28999|51084|54212|57619|79583|79848|79971|84837|85407|116372|129881|219790|221687|388585,BMP7|FAT1|IGFBP5|IGSF1|ITPKB|LAMB2|PDE3A|LGI1|TRAM2|AASS|PLIN3|YAP1|PDPN|WSCD1|RAI14|KLF15|CRYL1|SNTG1|SHROOM3|TMEM231|CSPP1|WLS|ARHGAP5-AS1|NKD1|LYPD1|CFAP210|RTKN2|RNF182|HES5,-1.3,0
1,-3.4,M39296,M1,1,0,Cell Type Signatures,7,DURANTE ADULT OLFACTORY NEUROEPITHELIUM GLOBOSE BASAL CELLS,,-3.4,5,4.8,30238,35,1215,7,0.58,0.22,1995|5947|8364|23406|56890|57060|203068,ELAVL3|RBP1|H4C3|COTL1|MDM1|PCBP4|TUBB,-1.3,0
1,-3.4,M40005,M1,1,0,Cell Type Signatures,7,BUSSLINGER ESOPHAGEAL DENDRITIC CELLS,,-3.4,2.3,4,30238,214,1215,20,1.6,0.37,1536|2354|2665|3111|3115|3120|3123|3726|3727|4050|4929|5788|6688|7076|7305|7538|8013|10659|23406|54918,CYBB|FOSB|GDI2|HLA-DOA|HLA-DPB1|HLA-DQB2|HLA-DRB1|JUNB|JUND|LTB|NR4A2|PTPRC|SPI1|TIMP1|TYROBP|ZFP36|NR4A3|CELF2|COTL1|CMTM6,-1.3,0
1,-3.3,M39193,M1,1,0,Cell Type Signatures,7,HAY BONE MARROW CD8 T CELL,,-3.3,3.5,4.3,30238,71,1215,10,0.82,0.26,639|2534|2999|4929|5788|7852|51372|79144|79668|152789,PRDM1|FYN|GZMH|NR4A2|PTPRC|CXCR4|TMA7|PPDPF|PARP8|JAKMIP1,-1.2,0
1,-3.3,M41698,M1,1,0,Cell Type Signatures,7,TRAVAGLINI LUNG TREM2 DENDRITIC CELL,,-3.3,1.7,3.7,30238,572,1215,40,3.3,0.51,537|714|719|1292|1535|1536|1777|2012|2212|3105|3111|3115|3120|3123|4706|5315|5872|6009|6646|6688|7037|7305|7384|10184|10555|10591|10972|26090|29992|51065|51154|51171|55357|56261|56851|57142|58528|64222|114793|152007,ATP6AP1|C1QC|C3AR1|COL6A2|CYBA|CYBB|DNASE2|EMP1|FCGR2A|HLA-A|HLA-DOA|HLA-DPB1|HLA-DQB2|HLA-DRB1|NDUFAB1|PKM|RAB13|RHEB|SOAT1|SPI1|TFRC|TYROBP|UQCRC1|LHFPL2|AGPAT2|DNPH1|TMED10|ABHD12|PILRA|RPS27L|MRTO4|HSD17B14|TBC1D2|GPCPD1|EMC7|RTN4|RRAGD|TOR3A|FMNL2|GLIPR2,-1.2,0
1,-3.3,M39073,M1,1,0,Cell Type Signatures,7,MANNO MIDBRAIN NEUROTYPES HOMTN,,-3.3,1.9,3.7,30238,389,1215,30,2.5,0.45,21|577|1525|1995|2042|2138|3831|4356|4661|4741|5101|6509|6750|7582|8828|9890|11178|11281|23114|23504|26153|29953|51062|55117|55680|57060|57221|57795|79169|399947,ABCA3|ADGRB3|CXADR|ELAVL3|EPHA3|EYA1|KLC1|MPP3|MYT1|NEFM|PCDH9|SLC1A4|SST|ZNF33B|NRP2|PLPPR4|LZTS1|POU6F2|NFASC|RIMBP2|KIF26A|TRHDE|ATL1|SLC6A15|RUFY2|PCBP4|ARFGEF3|BRINP2|C1orf35|C11orf87,-1.2,0
1,-3.2,M40014,M1,1,0,Cell Type Signatures,7,BUSSLINGER GASTRIC PARIETAL CELLS,,-3.2,2.2,3.8,30238,254,1215,22,1.8,0.38,38|498|513|516|1349|1738|3488|3784|4701|4702|4706|4713|4780|5315|7108|7384|9551|23382|28958|65018|91947|121512,ACAT1|ATP5F1A|ATP5F1D|ATP5MC1|COX7B|DLD|IGFBP5|KCNQ1|NDUFA7|NDUFA8|NDUFAB1|NDUFB7|NFE2L2|PKM|TM7SF2|UQCRC1|ATP5MF|AHCYL2|COA3|PINK1|ARRDC4|FGD4,-1.2,0
1,-3.2,M39126,M1,1,0,Cell Type Signatures,7,AIZARANI LIVER C25 KUPFFER CELLS 4,,-3.2,2.4,3.9,30238,174,1215,17,1.4,0.34,1536|2212|3111|3115|3123|4929|7097|7305|7852|8013|10659|10672|23406|54918|84034|114548|121512,CYBB|FCGR2A|HLA-DOA|HLA-DPB1|HLA-DRB1|NR4A2|TLR2|TYROBP|CXCR4|NR4A3|CELF2|GNA13|COTL1|CMTM6|EMILIN2|NLRP3|FGD4,-1.2,0
1,-3.2,M41716,M1,1,0,Cell Type Signatures,7,FAN OVARY CL14 MATURE SMOOTH MUSCLE CELL,,-3.2,2,3.7,30238,306,1215,25,2.1,0.41,513|516|1155|1346|1363|1465|2354|3488|3726|4059|4713|5300|5348|5872|6251|7538|9553|10865|25932|29937|79144|83643|163175|401152|100128731,ATP5F1D|ATP5MC1|TBCB|COX7A1|CPE|CSRP1|FOSB|IGFBP5|JUNB|BCAM|NDUFB7|PIN1|FXYD1|RAB13|RSU1|ZFP36|MRPL33|ARID5A|CLIC4|NENF|PPDPF|CCDC3|LGI4|ARLN|OST4,-1.2,0
1,-3.1,M41668,M1,1,0,Cell Type Signatures,7,TRAVAGLINI LUNG BRONCHIAL VESSEL 1 CELL,,-3.1,2.2,3.8,30238,224,1215,20,1.6,0.37,1026|1960|2308|3646|4860|4929|5204|6167|6208|8502|8664|9349|10631|10865|11007|23406|27075|54873|56655|83643,CDKN1A|EGR3|FOXO1|EIF3E|PNP|NR4A2|PFDN5|RPL37|RPS14|PKP4|EIF3D|RPL23|POSTN|ARID5A|CCDC85B|COTL1|TSPAN13|PALMD|POLE4|CCDC3,-1.2,0
1,-3.1,M39302,M1,1,0,Cell Type Signatures,7,CUI DEVELOPING HEART C5 VALVAR CELL,,-3.1,2.3,3.8,30238,208,1215,19,1.6,0.36,165|1026|1960|3301|3488|3726|4628|4780|4929|5744|7130|10482|10865|23204|26137|51474|54918|57132|171024,AEBP1|CDKN1A|EGR3|DNAJA1|IGFBP5|JUNB|MYH10|NFE2L2|NR4A2|PTHLH|TNFAIP6|NXF1|ARID5A|ARL6IP1|ZBTB20|LIMA1|CMTM6|CHMP1B|SYNPO2,-1.2,0
1,-3.1,M39176,M1,1,0,Cell Type Signatures,7,MURARO PANCREAS ENDOTHELIAL CELL,,-3.1,1.9,3.6,30238,362,1215,28,2.3,0.43,624|639|1848|1889|2012|3428|3678|3716|3912|4627|4860|5154|5362|5829|6251|7852|8502|8828|9537|10184|10266|23657|25932|26064|55914|57153|80146|168537,BDKRB2|PRDM1|DUSP6|ECE1|EMP1|IFI16|ITGA5|JAK1|LAMB1|MYH9|PNP|PDGFA|PLXNA2|PXN|RSU1|CXCR4|PKP4|NRP2|TP53I11|LHFPL2|RAMP2|SLC7A11|CLIC4|RAI14|ERBIN|SLC44A2|UXS1|GIMAP7,-1.2,0
1,-3.1,M39240,M1,1,0,Cell Type Signatures,7,LAKE ADULT KIDNEY C21 COLLECTING DUCT INTERCALATED CELLS TYPE B,,-3.1,2.9,4,30238,103,1215,12,0.99,0.28,658|2308|3488|5071|5599|5795|10659|26137|29953|57484|84216|113263,BMPR1B|FOXO1|IGFBP5|PRKN|MAPK8|PTPRJ|CELF2|ZBTB20|TRHDE|RNF150|TMEM117|GLCCI1,-1.1,0
1,-3,M40302,M1,1,0,Cell Type Signatures,7,DESCARTES FETAL STOMACH MYELOID CELLS,,-3,3.3,4.1,30238,76,1215,10,0.82,0.26,714|1438|1536|3115|3123|4542|6688|7226|7305|8013,C1QC|CSF2RA|CYBB|HLA-DPB1|HLA-DRB1|MYO1F|SPI1|TRPM2|TYROBP|NR4A3,-1.1,0
1,-3,M39110,M1,1,0,Cell Type Signatures,7,AIZARANI LIVER C6 KUPFFER CELLS 2,,-3,2.2,3.7,30238,228,1215,20,1.6,0.37,537|714|719|1535|1536|2212|3115|3123|4354|6688|7097|7305|10894|23179|23406|29992|57522|80727|114793|647135,ATP6AP1|C1QC|C3AR1|CYBA|CYBB|FCGR2A|HLA-DPB1|HLA-DRB1|MPP1|SPI1|TLR2|TYROBP|LYVE1|RGL1|COTL1|PILRA|SRGAP1|TTYH3|FMNL2|SRGAP2B,-1.1,0
1,-3,M40180,M1,1,0,Cell Type Signatures,7,DESCARTES FETAL EYE STROMAL CELLS,,-3,3,4,30238,90,1215,11,0.91,0.27,1292|1303|3624|5744|7130|8817|9509|10631|11096|90187|196047,COL6A2|COL12A1|INHBA|PTHLH|TNFAIP6|FGF18|ADAMTS2|POSTN|ADAMTS5|EMILIN3|EMX2OS,-1.1,0
1,-3,M39054,M1,1,0,Cell Type Signatures,7,MANNO MIDBRAIN NEUROTYPES HRGL2B,,-3,1.8,3.5,30238,440,1215,32,2.6,0.46,117|576|577|1804|2042|2152|2195|3707|4821|9459|10226|10413|10630|23302|23363|23657|28999|54058|57556|79848|79971|83982|84460|84629|93233|116372|129881|143282|219790|220382|221074|388585,ADCYAP1R1|ADGRB2|ADGRB3|DPP6|EPHA3|F3|FAT1|ITPKB|NKX2-2|ARHGEF6|PLIN3|YAP1|PDPN|WSCD1|OBSL1|SLC7A11|KLF15|C21orf58|SEMA6A|CSPP1|WLS|IFI27L2|ZMAT1|TNRC18|ODAD1|LYPD1|CFAP210|FGFBP3|RTKN2|FAM181B|SLC39A12|HES5,-1.1,0
1,-3,M41713,M1,1,0,Cell Type Signatures,7,FAN OVARY CL11 MURAL GRANULOSA CELL,,-3,1.8,3.5,30238,443,1215,32,2.6,0.46,268|293|468|639|2152|2222|2232|2355|3157|3301|4780|5732|5819|5947|6009|6526|7108|7803|9987|10184|10226|10413|10848|25828|51386|54918|55696|57142|65117|65124|79848|121512,AMH|SLC25A6|ATF4|PRDM1|F3|FDFT1|FDXR|FOSL2|HMGCS1|DNAJA1|NFE2L2|PTGER2|NECTIN2|RBP1|RHEB|SLC5A3|TM7SF2|PTP4A1|HNRNPDL|LHFPL2|PLIN3|YAP1|PPP1R13L|TXN2|EIF3L|CMTM6|RBM22|RTN4|RSRC2|SOWAHC|CSPP1|FGD4,-1.1,0
1,-2.9,M39022,M1,1,0,Cell Type Signatures,7,FAN EMBRYONIC CTX BIG GROUPS MICROGLIA,,-2.9,1.9,3.5,30238,371,1215,28,2.3,0.43,714|719|1535|1536|1777|2212|2354|3428|3726|4542|4689|4780|5788|6886|7094|7305|7538|9306|10184|10630|23406|23659|54518|54918|55766|57804|79145|81704,C1QC|C3AR1|CYBA|CYBB|DNASE2|FCGR2A|FOSB|IFI16|JUNB|MYO1F|NCF4|NFE2L2|PTPRC|TAL1|TLN1|TYROBP|ZFP36|SOCS6|LHFPL2|PDPN|COTL1|PLA2G15|APBB1IP|CMTM6|H2AJ|POLD4|CHCHD7|DOCK8,-1.1,0
1,-2.9,M39138,M1,1,0,Cell Type Signatures,7,GAO ESOPHAGUS 25W C3 FGFR1LOW EPITHELIAL CELLS,,-2.9,3.8,4.1,30238,53,1215,8,0.66,0.23,3338|7185|23279|57157|58499|84221|84798|114825,DNAJC4|TRAF1|NUP160|PHTF2|ZNF462|SPATC1L|C19orf48P|PWWP2A,-1.1,0
1,-2.9,M39129,M1,1,0,Cell Type Signatures,7,AIZARANI LIVER C30 HEPATOCYTES 4,,-2.9,1.8,3.4,30238,446,1215,32,2.6,0.46,763|2053|2289|2308|2872|3301|3953|6715|7803|8907|10147|10157|10402|22894|23014|23051|25957|27202|51065|51409|55421|79660|79712|80339|83752|124935|130026|200030|220002|254048|440503|100129387,CA5A|EPHX2|FKBP5|FOXO1|MKNK2|DNAJA1|LEPR|SRD5A1|PTP4A1|AP1M1|SUGP2|AASS|ST3GAL6|DIS3|FBXO21|ZHX3|PNISR|C5AR2|RPS27L|HEMK1|NCBP3|PPP1R3B|GTDC1|PNPLA3|LONP2|SLC43A2|ICA1L|NBPF11|CYB561A3|UBN2|PLIN5|GABPB1-AS1,-1.1,0
1,-2.9,M41659,M1,1,0,Cell Type Signatures,7,TRAVAGLINI LUNG ALVEOLAR EPITHELIAL TYPE 1 CELL,,-2.9,1.8,3.4,30238,391,1215,29,2.4,0.44,1026|1303|2584|3373|3675|3918|5154|5947|7538|9721|10630|10659|10678|22898|23034|23604|27075|55357|64236|79589|79745|79856|81849|89853|201294|219790|647135|654433|105375355,CDKN1A|COL12A1|GALK1|HYAL1|ITGA3|LAMC2|PDGFA|RBP1|ZFP36|GPRIN2|PDPN|CELF2|B3GNT2|DENND3|SAMD4A|DAPK2|TSPAN13|TBC1D2|PDLIM2|RNF128|CLIP4|SNX22|ST6GALNAC5|MVB12B|UNC13D|RTKN2|SRGAP2B|PAX8-AS1|UPK3B,-1.1,0
1,-2.9,M39040,M1,1,0,Cell Type Signatures,7,FAN EMBRYONIC CTX BRAIN ENDOTHELIAL 2,,-2.9,2,3.5,30238,303,1215,24,2,0.4,165|203|513|590|1292|1346|1349|1363|1889|3716|3912|3913|4627|5159|5947|7076|8476|10157|11178|23554|51474|64236|83643|151258,AEBP1|AK1|ATP5F1D|BCHE|COL6A2|COX7A1|COX7B|CPE|ECE1|JAK1|LAMB1|LAMB2|MYH9|PDGFRB|RBP1|TIMP1|CDC42BPA|AASS|LZTS1|TSPAN12|LIMA1|PDLIM2|CCDC3|SLC38A11,-1,0
1,-2.9,M41692,M1,1,0,Cell Type Signatures,7,TRAVAGLINI LUNG MACROPHAGE CELL,,-2.9,2.2,3.6,30238,201,1215,18,1.5,0.35,537|714|719|1536|2212|2819|3123|3624|7305|10184|23474|25932|26010|29992|57142|114793|124935|152007,ATP6AP1|C1QC|C3AR1|CYBB|FCGR2A|GPD1|HLA-DRB1|INHBA|TYROBP|LHFPL2|ETHE1|CLIC4|SPATS2L|PILRA|RTN4|FMNL2|SLC43A2|GLIPR2,-1,0
1,-2.8,M39072,M1,1,0,Cell Type Signatures,7,MANNO MIDBRAIN NEUROTYPES HSERT,,-2.8,1.8,3.4,30238,450,1215,32,2.6,0.46,793|1780|3831|5101|5797|7067|8497|9211|9378|9758|9890|23114|23154|23246|23504|27328|28978|51062|53917|54438|54769|55117|57221|57709|80235|80852|81926|94032|114783|152789|163404|375612,CALB1|DYNC1I1|KLC1|PCDH9|PTPRM|THRA|PPFIA4|LGI1|NRXN1|FRMPD4|PLPPR4|NFASC|NCDN|BOP1|RIMBP2|PCDH11X|TMEM14A|ATL1|RAB24|GFOD1|DIRAS2|SLC6A15|ARFGEF3|SLC7A14|PIGZ|GRIP2|ABHD17A|CAMK2N2|LMTK3|JAKMIP1|PLPPR5|LHFPL3,-1,0
1,-2.8,M39322,M1,1,0,Cell Type Signatures,7,CUI DEVELOPING HEART VALVAR ENDOTHELIAL CELL,,-2.8,2.5,3.6,30238,141,1215,14,1.2,0.31,730|1026|2355|3488|3691|4860|4929|5156|5744|7130|8013|10865|57132|83643,C7|CDKN1A|FOSL2|IGFBP5|ITGB4|PNP|NR4A2|PDGFRA|PTHLH|TNFAIP6|NR4A3|ARID5A|CHMP1B|CCDC3,-0.96,0
1,-2.7,M39123,M1,1,0,Cell Type Signatures,7,AIZARANI LIVER C22 RESIDENT B CELLS 2,,-2.7,4.5,4.1,30238,33,1215,6,0.49,0.2,973|2354|3112|23753|27314|79174,CD79A|FOSB|HLA-DOB|SDF2L1|RAB30|CRELD2,-0.94,0
1,-2.7,M39018,M1,1,0,Cell Type Signatures,7,FAN EMBRYONIC CTX BIG GROUPS BRAIN ENDOTHELIAL,,-2.7,1.8,3.3,30238,365,1215,27,2.2,0.42,165|1292|1346|1848|1889|3105|3678|3716|3912|3913|4055|4627|5159|5819|5829|6251|7037|7076|10174|10266|25932|29956|55766|56261|64236|83643|168537,AEBP1|COL6A2|COX7A1|DUSP6|ECE1|HLA-A|ITGA5|JAK1|LAMB1|LAMB2|LTBR|MYH9|PDGFRB|NECTIN2|PXN|RSU1|TFRC|TIMP1|SORBS3|RAMP2|CLIC4|CERS2|H2AJ|GPCPD1|PDLIM2|CCDC3|GIMAP7,-0.94,0
1,-2.7,M39094,M1,1,0,Cell Type Signatures,7,ZHONG PFC C7 SST LHX6 POS PUTATIVE MIGRATING INTERNEURON,,-2.7,7.1,4.7,30238,14,1215,4,0.33,0.16,5947|6750|7852|57795,RBP1|SST|CXCR4|BRINP2,-0.94,0
1,-2.7,M40019,M1,1,0,Cell Type Signatures,7,BUSSLINGER GASTRIC X CELLS,,-2.7,2.2,3.4,30238,191,1215,17,1.4,0.34,335|1363|3488|3726|3727|4821|5315|5947|9648|23504|26010|26286|57060|57142|57221|91947|503542,APOA1|CPE|IGFBP5|JUNB|JUND|NKX2-2|PKM|RBP1|GCC2|RIMBP2|SPATS2L|ARFGAP3|PCBP4|RTN4|ARFGEF3|ARRDC4|SPRN,-0.94,0
1,-2.7,M39161,M1,1,0,Cell Type Signatures,7,GAO LARGE INTESTINE ADULT CA ENTEROENDOCRINE CELLS,,-2.7,1.9,3.3,30238,312,1215,24,2,0.4,658|730|1363|2191|4139|4821|5101|6372|6853|7108|8787|23105|23114|23504|26153|54873|55259|56776|57060|80339|94032|130612|143282|151258,BMPR1B|C7|CPE|FAP|MARK1|NKX2-2|PCDH9|CXCL6|SYN1|TM7SF2|RGS9|FSTL4|NFASC|RIMBP2|KIF26A|PALMD|DNAI7|FMN2|PCBP4|PNPLA3|CAMK2N2|TMEM198|FGFBP3|SLC38A11,-0.93,0
1,-2.7,M39174,M1,1,0,Cell Type Signatures,7,MURARO PANCREAS ACINAR CELL,,-2.7,1.6,3.2,30238,731,1215,46,3.8,0.55,30|279|468|629|1525|2152|2267|2872|3123|3646|3784|3845|4050|4124|4627|4780|5018|5154|6167|6251|7108|7803|8428|8664|9349|9537|10413|10678|11330|23657|23768|26073|27075|30001|51065|51386|51474|55379|57619|57648|57804|79094|79170|116372|171546|440503,ACAA1|AMY2A|ATF4|CFB|CXADR|F3|FGL1|MKNK2|HLA-DRB1|EIF3E|KCNQ1|KRAS|LTB|MAN2A1|MYH9|NFE2L2|OXA1L|PDGFA|RPL37|RSU1|TM7SF2|PTP4A1|STK24|EIF3D|RPL23|TP53I11|YAP1|B3GNT2|CTRC|SLC7A11|FLRT2|POLDIP2|TSPAN13|ERO1A|RPS27L|EIF3L|LIMA1|LRRC59|SHROOM3|NHSL3|POLD4|CHAC1|PRR15L|LYPD1|SPTSSA|PLIN5,-0.93,0
1,-2.7,M41720,M1,1,0,Cell Type Signatures,7,FAN OVARY CL18 B LYMPHOCYTE,,-2.7,1.8,3.3,30238,422,1215,30,2.5,0.45,973|1535|1738|2029|2872|3105|3115|3123|3301|4050|5315|6167|6637|7305|7852|9375|10672|10865|10899|10923|23657|26286|27075|54890|54918|55904|80218|94239|153830|220002,CD79A|CYBA|DLD|ENSA|MKNK2|HLA-A|HLA-DPB1|HLA-DRB1|DNAJA1|LTB|PKM|RPL37|SNRPG|TYROBP|CXCR4|TM9SF2|GNA13|ARID5A|JTB|SUB1|SLC7A11|ARFGAP3|TSPAN13|ALKBH5|CMTM6|KMT2E|NAA50|H2AZ2|RNF145|CYB561A3,-0.93,0
1,-2.7,M39028,M1,1,0,Cell Type Signatures,7,FAN EMBRYONIC CTX IN 2 INTERNEURON,,-2.7,11,5.2,30238,7,1215,3,0.25,0.14,5947|6750|57795,RBP1|SST|BRINP2,-0.93,0
1,-2.7,M39245,M1,1,0,Cell Type Signatures,7,LAKE ADULT KIDNEY C26 MESANGIAL CELLS,,-2.7,2.2,3.4,30238,177,1215,16,1.3,0.33,730|1303|2354|3488|4627|5101|5139|5159|5789|5793|5797|8476|10631|23604|57157|81704,C7|COL12A1|FOSB|IGFBP5|MYH9|PCDH9|PDE3A|PDGFRB|PTPRD|PTPRG|PTPRM|CDC42BPA|POSTN|DAPK2|PHTF2|DOCK8,-0.9,0
1,-2.6,M40259,M1,1,0,Cell Type Signatures,7,DESCARTES FETAL MUSCLE MYELOID CELLS,,-2.6,2.5,3.5,30238,130,1215,13,1.1,0.3,714|719|1438|1536|2267|3115|3123|4689|6688|7097|7226|23179|115727,C1QC|C3AR1|CSF2RA|CYBB|FGL1|HLA-DPB1|HLA-DRB1|NCF4|SPI1|TLR2|TRPM2|RGL1|RASGRP4,-0.89,0
1,-2.6,M39107,M1,1,0,Cell Type Signatures,7,AIZARANI LIVER C3 NK NKT CELLS 2,,-2.6,2.3,3.4,30238,162,1215,15,1.2,0.32,639|916|2534|3726|4050|5732|5788|6167|6208|7852|10659|55423|57282|79668|168537,PRDM1|CD3E|FYN|JUNB|LTB|PTGER2|PTPRC|RPL37|RPS14|CXCR4|CELF2|SIRPG|SLC4A10|PARP8|GIMAP7,-0.88,0
1,-2.6,M39232,M1,1,0,Cell Type Signatures,7,LAKE ADULT KIDNEY C13 THICK ASCENDING LIMB,,-2.6,2.5,3.4,30238,131,1215,13,1.1,0.3,1793|2289|3912|5071|5101|8502|23051|23078|25957|29761|55068|57484|121512,DOCK1|FKBP5|LAMB1|PRKN|PCDH9|PKP4|ZHX3|VWA8|PNISR|USP25|ENOX1|RNF150|FGD4,-0.87,0
1,-2.6,M39203,M1,1,0,Cell Type Signatures,7,HAY BONE MARROW NEUTROPHIL,,-2.6,1.7,3.1,30238,449,1215,31,2.6,0.45,513|1349|1535|1536|2355|3588|3727|4055|4627|4689|5315|5836|6646|6715|7097|7305|8643|23034|23474|55701|56655|79971|80232|83982|84034|115727|121512|152007|171546|317649|389634,ATP5F1D|COX7B|CYBA|CYBB|FOSL2|IL10RB|JUND|LTBR|MYH9|NCF4|PKM|PYGL|SOAT1|SRD5A1|TLR2|TYROBP|PTCH2|SAMD4A|ETHE1|ARHGEF40|POLE4|WLS|WDR26|IFI27L2|EMILIN2|RASGRP4|FGD4|GLIPR2|SPTSSA|EIF4E3|LINC00937,-0.85,0
1,-2.6,M41752,M1,1,0,Cell Type Signatures,7,RUBENSTEIN SKELETAL MUSCLE T CELLS,,-2.6,2.2,3.3,30238,181,1215,16,1.3,0.33,916|1535|3646|3726|4050|5204|5788|6167|6208|7852|8664|9349|23406|51372|51386|100128731,CD3E|CYBA|EIF3E|JUNB|LTB|PFDN5|PTPRC|RPL37|RPS14|CXCR4|EIF3D|RPL23|COTL1|TMA7|EIF3L|OST4,-0.84,0
1,-2.6,M39020,M1,1,0,Cell Type Signatures,7,FAN EMBRYONIC CTX BIG GROUPS GLIAL,,-2.6,2.4,3.4,30238,133,1215,13,1.1,0.3,590|655|1363|2152|7076|7108|10157|23204|23302|51474|57556|83982|116372,BCHE|BMP7|CPE|F3|TIMP1|TM7SF2|AASS|ARL6IP1|WSCD1|LIMA1|SEMA6A|IFI27L2|LYPD1,-0.84,0
1,-2.5,M39106,M1,1,0,Cell Type Signatures,7,AIZARANI LIVER C2 KUPFFER CELLS 1,,-2.5,2.1,3.2,30238,200,1215,17,1.4,0.34,714|719|1536|2212|3111|3115|3123|5315|7097|7305|8013|10659|23406|57522|84034|114548|647135,C1QC|C3AR1|CYBB|FCGR2A|HLA-DOA|HLA-DPB1|HLA-DRB1|PKM|TLR2|TYROBP|NR4A3|CELF2|COTL1|SRGAP1|EMILIN2|NLRP3|SRGAP2B,-0.81,0
1,-2.5,M40187,M1,1,0,Cell Type Signatures,7,DESCARTES FETAL EYE MICROGLIA,,-2.5,2.3,3.3,30238,151,1215,14,1.2,0.31,714|1438|1536|1960|3123|4542|5788|6688|7097|7226|10894|23031|54518|81704,C1QC|CSF2RA|CYBB|EGR3|HLA-DRB1|MYO1F|PTPRC|SPI1|TLR2|TRPM2|LYVE1|MAST3|APBB1IP|DOCK8,-0.81,0
1,-2.5,M39160,M1,1,0,Cell Type Signatures,7,GAO LARGE INTESTINE 24W C11 PANETH LIKE CELL,,-2.5,1.8,3.1,30238,325,1215,24,2,0.4,714|1536|1848|2212|3115|3123|3624|4689|4929|5788|6509|6688|7097|7185|7305|7852|8013|8439|10308|10894|23406|114548|115825|221188,C1QC|CYBB|DUSP6|FCGR2A|HLA-DPB1|HLA-DRB1|INHBA|NCF4|NR4A2|PTPRC|SLC1A4|SPI1|TLR2|TRAF1|TYROBP|CXCR4|NR4A3|NSMAF|ZNF267|LYVE1|COTL1|NLRP3|WDFY2|ADGRG5,-0.8,0
1,-2.5,M39239,M1,1,0,Cell Type Signatures,7,LAKE ADULT KIDNEY C20 COLLECTING DUCT INTERCALATED CELLS TYPE A CORTEX,,-2.5,2.3,3.3,30238,152,1215,14,1.2,0.31,2308|3488|5071|5599|5795|23382|25957|26137|57619|81704|84216|113263|114781|121512,FOXO1|IGFBP5|PRKN|MAPK8|PTPRJ|AHCYL2|PNISR|ZBTB20|SHROOM3|DOCK8|TMEM117|GLCCI1|BTBD9|FGD4,-0.79,0
1,-2.5,M39077,M1,1,0,Cell Type Signatures,7,ZHONG PFC MAJOR TYPES MICROGLIA,,-2.5,1.7,3,30238,438,1215,30,2.5,0.45,714|719|1535|1536|1960|2212|2354|3428|3726|4354|4542|4627|4689|4929|5788|6886|7094|7305|7538|9306|10184|10591|10630|23031|23659|26090|54518|54918|57804|81704,C1QC|C3AR1|CYBA|CYBB|EGR3|FCGR2A|FOSB|IFI16|JUNB|MPP1|MYO1F|MYH9|NCF4|NR4A2|PTPRC|TAL1|TLN1|TYROBP|ZFP36|SOCS6|LHFPL2|DNPH1|PDPN|MAST3|PLA2G15|ABHD12|APBB1IP|CMTM6|POLD4|DOCK8,-0.79,0
1,-2.5,M39056,M1,1,0,Cell Type Signatures,7,MANNO MIDBRAIN NEUROTYPES HRGL3,,-2.5,1.6,3,30238,574,1215,37,3,0.49,117|576|590|1804|2042|2195|2581|2903|3488|3707|3913|4122|5139|5836|8013|9697|10226|10413|10630|10678|23363|23657|26064|28999|54212|54585|54769|57619|79583|79971|81706|83982|93190|93233|114793|129881|388585,ADCYAP1R1|ADGRB2|BCHE|DPP6|EPHA3|FAT1|GALC|GRIN2A|IGFBP5|ITPKB|LAMB2|MAN2A2|PDE3A|PYGL|NR4A3|TRAM2|PLIN3|YAP1|PDPN|B3GNT2|OBSL1|SLC7A11|RAI14|KLF15|SNTG1|LZTFL1|DIRAS2|SHROOM3|TMEM231|WLS|PPP1R14C|IFI27L2|CFAP107|ODAD1|FMNL2|CFAP210|HES5,-0.78,0
1,-2.4,M39269,M1,1,0,Cell Type Signatures,7,HU FETAL RETINA RGC,,-2.4,1.7,3,30238,443,1215,30,2.5,0.45,119|836|998|1155|1525|1995|2222|2534|3157|3831|4597|4741|6750|7852|9246|9270|9537|11182|11281|28978|51062|55680|56896|57142|57522|57556|57611|79570|158471|203068,ADD2|CASP3|CDC42|TBCB|CXADR|ELAVL3|FDFT1|FYN|HMGCS1|KLC1|MVD|NEFM|SST|CXCR4|UBE2L6|ITGB1BP1|TP53I11|SLC2A6|POU6F2|TMEM14A|ATL1|RUFY2|DPYSL5|RTN4|SRGAP1|SEMA6A|ISLR2|NKAIN1|PRUNE2|TUBB,-0.74,0
1,-2.4,M41675,M1,1,0,Cell Type Signatures,7,TRAVAGLINI LUNG ADVENTITIAL FIBROBLAST CELL,,-2.4,1.8,3,30238,296,1215,22,1.8,0.38,730|1292|1363|2012|2152|2354|3428|3726|3727|3913|3953|4780|5156|5744|7076|7538|8864|10630|26577|26872|51474|57142,C7|COL6A2|CPE|EMP1|F3|FOSB|IFI16|JUNB|JUND|LAMB2|LEPR|NFE2L2|PDGFRA|PTHLH|TIMP1|ZFP36|PER2|PDPN|PCOLCE2|STEAP1|LIMA1|RTN4,-0.72,0
1,-2.4,M39102,M1,1,0,Cell Type Signatures,7,ZHONG PFC C3 ASTROCYTE,,-2.4,1.7,3,30238,389,1215,27,2.2,0.42,1186|1525|1780|1995|2186|3508|4741|8888|9846|10659|23031|23152|23314|23504|23768|26039|27328|50512|54873|57221|57554|57648|79570|81856|94032|116986|254048,CLCN7|CXADR|DYNC1I1|ELAVL3|BPTF|IGHMBP2|NEFM|MCM3AP|GAB2|CELF2|MAST3|CIC|SATB2|RIMBP2|FLRT2|SS18L1|PCDH11X|PODXL2|PALMD|ARFGEF3|LRRC7|NHSL3|NKAIN1|ZNF611|CAMK2N2|AGAP2|UBN2,-0.71,0
1,-2.3,M39109,M1,1,0,Cell Type Signatures,7,AIZARANI LIVER C5 NK NKT CELLS 3,,-2.3,2.4,3.2,30238,126,1215,12,0.99,0.28,639|916|2534|4929|5788|7305|7852|10659|53637|54438|55784|79668,PRDM1|CD3E|FYN|NR4A2|PTPRC|TYROBP|CXCR4|CELF2|S1PR5|GFOD1|MCTP2|PARP8,-0.69,0
1,-2.3,M41707,M1,1,0,Cell Type Signatures,7,FAN OVARY CL5 HEALTHY SELECTABLE FOLLICLE THECAL CELL,,-2.3,1.8,2.9,30238,318,1215,23,1.9,0.39,30|498|730|1292|1889|2152|3301|3912|5156|5159|5732|5819|7088|10226|10651|10801|10949|51474|55696|65117|79971|84798|389136,ACAA1|ATP5F1A|C7|COL6A2|ECE1|F3|DNAJA1|LAMB1|PDGFRA|PDGFRB|PTGER2|NECTIN2|TLE1|PLIN3|MTX2|SEPTIN9|HNRNPA0|LIMA1|RBM22|RSRC2|WLS|C19orf48P|VGLL3,-0.69,0
1,-2.3,M39080,M1,1,0,Cell Type Signatures,7,ZHONG PFC C7 ORG UNDERGOING NEURONAL DIFFERENTIATION,,-2.3,3,3.3,30238,67,1215,8,0.66,0.23,1780|1804|1954|2042|4761|5789|23314|57522,DYNC1I1|DPP6|MEGF8|EPHA3|NEUROD2|PTPRD|SATB2|SRGAP1,-0.68,0
1,-2.3,M39200,M1,1,0,Cell Type Signatures,7,HAY BONE MARROW IMMATURE NEUTROPHIL,,-2.3,2.1,3,30238,194,1215,16,1.3,0.33,998|1026|1848|2212|5204|7803|9792|9846|10672|23478|56261|56905|91947|114548|124935|153830,CDC42|CDKN1A|DUSP6|FCGR2A|PFDN5|PTP4A1|SERTAD2|GAB2|GNA13|SEC11A|GPCPD1|C15orf39|ARRDC4|NLRP3|SLC43A2|RNF145,-0.67,0
1,-2.3,M41753,M1,1,0,Cell Type Signatures,7,RUBENSTEIN SKELETAL MUSCLE B CELLS,,-2.3,2.1,3,30238,177,1215,15,1.2,0.32,973|1535|3112|3115|3123|3726|4050|5204|5788|6167|6208|7852|9349|54918|57804,CD79A|CYBA|HLA-DOB|HLA-DPB1|HLA-DRB1|JUNB|LTB|PFDN5|PTPRC|RPL37|RPS14|CXCR4|RPL23|CMTM6|POLD4,-0.67,0
1,-2.3,M41714,M1,1,0,Cell Type Signatures,7,FAN OVARY CL12 T LYMPHOCYTE NK CELL 2,,-2.3,2.2,3,30238,161,1215,14,1.2,0.31,998|1535|2534|3105|3716|4050|5315|5788|7852|10923|55904|94239|168537|100128731,CDC42|CYBA|FYN|HLA-A|JAK1|LTB|PKM|PTPRC|CXCR4|SUB1|KMT2E|H2AZ2|GIMAP7|OST4,-0.66,0
1,-2.2,M41719,M1,1,0,Cell Type Signatures,7,FAN OVARY CL17 PUTATIVE APOPTOTIC SMOOTH MUSCLE CELL,,-2.2,1.9,2.9,30238,231,1215,18,1.5,0.35,468|573|1026|1105|1363|1465|3608|4059|4670|5159|5348|8013|10865|25932|51154|55766|80218|83643,ATF4|BAG1|CDKN1A|CHD1|CPE|CSRP1|ILF2|BCAM|HNRNPM|PDGFRB|FXYD1|NR4A3|ARID5A|CLIC4|MRTO4|H2AJ|NAA50|CCDC3,-0.65,0
1,-2.2,M39113,M1,1,0,Cell Type Signatures,7,AIZARANI LIVER C9 LSECS 1,,-2.2,1.8,2.9,30238,304,1215,22,1.8,0.38,1292|1848|1889|2012|2355|3678|3680|3727|4628|5362|5829|6886|7076|8828|9537|10894|27202|51474|57556|58499|80243|83876,COL6A2|DUSP6|ECE1|EMP1|FOSL2|ITGA5|ITGA9|JUND|MYH10|PLXNA2|PXN|TAL1|TIMP1|NRP2|TP53I11|LYVE1|C5AR2|LIMA1|SEMA6A|ZNF462|PREX2|MRO,-0.64,0
1,-2.2,M41704,M1,1,0,Cell Type Signatures,7,FAN OVARY CL2 PUTATIVE EARLY ATRETIC FOLLICLE THECAL CELL 1,,-2.2,2.5,3.1,30238,98,1215,10,0.82,0.26,730|1292|2354|3488|3726|5204|6167|7538|51372|100128731,C7|COL6A2|FOSB|IGFBP5|JUNB|PFDN5|RPL37|ZFP36|TMA7|OST4,-0.64,0
1,-2.2,M39038,M1,1,0,Cell Type Signatures,7,FAN EMBRYONIC CTX OPC,,-2.2,3.2,3.3,30238,55,1215,7,0.58,0.22,590|1525|5156|27075|51474|54212|375612,BCHE|CXADR|PDGFRA|TSPAN13|LIMA1|SNTG1|LHFPL3,-0.64,0
1,-2.1,M40286,M1,1,0,Cell Type Signatures,7,DESCARTES FETAL PLACENTA MEGAKARYOCYTES,,-2.1,2,2.9,30238,200,1215,16,1.3,0.33,1780|6886|7094|8555|9889|22927|23657|29094|56890|84519|326624|338799|388931|641649|651746|100506233,DYNC1I1|TAL1|TLN1|CDC14B|ZBED4|HABP4|SLC7A11|LGALSL|MDM1|ACRBP|RAB37|LINC01089|MFSD2B|TMEM91|ANKRD33B|RAB30-DT,-0.61,0
1,-2.1,M39128,M1,1,0,Cell Type Signatures,7,AIZARANI LIVER C29 MVECS 2,,-2.1,1.7,2.7,30238,313,1215,22,1.8,0.38,730|1026|1363|1465|1848|1889|2012|2354|3678|3727|3913|4860|5744|5784|5793|7076|9537|10266|10631|51474|54873|80243,C7|CDKN1A|CPE|CSRP1|DUSP6|ECE1|EMP1|FOSB|ITGA5|JUND|LAMB2|PNP|PTHLH|PTPN14|PTPRG|TIMP1|TP53I11|RAMP2|POSTN|LIMA1|PALMD|PREX2,-0.58,0
1,-2.1,M39204,M1,1,0,Cell Type Signatures,7,HAY BONE MARROW NK CELLS,,-2.1,1.7,2.7,30238,370,1215,25,2.1,0.41,1155|2975|3105|3428|3716|4145|4542|4597|4713|5613|5732|5829|7088|8787|9246|53637|54438|55658|55784|57153|81563|81926|170463|221188|283989,TBCB|GTF3C1|HLA-A|IFI16|JAK1|MATK|MYO1F|MVD|NDUFB7|PRKX|PTGER2|PXN|TLE1|RGS9|UBE2L6|S1PR5|GFOD1|RNF126|MCTP2|SLC44A2|C1orf21|ABHD17A|SSBP4|ADGRG5|TSEN54,-0.58,0
1,-2.1,M39196,M1,1,0,Cell Type Signatures,7,HAY BONE MARROW EOSINOPHIL,,-2.1,3,3.1,30238,58,1215,7,0.58,0.22,9553|9920|10189|10923|54958|55766|115825,MRPL33|KBTBD11|ALYREF|SUB1|TMEM160|H2AJ|WDFY2,-0.58,0
1,-2.1,M39027,M1,1,0,Cell Type Signatures,7,FAN EMBRYONIC CTX IN 1 INTERNEURON,,-2.1,6.8,3.9,30238,11,1215,3,0.25,0.14,5947|7852|57795,RBP1|CXCR4|BRINP2,-0.58,0
1,-2.1,M39236,M1,1,0,Cell Type Signatures,7,LAKE ADULT KIDNEY C17 COLLECTING SYSTEM PCS STRESSED DISSOC SUBSET,,-2.1,1.9,2.8,30238,240,1215,18,1.5,0.35,658|2354|3157|3301|3488|3912|4780|5071|5101|5599|7538|9451|51474|57142|57492|57619|93664|114781,BMPR1B|FOSB|HMGCS1|DNAJA1|IGFBP5|LAMB1|NFE2L2|PRKN|PCDH9|MAPK8|ZFP36|EIF2AK3|LIMA1|RTN4|ARID1B|SHROOM3|CADPS2|BTBD9,-0.57,0
1,-2,M39234,M1,1,0,Cell Type Signatures,7,LAKE ADULT KIDNEY C15 CONNECTING TUBULE,,-2,2,2.8,30238,171,1215,14,1.2,0.31,658|793|3912|4780|5101|5599|10413|29761|29953|54212|57619|84216|93664|114781,BMPR1B|CALB1|LAMB1|NFE2L2|PCDH9|MAPK8|YAP1|USP25|TRHDE|SNTG1|SHROOM3|TMEM117|CADPS2|BTBD9,-0.55,0
