_MEMBER_MyList,_LogP_MyList,GO,_PATTERN_,_RANK_,GiniIndex,Category,CategoryID,Description,PARENT_GO,LogP,Enrichment,Z-score,#TotalGeneInLibrary,#GeneInGO,#GeneInHitList,#GeneInGOAndHitList,%InGO,STDV %InGO,GeneID,Hits,Log(q-value),EvidenceCutoff
1,-3.3,PGB:00071,M1,1,0,PaGenBase,36,Cell-specific: HUVEC,,-3.3,1.9,3.7,30238,371,1215,29,2.4,0.44,148|1024|1780|2012|2152|2650|2861|3678|4059|5139|5599|5784|8817|9014|10228|10667|10987|22899|23302|26064|26872|27287|29937|54957|56776|79000|79993|114548|116372,ADRA1A|CDK8|DYNC1I1|EMP1|F3|GCNT1|GPR37|ITGA5|BCAM|PDE3A|MAPK8|PTPN14|FGF18|TAF1B|STX6|FARS2|COPS5|ARHGEF15|WSCD1|RAI14|STEAP1|VENTX|NENF|TXNL4B|FMN2|AUNIP|ELOVL7|NLRP3|LYPD1,-1.2,0
1,-3.2,PGB:00032,M1,1,0,PaGenBase,36,Tissue-specific: Cerebellum,,-3.2,2.6,4,30238,141,1215,15,1.2,0.32,1995|4356|4661|5127|5585|6895|7067|8497|8914|9088|10766|23248|23302|50512|55806,ELAVL3|MPP3|MYT1|CDK16|PKN1|TARBP2|THRA|PPFIA4|TIMELESS|PKMYT1|TOB2|RPRD2|WSCD1|PODXL2|HR,-1.2,0
1,-3.1,PGB:00080,M1,1,0,PaGenBase,36,Cell-specific: Adipocyte,,-3.1,2.6,3.9,30238,145,1215,15,1.2,0.32,1292|1346|2152|2191|2819|3488|3679|5156|5159|5793|10555|11096|26577|63924|158471,COL6A2|COX7A1|F3|FAP|GPD1|IGFBP5|ITGA7|PDGFRA|PDGFRB|PTPRG|AGPAT2|ADAMTS5|PCOLCE2|CIDEC|PRUNE2,-1.2,0
1,-2.8,PGB:00065,M1,1,0,PaGenBase,36,Cell-specific: DRG,,-2.8,1.8,3.3,30238,455,1215,32,2.6,0.46,624|885|1346|1607|1780|1804|1995|2355|2819|3293|3679|3691|3953|4741|5121|5266|6450|6456|6750|7060|7097|7130|7439|8705|9108|9211|9378|23114|29094|55117|57060|158471,BDKRB2|CCK|COX7A1|DGKB|DYNC1I1|DPP6|ELAVL3|FOSL2|GPD1|HSD17B3|ITGA7|ITGB4|LEPR|NEFM|PCP4|PI3|SH3BGR|SH3GL2|SST|THBS4|TLR2|TNFAIP6|BEST1|B3GALT4|MTMR7|LGI1|NRXN1|NFASC|LGALSL|SLC6A15|PCBP4|PRUNE2,-0.96,0
1,-2.4,PGB:00028,M1,1,0,PaGenBase,36,Tissue-specific: skeletal muscle,,-2.4,1.7,3,30238,384,1215,27,2.2,0.42,88|203|1140|2029|4850|6450|6722|7439|8218|8445|9570|9667|10324|26097|56997|57157|79094|84448|84940|114907|115265|122622|136371|171024|200030|201294|399947,ACTN2|AK1|CHRNB1|ENSA|CNOT4|SH3BGR|SRF|BEST1|CLTCL1|DYRK2|GOSR2|SAFB2|KLHL41|CHTOP|COQ8A|PHTF2|CHAC1|ABLIM2|CORO6|FBXO32|DDIT4L|ADSS1|ASB10|SYNPO2|NBPF11|UNC13D|C11orf87,-0.77,0
1,-2.3,PGB:00023,M1,1,0,PaGenBase,36,Tissue-specific: heart,,-2.3,1.8,2.9,30238,320,1215,23,1.9,0.39,70|203|513|516|1346|2138|3316|4634|4713|5139|7306|8621|8817|10021|23363|26137|27112|55374|56905|64344|84529|136371|151258,ACTC1|AK1|ATP5F1D|ATP5MC1|COX7A1|EYA1|HSPB2|MYL3|NDUFB7|PDE3A|TYRP1|CDK13|FGF18|HCN4|OBSL1|ZBTB20|NALF2|TMCO6|C15orf39|HIF3A|CDIN1|ASB10|SLC38A11,-0.67,0
1,-2.2,PGB:00070,M1,1,0,PaGenBase,36,Cell-specific: HL60,,-2.2,2.6,3.2,30238,97,1215,10,0.82,0.26,788|2903|3115|3123|3125|5156|5795|6843|7274|125111,SLC25A20|GRIN2A|HLA-DPB1|HLA-DRB1|HLA-DRB3|PDGFRA|PTPRJ|VAMP1|TTPA|GJD3,-0.66,0
1,-2.1,PGB:00083,M1,1,0,PaGenBase,36,Cell-specific: HELA,,-2.1,2,2.8,30238,187,1215,15,1.2,0.32,624|4340|10595|10651|22894|23382|57198|58491|64598|64761|84284|84798|84808|326624|340156,BDKRB2|MOG|ERN2|MTX2|DIS3|AHCYL2|ATP8B2|ZNF71|MOSPD3|PARP12|NTPCR|C19orf48P|PERM1|RAB37|MYLK4,-0.56,0
