_MEMBER_MyList,_LogP_MyList,GO,_PATTERN_,_RANK_,GiniIndex,Category,CategoryID,Description,PARENT_GO,LogP,Enrichment,Z-score,#TotalGeneInLibrary,#GeneInGO,#GeneInHitList,#GeneInGOAndHitList,%InGO,STDV %InGO,GeneID,Hits,Log(q-value),EvidenceCutoff
1,-5.9,TRR01166,M1,1,0,TRRUST,34,Regulated by: RFXANK,,-5.9,11,8.1,30238,16,1215,7,0.58,0.22,3111|3112|3115|3120|3123|3125|3126,HLA-DOA|HLA-DOB|HLA-DPB1|HLA-DQB2|HLA-DRB1|HLA-DRB3|HLA-DRB4,-2.6,0
1,-5.9,TRR01167,M1,1,0,TRRUST,34,Regulated by: RFXAP,,-5.9,11,8.1,30238,16,1215,7,0.58,0.22,3111|3112|3115|3120|3123|3125|3126,HLA-DOA|HLA-DOB|HLA-DPB1|HLA-DQB2|HLA-DRB1|HLA-DRB3|HLA-DRB4,-2.6,0
1,-5.3,TRR01165,M1,1,0,TRRUST,34,Regulated by: RFX5,,-5.3,9.2,7.3,30238,19,1215,7,0.58,0.22,3111|3112|3115|3120|3123|3125|3126,HLA-DOA|HLA-DOB|HLA-DPB1|HLA-DQB2|HLA-DRB1|HLA-DRB3|HLA-DRB4,-2.4,0
1,-4.1,TRR00117,M1,1,0,TRRUST,34,Regulated by: CIITA,,-4.1,5.5,5.6,30238,36,1215,8,0.66,0.23,3105|3111|3112|3115|3120|3123|3125|3126,HLA-A|HLA-DOA|HLA-DOB|HLA-DPB1|HLA-DQB2|HLA-DRB1|HLA-DRB3|HLA-DRB4,-1.7,0
1,-2.3,TRR00599,M1,1,0,TRRUST,34,Regulated by: ING1,,-2.3,8.3,4.5,30238,9,1215,3,0.25,0.14,836|1026|2195,CASP3|CDKN1A|FAT1,-0.71,0
1,-2.3,TRR01162,M1,1,0,TRRUST,34,Regulated by: RFX1,,-2.3,5.5,3.9,30238,18,1215,4,0.33,0.16,3065|3112|3115|3125,HDAC1|HLA-DOB|HLA-DPB1|HLA-DRB3,-0.69,0
