_MEMBER_MyList,_LogP_MyList,GO,_PATTERN_,_RANK_,GiniIndex,Category,CategoryID,Description,PARENT_GO,LogP,Enrichment,Z-score,#TotalGeneInLibrary,#GeneInGO,#GeneInHitList,#GeneInGOAndHitList,%InGO,STDV %InGO,GeneID,Hits,Log(q-value),EvidenceCutoff
1,-10,COVID062,M1,1,0,COVID,200,Phosphoproteome_Bouhaddou_Vero_E6_2h_Up,,-10,2.4,7.6,30238,300,2766,65,2.3,0.29,231|547|705|1385|1495|1503|1514|1808|2194|3066|3070|3187|4173|4926|5092|5255|5563|5576|5925|5931|5977|6272|6500|6830|6835|7082|7415|8924|8943|9201|9656|9782|9939|9943|10199|10494|10713|23047|23348|23499|23512|24148|26578|51622|51663|51692|51773|54737|54853|55181|55346|55667|57646|57794|64778|64895|84991|116496|122786|123169|135295|151903|221692|221937|222229,AKR1B1|KIF1A|BYSL|CREB1|CTNNA1|CTPS1|CTSL|DPYSL2|FASN|HDAC2|HELLS|HNRNPH1|MCM4|NUMA1|PCBD1|PHKA1|PRKAA2|PRKAR2A|RB1|RBBP7|DPF2|SORT1|SKP1|SUPT6H|SURF2|TJP1|VCP|HERC2|AP3D1|DCLK1|MDC1|MATR3|RBM8A|OXSR1|MPHOSPH10|STK25|USP39|PDS5B|DOCK9|MACF1|SUZ12|PRPF6|OSTF1|CCZ1|ZFR|CPSF3|RSF1|MPHOSPH8|WDR55|SMG8|TCP11L1|DENND4C|USP28|SUGP1|FNDC3B|PAPOLG|RBM17|NIBAN1|FRMD6|LEO1|SRSF12|CCDC12|PHACTR1|FOXK1|LRWD1,-7.4,0
1,-9.1,COVID058,M1,1,0,COVID,200,Phosphoproteome_Bouhaddou_Vero_E6_12h_Up,,-9.1,2.3,7,30238,300,2766,62,2.2,0.28,226|547|705|889|1211|1495|1643|1678|1808|2194|2597|3066|4172|4173|4926|5092|5255|5347|5977|6500|6830|6835|7082|7112|7347|8449|8924|9144|9656|9782|9939|9943|10189|10199|10494|10713|10746|23047|23499|23512|24148|25957|26578|29086|51622|51773|54853|55181|55701|56907|57794|79723|79753|84936|84991|116496|122786|123169|151903|221937|222229|253725,ALDOA|KIF1A|BYSL|KRIT1|CLTA|CTNNA1|DDB2|TIMM8A|DPYSL2|FASN|GAPDH|HDAC2|MCM3|MCM4|NUMA1|PCBD1|PHKA1|PLK1|DPF2|SKP1|SUPT6H|SURF2|TJP1|TMPO|UCHL3|DHX16|HERC2|SYNGR2|MDC1|MATR3|RBM8A|OXSR1|ALYREF|MPHOSPH10|STK25|USP39|MAP3K2|PDS5B|MACF1|SUZ12|PRPF6|PNISR|OSTF1|BABAM1|CCZ1|RSF1|WDR55|SMG8|ARHGEF40|SPIRE1|SUGP1|SUV39H2|SNIP1|ZFYVE19|RBM17|NIBAN1|FRMD6|LEO1|CCDC12|FOXK1|LRWD1|WASHC2C,-6.2,0
1,-9.1,COVID061,M1,1,0,COVID,200,Phosphoproteome_Bouhaddou_Vero_E6_2h_Down,,-9.1,2.3,7,30238,300,2766,62,2.2,0.28,207|862|1503|1994|2010|2889|3006|3007|3267|3925|5347|5601|5925|5981|6117|6249|6433|7082|7112|7145|8570|8572|9043|9169|9201|9537|9656|9853|9882|9958|10953|11104|11168|11214|23028|23350|23426|23499|25921|26000|29035|51307|51593|54487|54880|55667|57019|57187|57492|57556|57634|64784|79080|80856|83786|84457|84859|113251|170954|200576|246181|253260,AKT1|RUNX1T1|CTPS1|ELAVL1|EMD|RAPGEF1|H1-2|H1-3|AGFG1|STMN1|PLK1|MAPK9|RB1|RFC1|RPA1|CLIP1|SFSWAP|TJP1|TMPO|TNS1|KHSRP|PDLIM4|SPAG9|SCAF11|DCLK1|TP53I11|MDC1|RUSC2|TBC1D4|USP15|TOMM34|KATNA1|PSIP1|AKAP13|KDM1A|U2SURP|GRIP1|MACF1|ZDHHC5|TBC1D10B|HAPSTR1|FAM53C|SRRT|DGCR8|BCOR|DENND4C|CIAPIN1|THOC2|ARID1B|SEMA6A|EP400|CRTC3|CCDC86|LNPK|FRMD8|PHYHIPL|LRCH3|LARP4|PPP1R18|PIKFYVE|AKR7L|RICTOR,-6.2,0
1,-8.4,COVID177,M1,1,0,COVID,200,Proteome_Stukalov_A549_72h_ORF7A_Up,,-8.4,3.7,7.4,30238,74,2766,25,0.9,0.18,115|182|672|1198|1810|2194|2683|3632|4660|5213|5824|6249|6541|9322|10195|10296|11116|23062|23350|23499|25937|27243|55181|79366|197257,ADCY9|JAG1|BRCA1|CLK3|DR1|FASN|B4GALT1|INPP5A|PPP1R12B|PFKM|PEX19|CLIP1|SLC7A1|TRIP10|ALG3|MAEA|CEP43|GGA2|U2SURP|MACF1|WWTR1|CHMP2A|SMG8|HMGN5|LDHD,-5.7,0
1,-8.2,COVID131,M1,1,0,COVID,200,Phosphoproteome_Stukalov_A549-ACE2_24h_Up,,-8.2,2.2,6.6,30238,300,2766,60,2.2,0.28,59|72|119|226|1503|1602|2029|2194|3187|3188|3875|4086|4741|4898|4926|4928|5195|5981|6449|6601|6711|7082|8165|8531|8888|8924|9043|9169|9217|9656|9667|9782|9961|10270|10627|11083|22864|22872|23047|23091|23513|23543|23580|26000|26003|55177|55667|55690|56993|63971|64864|79657|79833|84335|84687|196513|200576|253260|253725|260425,ACTA2|ACTG2|ADD2|ALDOA|CTPS1|DACH1|ENSA|FASN|HNRNPH1|HNRNPH2|KRT18|SMAD1|NEFM|NRDC|NUMA1|NUP98|PEX14|RFC1|SGTA|SMARCC2|SPTBN1|TJP1|AKAP1|YBX3|MCM3AP|HERC2|SPAG9|SCAF11|VAPB|MDC1|SAFB2|MATR3|MVP|AKAP8|MYL12A|DIDO1|R3HDM2|SEC31A|PDS5B|ZC3H13|SCRIB|RBFOX2|CDC42EP4|TBC1D10B|GORASP2|RMDN3|DENND4C|PACS1|TOMM22|KIF13A|RFX7|RPAP3|GEMIN6|AKT1S1|PPP1R9B|DCP1B|PIKFYVE|RICTOR|WASHC2C|MAGI3,-5.6,0
1,-8.2,COVID172,M1,1,0,COVID,200,Proteome_Stukalov_A549_72h_ORF3_Down,,-8.2,2.2,6.6,30238,300,2766,60,2.2,0.28,230|328|1385|1665|1810|2551|2597|3070|3149|3276|3801|4171|4172|4173|4175|4292|5424|5531|6015|6117|6726|7168|7317|8570|8664|8836|8883|8991|10137|10428|10445|10480|10498|10797|10856|11198|11316|23476|28960|30846|51329|53405|54102|54663|54853|55027|55127|55644|55729|55775|79960|80011|84196|84450|84790|112939|115708|155435|221937|359948,ALDOC|APEX1|CREB1|DHX15|DR1|GABPA|GAPDH|HELLS|HMGB3|PRMT1|KIFC3|MCM2|MCM3|MCM4|MCM6|MLH1|POLD1|PPP4C|RING1|RPA1|SRP9|TPM1|UBA1|KHSRP|EIF3D|GGH|NAE1|SELENBP1|RBM12|CFDP1|MCRS1|EIF3M|CARM1|MTHFD2|RUVBL2|SUPT16H|COPE|BRD4|DCPS|EHD2|ARL6IP4|CLIC5|CLIC6|WDR74|WDR55|HEATR3|HEATR1|OSGEP|ATF7IP|TDP1|JADE1|PSME3IP1|USP48|ZNF512|TUBA1C|NACC1|TRMT61A|RBM33|FOXK1|IRF2BP2,-5.6,0
1,-7.4,COVID236,M1,1,0,COVID,200,Proteome_Klann_Caco-2_24h_Down,,-7.4,2.1,6.2,30238,300,2766,58,2.1,0.27,335|1291|1512|1535|1719|2041|2192|2717|3070|3716|3915|3925|4171|4172|4173|4175|4292|5424|5476|5660|5925|5950|5981|6480|6541|6590|7026|7037|7283|8079|8165|8910|10241|10248|10535|10653|10916|10955|23062|23512|25945|26273|29128|51255|55500|55756|56655|56941|57037|57680|59286|79077|80011|80144|89978|151903|348262|440957,APOA1|COL6A1|CTSH|CYBA|DHFR|EPHA1|FBLN1|GLA|HELLS|JAK1|LAMC1|STMN1|MCM2|MCM3|MCM4|MCM6|MLH1|POLD1|CTSA|PSAP|RB1|RBP4|RFC1|ST6GAL1|SLC7A1|SLPI|NR2F2|TFRC|TUBG1|MLF2|AKAP1|SGCE|CALCOCO2|POP7|RNASEH2A|SPINT2|MAGED2|SERINC3|GGA2|SUZ12|NECTIN3|FBXO3|UHRF1|RNF181|ETNK1|INTS9|POLE4|HMCES|ANKMY2|CHD8|UBL5|DCTPP1|PSME3IP1|FRAS1|DPH6|CCDC12|MCRIP1|UQCC5,-4.9,0
1,-6.8,COVID179,M1,1,0,COVID,200,Proteome_Stukalov_A549_72h_ORF7B_Up,,-6.8,2.7,6.1,30238,130,2766,32,1.2,0.2,965|1503|1810|2071|2194|2512|3007|3164|3632|5151|5213|5347|6541|7052|9322|9686|10296|10797|11098|23350|51011|51478|55181|57552|57658|64963|79366|84759|115939|151636|202018|376497,CD58|CTPS1|DR1|ERCC3|FASN|FTL|H1-3|NR4A1|INPP5A|PDE8A|PFKM|PLK1|SLC7A1|TGM2|TRIP10|VGLL4|MAEA|MTHFD2|PRSS23|U2SURP|FAHD2A|HSD17B7|SMG8|NCEH1|CALCOCO1|MRPS11|HMGN5|PCGF1|TSR3|DTX3L|TAPT1|SLC27A1,-4.4,0
1,-6.7,COVID134,M1,1,0,COVID,200,Proteome_Stukalov_A549-ACE2_24h_Down,,-6.7,2,5.8,30238,299,2766,56,2,0.27,267|547|1186|1719|2029|2230|2296|2551|3070|3248|3550|3636|3925|4173|5116|5347|5531|5660|5925|6597|7164|8079|8924|9296|9337|10916|11065|23019|23028|23528|23770|29128|29978|51255|51329|51654|55187|55729|56941|56992|57515|57646|57680|59286|64943|79724|79833|80097|80210|81627|84196|115939|129138|151903|221078|359948,AMFR|KIF1A|CLCN7|DHFR|ENSA|FDX1|FOXC1|GABPA|HELLS|HPGD|IK|INPPL1|STMN1|MCM4|PCNT|PLK1|PPP4C|PSAP|RB1|SMARCA4|TPD52L1|MLF2|HERC2|ATP6V1F|CNOT8|MAGED2|UBE2C|CNOT1|KDM1A|ZNF281|FKBP8|UHRF1|UBQLN2|RNF181|ARL6IP4|CDK5RAP1|VPS13D|ATF7IP|HMCES|KIF15|SERINC1|USP28|CHD8|UBL5|NT5DC2|ZNF768|GEMIN6|MZT2B|ARMC9|TRMT1L|USP48|TSR3|ANKRD54|CCDC12|NSUN6|IRF2BP2,-4.4,0
1,-6.7,COVID049,M1,1,0,COVID,200,RNA_Wyler_Calu-3_24h_Down,,-6.7,2,5.7,30238,300,2766,56,2,0.27,214|397|771|828|847|1112|1397|1429|1501|1512|1593|1719|1759|1767|1808|1836|2052|2261|3149|3786|3925|3953|4047|4638|5257|6272|6307|7037|7168|8537|10083|10590|23129|26960|51148|51449|54414|55157|55222|55771|64943|79600|79962|80119|80144|80310|83543|90141|126969|129642|130589|221935|254827|255738|317649|100131187,ALCAM|ARHGDIB|CA12|CAPS|CAT|FOXN3|CRIP2|CRYZ|CTNND2|CTSH|CYP27A1|DHFR|DNM1|DNAH5|DPYSL2|SLC26A2|EPHX1|FGFR3|HMGB3|KCNQ3|STMN1|LEPR|LSS|MYLK|PHKB|SORT1|MSMO1|TFRC|TPM1|BCAS1|USH1C|SCGN|PLXND1|NBEA|CERCAM|PCYOX1|SIAE|DARS2|LRRC20|PRR11|NT5DC2|TCTN1|DNAJC22|PIF1|FRAS1|PDGFD|AIF1L|EFCAB11|SLC44A3|MBOAT2|GALM|SDK1|NAALADL2|PCSK9|EIF4E3|TSTD1,-4.4,0
1,-6.7,COVID059,M1,1,0,COVID,200,Phosphoproteome_Bouhaddou_Vero_E6_24h_Down,,-6.7,2,5.7,30238,300,2766,56,2,0.27,1994|3006|3007|3925|4173|4281|4638|4926|4928|5347|5925|5933|5981|6117|6449|7112|7145|8079|9043|9055|9169|9208|9656|9882|10189|11104|11168|22924|23047|23091|23094|23499|25829|29128|51307|51593|51622|54700|54820|55667|55691|57187|57492|57592|57634|60312|79080|79693|80856|84717|84859|113251|200576|221937|222229|260425,ELAVL1|H1-2|H1-3|STMN1|MCM4|MID1|MYLK|NUMA1|NUP98|PLK1|RB1|RBL1|RFC1|RPA1|SGTA|TMPO|TNS1|MLF2|SPAG9|PRC1|SCAF11|LRRFIP1|MDC1|TBC1D4|ALYREF|KATNA1|PSIP1|MAPRE3|PDS5B|ZC3H13|SIPA1L3|MACF1|TMEM184B|UHRF1|FAM53C|SRRT|CCZ1|RRN3|NDE1|DENND4C|FRMD4A|THOC2|ARID1B|ZNF687|EP400|AFAP1|CCDC86|YRDC|LNPK|HDGFL2|LRCH3|LARP4|PIKFYVE|FOXK1|LRWD1|MAGI3,-4.4,0
1,-6.7,COVID060,M1,1,0,COVID,200,Phosphoproteome_Bouhaddou_Vero_E6_24h_Up,,-6.7,2,5.7,30238,300,2766,56,2,0.27,47|473|705|1385|1495|2194|2597|3066|3187|4234|5092|5255|5576|5977|6272|6711|6772|6830|6835|7082|8019|8570|9144|9656|9667|9782|9939|9943|10207|10494|10627|11214|23047|23348|23499|23512|24148|29086|51021|51133|51692|54737|54828|54853|55177|55181|57794|79084|79723|84936|114791|122786|123169|151903|221937|253725,ACLY|RERE|BYSL|CREB1|CTNNA1|FASN|GAPDH|HDAC2|HNRNPH1|METTL1|PCBD1|PHKA1|PRKAR2A|DPF2|SORT1|SPTBN1|STAT1|SUPT6H|SURF2|TJP1|BRD3|KHSRP|SYNGR2|MDC1|SAFB2|MATR3|RBM8A|OXSR1|PATJ|STK25|MYL12A|AKAP13|PDS5B|DOCK9|MACF1|SUZ12|PRPF6|BABAM1|MRPS16|KCTD3|CPSF3|MPHOSPH8|BCAS3|WDR55|RMDN3|SMG8|SUGP1|WDR77|SUV39H2|ZFYVE19|TUBGCP5|FRMD6|LEO1|CCDC12|FOXK1|WASHC2C,-4.4,0
1,-6.7,COVID066,M1,1,0,COVID,200,Phosphoproteome_Bouhaddou_Vero_E6_8h_Up,,-6.7,2,5.7,30238,300,2766,56,2,0.27,473|547|705|1495|1808|3066|3930|4173|4926|4928|5092|5931|5977|6272|6500|6711|6830|6835|7082|7112|8924|9144|9169|9656|9782|9939|9943|10199|10494|10713|10746|11116|22978|23047|23499|23512|24148|26578|29844|51622|51692|51773|54853|56907|57646|57794|79723|79753|84991|93343|116496|122786|123169|151903|170954|222229,RERE|KIF1A|BYSL|CTNNA1|DPYSL2|HDAC2|LBR|MCM4|NUMA1|NUP98|PCBD1|RBBP7|DPF2|SORT1|SKP1|SPTBN1|SUPT6H|SURF2|TJP1|TMPO|HERC2|SYNGR2|SCAF11|MDC1|MATR3|RBM8A|OXSR1|MPHOSPH10|STK25|USP39|MAP3K2|CEP43|NT5C2|PDS5B|MACF1|SUZ12|PRPF6|OSTF1|TFPT|CCZ1|CPSF3|RSF1|WDR55|SPIRE1|USP28|SUGP1|SUV39H2|SNIP1|RBM17|MVB12A|NIBAN1|FRMD6|LEO1|CCDC12|PPP1R18|LRWD1,-4.4,0
1,-6.4,COVID173,M1,1,0,COVID,200,Proteome_Stukalov_A549_72h_ORF3_Up,,-6.4,2,5.6,30238,291,2766,54,2,0.26,219|231|308|657|1186|1515|2054|2194|2335|3911|3915|3945|3958|4007|4047|4130|4660|4957|5184|5660|5869|6102|6510|6597|7048|7184|7360|8079|9043|9961|10007|10049|10202|10207|10241|10424|10653|11194|23184|23480|23764|23788|51324|55069|55366|55827|57617|57658|63971|79178|79915|80262|80781|84302,ALDH1B1|AKR1B1|ANXA5|BMPR1A|CLCN7|CTSV|STX2|FASN|FN1|LAMA5|LAMC1|LDHB|LGALS3|PRICKLE3|LSS|MAP1A|PPP1R12B|ODF2|PEPD|PSAP|RAB5B|RP2|SLC1A5|SMARCA4|TGFBR2|HSP90B1|UGP2|MLF2|SPAG9|MVP|GNPDA1|DNAJB6|DHRS2|PATJ|CALCOCO2|PGRMC2|SPINT2|ABCB8|MESD|SEC61G|MAFF|MTCH2|SPG21|TMEM248|LGR4|DCAF6|VPS18|CALCOCO1|KIF13A|THTPA|ATAD5|PHAF1|COL18A1|PGAP4,-4.1,0
1,-6.3,COVID037,M1,1,0,COVID,200,RNA_Sun_Calu-3_12h_Down,,-6.3,2,5.5,30238,300,2766,55,2,0.27,307|308|760|801|966|1173|1192|1429|1495|1515|1603|1622|1719|1728|2734|3032|3070|3149|3248|3417|3875|3925|3945|3958|4172|4173|4175|5660|5931|6272|6307|6427|6726|7037|7171|7184|7411|8766|9232|10163|10424|10627|10959|11065|23788|27075|27346|51449|55173|55536|55970|79077|84191|84418|84790,ANXA4|ANXA5|CA2|CALM1|CD59|AP2M1|CLIC1|CRYZ|CTNNA1|CTSV|DAD1|DBI|DHFR|NQO1|GLG1|HADHB|HELLS|HMGB3|HPGD|IDH1|KRT18|STMN1|LDHB|LGALS3|MCM3|MCM4|MCM6|PSAP|RBBP7|SORT1|MSMO1|SRSF2|SRP9|TFRC|TPM4|HSP90B1|VBP1|RAB11A|PTTG1|WASF2|PGRMC2|MYL12A|TMED2|UBE2C|MTCH2|TSPAN13|TMEM97|PCYOX1|MRPS10|CDCA7L|GNG12|DCTPP1|CIAO2A|CYSTM1|TUBA1C,-4.1,0
1,-6.3,COVID050,M1,1,0,COVID,200,RNA_Wyler_Calu-3_24h_Up,,-6.3,2,5.5,30238,300,2766,55,2,0.27,330|567|968|1573|3005|3097|3437|3717|4502|4599|4739|4938|5329|5362|6398|6483|6737|6772|7052|7318|7706|7726|9043|9235|9246|10135|10253|10384|10410|10818|11080|23405|23780|25976|51191|54676|55080|55281|55601|55603|55876|57018|57162|57169|60312|64108|64332|84858|91543|93082|129607|151636|152926|220213|259307,BIRC3|B2M|CD68|CYP2J2|H1-0|HIVEP2|IFIT3|JAK2|MT2A|MX1|NEDD9|OAS1|PLAUR|PLXNA2|SECTM1|ST3GAL2|TRIM21|STAT1|TGM2|UBA7|TRIM25|TRIM26|SPAG9|IL32|UBE2L6|NAMPT|SPRY2|BTN3A3|IFITM3|FRS2|DNAJB4|DICER1|APOL2|TIPARP|HERC5|GTPBP2|TAPBPL|TMEM140|DDX60|TENT5A|GSDMB|CCNL1|PELI1|ZNFX1|AFAP1|RTP4|NFKBIZ|ZNF503|RSAD2|NEURL3|CMPK2|DTX3L|PPM1K|OTUD1|IL4I1,-4.1,0
1,-6.3,COVID387,M1,1,0,COVID,200,Interactome_Laurent_HEK293_24h_ORF8,,-6.3,2,5.5,30238,300,2766,55,2,0.27,41|535|537|1656|2010|2597|3156|3998|5295|5770|5825|5954|6222|6646|6767|7203|9053|9197|9201|9217|9296|9631|9851|10195|10294|10424|10653|11231|22864|22948|23321|23478|26003|27243|51490|53407|54788|55144|55255|59343|64963|79073|79143|80856|81839|84928|88745|91869|116150|128869|144404|154807|200205|202018|399979,ASIC1|ATP6V0A1|ATP6AP1|DDX6|EMD|GAPDH|HMGCR|LMAN1|PIK3R1|PTPN1|ABCD3|RCN1|RPS18|SOAT1|ST13|CCT3|MAP7|SLC33A1|DCLK1|VAPB|ATP6V1F|NUP155|KIAA0753|ALG3|DNAJA2|PGRMC2|SPINT2|SEC63|R3HDM2|CCT5|TRIM2|SEC11A|GORASP2|CHMP2A|SPOUT1|STX18|DNAJB12|LRRC8D|WDR41|SENP2|MRPS11|TMEM109|MBOAT7|LNPK|VANGL1|TMEM209|RRP36|RFT1|NUS1|PIGU|TMEM120B|VKORC1L1|IBA57|TAPT1|SNX19,-4.1,0
1,-6,COVID374,M1,1,0,COVID,200,Interactome_Laurent_HEK293_24h_NSP3,,-6,2,5.4,30238,299,2766,54,2,0.26,535|891|1874|2010|3005|3156|3930|5140|5189|5770|6252|6307|6610|6646|6787|7112|7327|7905|9197|9217|9296|9513|9631|9851|9960|10424|10444|11231|22926|23032|23095|23321|23385|23478|23609|25912|51490|53407|55746|55771|59343|64963|79048|79143|79720|81671|81839|84928|91869|122060|154807|201161|202018|399979,ATP6V0A1|CCNB1|E2F4|EMD|H1-0|HMGCR|LBR|PDE3B|PEX1|PTPN1|RTN1|MSMO1|SMPD2|SOAT1|NEK4|TMPO|UBE2G2|REEP5|SLC33A1|VAPB|ATP6V1F|FXR2|NUP155|KIAA0753|USP3|PGRMC2|ZER1|SEC63|ATF6|USP33|KIF1B|TRIM2|NCSTN|SEC11A|MKRN2|LTAP1|SPOUT1|STX18|NUP133|PRR11|SENP2|MRPS11|SECISBP2|MBOAT7|VPS37B|VMP1|VANGL1|TMEM209|RFT1|SLAIN1|VKORC1L1|CENPV|TAPT1|SNX19,-3.8,0
1,-6,COVID005,M1,1,0,COVID,200,RNA_Appelberg_Huh-7_72h_Down,,-6,2,5.3,30238,300,2766,54,2,0.26,1839|2787|2873|3006|3798|3801|3875|3880|3958|4130|4502|4605|5362|5834|6449|6650|6835|9679|9780|10189|10382|10383|10452|10607|10763|22870|23513|23753|25855|27158|29128|54976|56905|56926|57175|57452|64403|64410|65993|79050|79080|79144|83858|83959|85455|112939|113000|113452|115708|146760|149175|222229|283643|790955,HBEGF|GNG5|GPS1|H1-2|KIF5A|KIFC3|KRT18|KRT19|LGALS3|MAP1A|MT2A|MYBL2|PLXNA2|PYGB|SGTA|CAPN15|SURF2|FAM53B|PIEZO1|ALYREF|TUBB4A|TUBB4B|TOMM40|TBL3|NES|PPP6R1|SCRIB|SDF2L1|BRMS1|NDOR1|UHRF1|ADISSP|C15orf39|NCLN|CORO1B|GALNT16|CDH24|KLHL25|MRPS34|NOC4L|CCDC86|PPDPF|ATAD3B|SLC4A11|DISP2|NACC1|RPUSD1|TMEM54|TRMT61A|RTN4RL1|MANEAL|LRWD1|TEDC1|UQCC3,-3.8,0
1,-6,COVID243,M1,1,0,COVID,200,RNA_Riva_Vero-E6_24h_Up,,-6,2,5.3,30238,300,2766,54,2,0.26,390|705|1503|1647|1839|1846|1850|2537|3097|3164|3437|3911|4739|4851|4921|5727|6208|6433|7071|7178|7286|7422|7862|8013|8165|8340|9586|9618|10019|10253|10602|10818|11083|22904|23764|25976|55209|55601|57018|57162|57396|64332|65986|79960|80315|83548|84879|91543|92922|93082|114789|122786|155435|220213,RND3|BYSL|CTPS1|GADD45A|HBEGF|DUSP4|DUSP8|IFI6|HIVEP2|NR4A1|IFIT3|LAMA5|NEDD9|NOTCH1|DDR2|PTCH1|RPS14|SFSWAP|KLF10|TPT1|TUFT1|VEGFA|BRPF1|NR4A3|AKAP1|H2BC13|CREB5|TRAF4|SH2B3|SPRY2|CDC42EP3|FRS2|DIDO1|SBNO2|MAFF|TIPARP|SETD5|DDX60|CCNL1|PELI1|CLK4|NFKBIZ|ZBTB10|JADE1|CPEB4|COG3|MFSD2A|RSAD2|CCDC102A|NEURL3|SLC25A25|FRMD6|RBM33|OTUD1,-3.8,0
1,-5.8,COVID178,M1,1,0,COVID,200,Proteome_Stukalov_A549_72h_ORF7B_Down,,-5.8,2.6,5.6,30238,123,2766,29,1,0.19,51|328|581|771|1512|1656|1892|2720|3005|3073|3364|4292|4924|7343|8836|10494|51092|51460|54414|57492|57622|57721|60481|66005|80315|84302|84910|90809|93343,ACOX1|APEX1|BAX|CA12|CTSH|DDX6|ECHS1|GLB1|H1-0|HEXA|HUS1|MLH1|NUCB1|UBTF|GGH|STK25|SIDT2|SFMBT1|SIAE|ARID1B|LRFN1|METTL14|ELOVL5|CHID1|CPEB4|PGAP4|TMEM87B|PIP4P1|MVB12A,-3.7,0
1,-5.7,COVID151,M1,1,0,COVID,200,Proteome_Stukalov_A549_72h_NSP15_Up,,-5.7,3.2,5.7,30238,69,2766,20,0.72,0.16,771|2060|2512|2720|3141|3875|4241|5528|5774|6249|9693|9924|10207|23761|27086|55147|64895|129138|140901|359845,CA12|EPS15|FTL|GLB1|HLCS|KRT18|MELTF|PPP2R5D|PTPN3|CLIP1|RAPGEF2|PAN2|PATJ|PISD|FOXP1|RBM23|PAPOLG|ANKRD54|STK35|RFLNB,-3.6,0
1,-5.6,COVID007,M1,1,0,COVID,200,RNA_Blanco-Melo_A549_Down,,-5.6,1.9,5.1,30238,300,2766,53,1.9,0.26,573|891|1622|1719|2194|2584|2873|3164|3875|4047|4171|4172|4173|4175|4605|5101|5347|5424|5434|5608|5985|6720|6790|7263|7283|8079|10024|10189|10212|10248|10383|10452|11338|23129|23753|25959|26155|27158|27346|29128|50628|51593|54058|56926|64943|79050|84153|112939|113000|113655|114822|148398|255738,BAG1|CCNB1|DBI|DHFR|FASN|GALK1|GPS1|NR4A1|KRT18|LSS|MCM2|MCM3|MCM4|MCM6|MYBL2|PCDH9|PLK1|POLD1|POLR2E|MAP2K6|RFC5|SREBF1|AURKA|TST|TUBG1|MLF2|TROAP|ALYREF|DDX39A|POP7|TUBB4B|TOMM40|U2AF2|PLXND1|SDF2L1|KANK2|NOC2L|NDOR1|TMEM97|UHRF1|GEMIN4|SRRT|C21orf58|NCLN|NT5DC2|NOC4L|RNASEH2C|NACC1|RPUSD1|MFSD3|RHPN1|SAMD11|PCSK9,-3.5,0
1,-5.6,COVID016,M1,1,0,COVID,200,RNA_Blanco-Melo_Calu-3_Up,,-5.6,1.9,5.1,30238,300,2766,53,1.9,0.26,330|390|1647|1839|1850|3005|3097|3437|4502|4599|4739|4938|5327|5329|6509|6662|6737|6772|7071|7286|7422|7706|8767|9246|9586|10125|10135|10253|10379|10797|23764|25976|51191|55281|55601|55785|55876|57018|57162|57169|64108|64332|65986|85463|91543|93010|93082|129607|151636|152926|153090|220213|253260,BIRC3|RND3|GADD45A|HBEGF|DUSP8|H1-0|HIVEP2|IFIT3|MT2A|MX1|NEDD9|OAS1|PLAT|PLAUR|SLC1A4|SOX9|TRIM21|STAT1|KLF10|TUFT1|VEGFA|TRIM25|RIPK2|UBE2L6|CREB5|RASGRP1|NAMPT|SPRY2|IRF9|MTHFD2|MAFF|TIPARP|HERC5|TMEM140|DDX60|FGD6|GSDMB|CCNL1|PELI1|ZNFX1|RTP4|NFKBIZ|ZBTB10|ZC3H12C|RSAD2|B3GNT7|NEURL3|CMPK2|DTX3L|PPM1K|DAB2IP|OTUD1|RICTOR,-3.5,0
1,-5.6,COVID038,M1,1,0,COVID,200,RNA_Sun_Calu-3_12h_Up,,-5.6,1.9,5.1,30238,300,2766,53,1.9,0.26,330|390|567|672|1385|3097|3437|3717|4599|4938|5101|5932|6249|6772|7071|8204|8767|9175|9586|9958|10125|10135|10181|10208|10818|11080|25836|25976|27243|51191|51773|55601|55603|55633|57018|57169|57396|64108|64332|64864|79753|80315|85463|91543|91664|93082|129607|140890|151636|152926|166968|253260|253959,BIRC3|RND3|B2M|BRCA1|CREB1|HIVEP2|IFIT3|JAK2|MX1|OAS1|PCDH9|RBBP8|CLIP1|STAT1|KLF10|NRIP1|RIPK2|MAP3K13|CREB5|USP15|RASGRP1|NAMPT|RBM5|USPL1|FRS2|DNAJB4|NIPBL|TIPARP|CHMP2A|HERC5|RSF1|DDX60|TENT5A|TBC1D22B|CCNL1|ZNFX1|CLK4|RTP4|NFKBIZ|RFX7|SNIP1|CPEB4|ZC3H12C|RSAD2|ZNF845|NEURL3|CMPK2|SREK1|DTX3L|PPM1K|MIER3|RICTOR|RALGAPA1,-3.5,0
1,-5.6,COVID051,M1,1,0,COVID,200,RNA_Xiong_BALF_Down,,-5.6,1.9,5.1,30238,300,2766,53,1.9,0.26,47|207|240|537|581|712|1535|1839|2588|2819|3636|3903|3925|4924|4926|5330|5834|6510|6688|6693|8165|8570|9144|9146|9563|9780|9961|10130|10452|22870|23351|23385|23770|23780|25829|25900|51593|55177|55191|56889|56926|57175|64689|66005|79073|79567|80228|80301|84901|112939|124565|154807|221496,ACLY|AKT1|ALOX5|ATP6AP1|BAX|C1QA|CYBA|HBEGF|GALNS|GPD1|INPPL1|LAIR1|STMN1|NUCB1|NUMA1|PLCB2|PYGB|SLC1A5|SPI1|SPN|AKAP1|KHSRP|SYNGR2|HGS|H6PD|PIEZO1|MVP|PDIA6|TOMM40|PPP6R1|KHNYN|NCSTN|FKBP8|APOL2|TMEM184B|IFFO1|SRRT|RMDN3|NADSYN1|TM9SF3|NCLN|CORO1B|GORASP1|CHID1|TMEM109|RIPOR1|ORAI2|PLEKHO2|NFATC2IP|NACC1|SLC38A10|VKORC1L1|LEMD2,-3.5,0
1,-5.6,COVID130,M1,1,0,COVID,200,Phosphoproteome_Stukalov_A549-ACE2_24h_Down,,-5.6,1.9,5.1,30238,300,2766,53,1.9,0.26,1849|3267|3875|4173|4281|5101|5255|6711|7112|8531|9043|9274|9400|9441|9693|9882|10207|10445|10564|11116|11168|22864|23028|23091|23125|23136|23358|23361|23462|23469|23513|23580|26155|26960|29844|51460|54880|55122|55269|55536|55690|57018|57520|57556|57680|64848|79724|80223|90799|220988|253725|348262|359948,DUSP7|AGFG1|KRT18|MCM4|MID1|PCDH9|PHKA1|SPTBN1|TMPO|YBX3|SPAG9|BCL7C|RECQL5|MED26|RAPGEF2|TBC1D4|PATJ|MCRS1|ARFGEF2|CEP43|PSIP1|R3HDM2|KDM1A|ZC3H13|CAMTA2|EPB41L3|USP24|ZNF629|HEY1|PHF3|SCRIB|CDC42EP4|NOC2L|NBEA|TFPT|SFMBT1|BCOR|AKIRIN2|PSPC1|CDCA7L|PACS1|CCNL1|HECW2|SEMA6A|CHD8|YTHDC2|ZNF768|RAB11FIP1|CEP95|HNRNPA3|WASHC2C|MCRIP1|IRF2BP2,-3.5,0
1,-5.6,COVID386,M1,1,0,COVID,200,Interactome_Laurent_HEK293_24h_ORF7B,,-5.6,1.9,5.1,30238,300,2766,53,1.9,0.26,214|267|1603|2010|3156|3162|3998|4928|5064|5082|5361|5770|5819|6252|6509|6608|7804|7905|8501|8506|8633|9197|9296|9545|9631|10294|10424|11188|23780|26578|27131|51164|51324|53407|55144|57147|57156|57505|57622|59343|79953|80144|80148|80856|83452|91869|116150|144404|154807|160897|199731|253558|399979,ALCAM|AMFR|DAD1|EMD|HMGCR|HMOX1|LMAN1|NUP98|PALM|PDCL|PLXNA1|PTPN1|NECTIN2|RTN1|SLC1A4|SMO|LRP8|REEP5|SLC43A1|CNTNAP1|UNC5C|SLC33A1|ATP6V1F|RAB3D|NUP155|DNAJA2|PGRMC2|NISCH|APOL2|OSTF1|SNX5|DCTN4|SPG21|STX18|LRRC8D|SCYL3|TMEM63C|AARS2|LRFN1|SENP2|SYNDIG1|FRAS1|SLC66A2|LNPK|RAB33B|RFT1|NUS1|TMEM120B|VKORC1L1|GPR180|CADM4|LCLAT1|SNX19,-3.5,0
1,-5.6,COVID389,M1,1,0,COVID,200,Interactome_Laurent_HEK293_24h_ORF9C,,-5.6,1.9,5.1,30238,300,2766,53,1.9,0.26,214|535|1603|2010|3149|3156|3162|3998|5770|6541|6608|6610|7073|7184|7589|7905|8501|9197|9217|9296|9537|9875|10199|10200|10424|11231|23353|23478|23780|51575|51647|53407|54788|54969|55144|55255|56889|64425|64963|79050|79073|80856|81671|84811|91869|94005|116150|124454|144404|154807|160897|253558|399979,ALCAM|ATP6V0A1|DAD1|EMD|HMGB3|HMGCR|HMOX1|LMAN1|PTPN1|SLC7A1|SMO|SMPD2|TIAL1|HSP90B1|ZSCAN21|REEP5|SLC43A1|SLC33A1|VAPB|ATP6V1F|TP53I11|URB1|MPHOSPH10|MPHOSPH6|PGRMC2|SEC63|SUN1|SEC11A|APOL2|ESF1|CIAO2B|STX18|DNAJB12|HPF1|LRRC8D|WDR41|TM9SF3|POLR1E|MRPS11|NOC4L|TMEM109|LNPK|VMP1|BUD13|RFT1|PIGS|NUS1|EARS2|TMEM120B|VKORC1L1|GPR180|LCLAT1|SNX19,-3.5,0
1,-5.6,COVID055,M1,1,0,COVID,200,Phosphoproteome_Bouhaddou_Vero_E6_0h_Down,,-5.6,2,5.2,30238,277,2766,50,1.8,0.25,207|1503|1994|2010|2029|2873|3007|3097|3801|3925|4173|4928|5093|5347|5525|5601|5770|5925|6117|6249|6433|6711|7082|7112|8570|8572|9055|9656|9693|9882|10383|10602|10644|22978|23091|23403|23499|29035|29888|51307|51593|51622|57592|57634|64895|80856|84859|84991|121053|339448,AKT1|CTPS1|ELAVL1|EMD|ENSA|GPS1|H1-3|HIVEP2|KIFC3|STMN1|MCM4|NUP98|PCBP1|PLK1|PPP2R5A|MAPK9|PTPN1|RB1|RPA1|CLIP1|SFSWAP|SPTBN1|TJP1|TMPO|KHSRP|PDLIM4|PRC1|MDC1|RAPGEF2|TBC1D4|TUBB4B|CDC42EP3|IGF2BP2|NT5C2|ZC3H13|FBXO46|MACF1|HAPSTR1|STRN4|FAM53C|SRRT|CCZ1|ZNF687|EP400|PAPOLG|LNPK|LRCH3|RBM17|NOPCHAP1|C1orf174,-3.5,0
1,-5.4,COVID228,M1,1,0,COVID,200,Translatome_Bojkova_Caco-2_24h_Down,,-5.4,2.3,5.2,30238,170,2766,35,1.3,0.21,307|526|847|1512|1719|2108|3005|3006|3007|3008|3417|3939|3958|5092|5184|5476|5660|6500|6510|7037|7164|7184|8449|10007|10653|10916|10953|11065|11316|56259|56851|57129|59286|84681|84833,ANXA4|ATP6V1B2|CAT|CTSH|DHFR|ETFA|H1-0|H1-2|H1-3|H1-4|IDH1|LDHA|LGALS3|PCBD1|PEPD|CTSA|PSAP|SKP1|SLC1A5|TFRC|TPD52L1|HSP90B1|DHX16|GNPDA1|SPINT2|MAGED2|TOMM34|UBE2C|COPE|CTNNBL1|EMC7|MRPL47|UBL5|HINT2|ATP5MK,-3.4,0
1,-5.3,COVID138,M1,1,0,COVID,200,Proteome_Stukalov_A549_72h_E_Down,,-5.3,2,5,30238,238,2766,44,1.6,0.24,871|1535|2108|2597|3007|3716|4171|5116|5127|6509|6610|6711|6731|6782|8575|8664|9851|10130|10241|10480|10519|10797|10856|11198|30846|51335|53405|54102|55127|55697|55729|55775|55825|57018|79837|83940|84450|84991|128387|148281|155435|170954|221496|257218,SERPINH1|CYBA|ETFA|GAPDH|H1-3|JAK1|MCM2|PCNT|CDK16|SLC1A4|SMPD2|SPTBN1|SRP72|HSPA13|PRKRA|EIF3D|KIAA0753|PDIA6|CALCOCO2|EIF3M|CIB1|MTHFD2|RUVBL2|SUPT16H|EHD2|NGRN|CLIC5|CLIC6|HEATR1|VAC14|ATF7IP|TDP1|PECR|CCNL1|PIP4K2C|TATDN1|ZNF512|RBM17|TATDN3|SYT6|RBM33|PPP1R18|LEMD2|SHPRH,-3.3,0
1,-5.3,COVID375,M1,1,0,COVID,200,Interactome_Laurent_HEK293_24h_NSP4,,-5.3,1.9,4.9,30238,300,2766,52,1.9,0.26,214|267|1535|1603|2010|2804|3156|3162|3998|4928|5082|5298|5361|5770|5819|6252|6509|6608|7804|7905|8501|8506|8633|9197|9296|9545|9631|9685|10294|10424|11188|23780|26960|51164|51324|53407|54438|55144|57147|59343|80144|80148|80856|91869|116150|144404|154807|160897|200576|222223|253558|399979,ALCAM|AMFR|CYBA|DAD1|EMD|GOLGB1|HMGCR|HMOX1|LMAN1|NUP98|PDCL|PI4KB|PLXNA1|PTPN1|NECTIN2|RTN1|SLC1A4|SMO|LRP8|REEP5|SLC43A1|CNTNAP1|UNC5C|SLC33A1|ATP6V1F|RAB3D|NUP155|CLINT1|DNAJA2|PGRMC2|NISCH|APOL2|NBEA|DCTN4|SPG21|STX18|GFOD1|LRRC8D|SCYL3|SENP2|FRAS1|SLC66A2|LNPK|RFT1|NUS1|TMEM120B|VKORC1L1|GPR180|PIKFYVE|ELAPOR2|LCLAT1|SNX19,-3.3,0
1,-5.2,COVID388,M1,1,0,COVID,200,Interactome_Laurent_HEK293_24h_ORF9B,,-5.2,2.6,5.2,30238,111,2766,26,0.94,0.18,581|2108|5082|5494|5576|5770|8165|9650|9851|10294|10856|10954|23770|26003|54940|55177|55187|55255|55699|55771|55847|64756|79830|197258|253827|401505,BAX|ETFA|PDCL|PPM1A|PRKAR2A|PTPN1|AKAP1|MTFR1|KIAA0753|DNAJA2|RUVBL2|PDIA5|FKBP8|GORASP2|OCIAD1|RMDN3|VPS13D|WDR41|IARS2|PRR11|CISD1|ATPAF1|ZMYM1|FCSK|MSRB3|TOMM5,-3.2,0
1,-5.2,COVID368,M1,1,0,COVID,200,Interactome_Laurent_HEK293_24h_NSP12,,-5.2,2,4.9,30238,255,2766,46,1.7,0.24,908|1398|2108|3636|3939|3945|5189|5190|5202|5213|5295|5434|6767|7286|7411|7840|8079|8725|9657|9851|9924|9958|10024|10198|10294|10459|10856|10901|22948|23019|23368|27131|51692|55062|55699|55746|64793|79657|80097|84920|116840|122060|146923|197258|200576|200933,CCT6A|CRK|ETFA|INPPL1|LDHA|LDHB|PEX1|PEX6|PFDN2|PFKM|PIK3R1|POLR2E|ST13|TUFT1|VBP1|ALMS1|MLF2|URI1|IQCB1|KIAA0753|PAN2|USP15|TROAP|MPHOSPH9|DNAJA2|MAD2L2|RUVBL2|DHRS4|CCT5|CNOT1|PPP1R13B|SNX5|CPSF3|WIPI1|IARS2|NUP133|CEP85|RPAP3|MZT2B|ALG10|CNTROB|SLAIN1|RUNDC1|FCSK|PIKFYVE|FBXO45,-3.2,0
1,-4.9,COVID048,M1,1,0,COVID,200,RNA_Wyler_Calu-3_12h_Up,,-4.9,1.9,4.7,30238,300,2766,51,1.8,0.26,330|390|837|1573|3097|3437|3717|4502|4599|4739|4938|5329|5362|6398|6662|6737|6772|7052|7318|7706|7726|8204|8767|9246|10379|10384|10818|11080|22904|23338|23780|25976|51191|54676|55281|55601|55603|57018|57162|57169|64108|64332|84955|91543|93082|129607|151636|152926|153090|220213|253260,BIRC3|RND3|CASP4|CYP2J2|HIVEP2|IFIT3|JAK2|MT2A|MX1|NEDD9|OAS1|PLAUR|PLXNA2|SECTM1|SOX9|TRIM21|STAT1|TGM2|UBA7|TRIM25|TRIM26|NRIP1|RIPK2|UBE2L6|IRF9|BTN3A3|FRS2|DNAJB4|SBNO2|JADE2|APOL2|TIPARP|HERC5|GTPBP2|TMEM140|DDX60|TENT5A|CCNL1|PELI1|ZNFX1|RTP4|NFKBIZ|NUDCD1|RSAD2|NEURL3|CMPK2|DTX3L|PPM1K|DAB2IP|OTUD1|RICTOR,-3,0
1,-4.9,COVID234,M1,1,0,COVID,200,Phosphoproteome_Klann_Caco-2_24h_Down,,-4.9,1.9,4.7,30238,300,2766,51,1.8,0.26,473|672|2261|3162|3267|3930|4171|4172|4281|4849|5064|5925|5933|6711|7082|7112|7145|8079|8661|8939|8943|9169|9513|9580|9782|10083|11214|22941|23047|23091|23094|23235|23350|23580|25836|25959|26000|51575|51773|55147|55729|57634|57680|79080|80097|84629|84811|88745|121053|200576|221937,RERE|BRCA1|FGFR3|HMOX1|AGFG1|LBR|MCM2|MCM3|MID1|CNOT3|PALM|RB1|RBL1|SPTBN1|TJP1|TMPO|TNS1|MLF2|EIF3A|FUBP3|AP3D1|SCAF11|FXR2|SOX13|MATR3|USH1C|AKAP13|SHANK2|PDS5B|ZC3H13|SIPA1L3|SIK2|U2SURP|CDC42EP4|NIPBL|KANK2|TBC1D10B|ESF1|RSF1|RBM23|ATF7IP|EP400|CHD8|CCDC86|MZT2B|TNRC18|BUD13|RRP36|NOPCHAP1|PIKFYVE|FOXK1,-3,0
1,-4.9,COVID139,M1,1,0,COVID,200,Proteome_Stukalov_A549_72h_E_Up,,-4.9,2.1,4.8,30238,186,2766,36,1.3,0.22,47|231|466|865|1629|2296|2972|3005|3039|4026|5195|5412|5774|7171|8019|8148|9261|9349|9924|10207|10901|11342|23761|51255|51647|55500|55617|57335|57646|64118|64756|79868|84936|130355|220988|253260,ACLY|AKR1B1|ATF1|CBFB|DBT|FOXC1|BRF1|H1-0|HBA1|LPP|PEX14|UBL3|PTPN3|TPM4|BRD3|TAF15|MAPKAPK2|RPL23|PAN2|PATJ|DHRS4|RNF13|PISD|RNF181|CIAO2B|ETNK1|TASP1|ZNF286A|USP28|DUS1L|ATPAF1|ALG13|ZFYVE19|C2orf76|HNRNPA3|RICTOR,-3,0
1,-4.9,COVID064,M1,1,0,COVID,200,Phosphoproteome_Bouhaddou_Vero_E6_4h_Up,,-4.9,1.9,4.7,30238,262,2766,46,1.7,0.24,547|705|889|1495|1503|1808|3066|4173|4926|5255|5977|6272|6500|6830|7082|8924|9416|9656|9782|9939|9943|10428|10713|23047|23499|23512|24148|29844|51692|51773|54853|55701|56907|57646|57794|79723|79753|84936|84991|90780|116496|123169|151903|221496|222229|253725,KIF1A|BYSL|KRIT1|CTNNA1|CTPS1|DPYSL2|HDAC2|MCM4|NUMA1|PHKA1|DPF2|SORT1|SKP1|SUPT6H|TJP1|HERC2|DDX23|MDC1|MATR3|RBM8A|OXSR1|CFDP1|USP39|PDS5B|MACF1|SUZ12|PRPF6|TFPT|CPSF3|RSF1|WDR55|ARHGEF40|SPIRE1|USP28|SUGP1|SUV39H2|SNIP1|ZFYVE19|RBM17|PYGO2|NIBAN1|LEO1|CCDC12|LEMD2|LRWD1|WASHC2C,-3,0
1,-4.7,COVID202,M1,1,0,COVID,200,RNA_Vanderheiden_pHAE_48h_Down,,-4.7,2.1,4.7,30238,189,2766,36,1.3,0.22,134|231|1759|2052|2512|3248|3310|3910|4613|4638|5166|6261|7018|7038|7062|8645|8900|8991|9547|9715|9976|10129|23462|23604|26051|30818|51063|51171|54437|57161|66004|80310|92558|93082|118738|222865,ADORA1|AKR1B1|DNM1|EPHX1|FTL|HPGD|HSPA6|LAMA4|MYCN|MYLK|PDK4|RYR1|TF|TG|TCHH|KCNK5|CCNA1|SELENBP1|CXCL14|FAM131B|CLEC2B|FRY|HEY1|DAPK2|PPP1R16B|KCNIP3|CALHM2|HSD17B14|SEMA5B|PELI2|LYNX1|PDGFD|BICDL1|NEURL3|ZNF488|TMEM130,-2.9,0
1,-4.7,COVID140,M1,1,0,COVID,200,Proteome_Stukalov_A549_72h_M_Down,,-4.7,2.1,4.7,30238,168,2766,33,1.2,0.21,182|226|871|1535|2108|2335|2597|3716|4171|4173|5127|5933|6541|6711|6731|6782|8767|9780|10130|10519|10947|11198|23098|30846|53405|54102|55192|55775|79724|80781|84450|221496|258010,JAG1|ALDOA|SERPINH1|CYBA|ETFA|FN1|GAPDH|JAK1|MCM2|MCM4|CDK16|RBL1|SLC7A1|SPTBN1|SRP72|HSPA13|RIPK2|PIEZO1|PDIA6|CIB1|AP3M2|SUPT16H|SARM1|EHD2|CLIC5|CLIC6|DNAJC17|TDP1|ZNF768|COL18A1|ZNF512|LEMD2|SVIP,-2.8,0
1,-4.7,COVID372,M1,1,0,COVID,200,Interactome_Laurent_HEK293_24h_NSP16,,-4.7,1.9,4.6,30238,283,2766,48,1.7,0.25,1192|3636|4928|5189|5190|5295|5601|5825|5830|7402|7840|9146|9545|9657|9710|9851|9924|10024|10198|10207|10248|10294|11188|22870|23368|25959|29998|51692|54438|54880|55667|55746|57617|57646|57673|64793|79830|84445|84759|84920|116840|151636|197258|200576|221937|253959|282809|729830,CLIC1|INPPL1|NUP98|PEX1|PEX6|PIK3R1|MAPK9|ABCD3|PEX5|UTRN|ALMS1|HGS|RAB3D|IQCB1|GARRE1|KIAA0753|PAN2|TROAP|MPHOSPH9|PATJ|POP7|DNAJA2|NISCH|PPP6R1|PPP1R13B|KANK2|BICRA|CPSF3|GFOD1|BCOR|DENND4C|NUP133|VPS18|USP28|BEND3|CEP85|ZMYM1|LZTS2|PCGF1|ALG10|CNTROB|DTX3L|FCSK|PIKFYVE|FOXK1|RALGAPA1|POC1B|FHIP1A,-2.8,0
1,-4.6,COVID029,M1,1,0,COVID,200,RNA_Liao_BALF-mild_Down,,-4.6,1.8,4.5,30238,300,2766,50,1.8,0.25,1|51|267|978|1788|3187|4026|4507|4718|6468|7037|7360|8263|9197|9349|9453|9710|10129|10552|22864|23204|23478|25864|25994|27099|29035|50854|51003|51622|51643|55096|55333|55486|57189|57492|64393|64786|64921|80315|80723|90843|91369|126328|130355|139231|205564|221937|340481|388341|101060691,A1BG|ACOX1|AMFR|CDA|DNMT3A|HNRNPH1|LPP|MTAP|NDUFC2|FBXW4|TFRC|UGP2|F8A1|SLC33A1|RPL23|GGPS1|GARRE1|FRY|ARPC1A|R3HDM2|ARL6IP1|SEC11A|ABHD14A|HIGD1A|SND1-IT1|HAPSTR1|SNHG32|MED31|CCZ1|TMBIM4|EBLN2|SYNJ2BP|PARL|DENND11|ARID1B|ZMAT3|TBC1D15|CASD1|CPEB4|SLC35G2|TCEAL8|ANKRD40|NDUFA11|C2orf76|FAM199X|SENP5|FOXK1|ZDHHC21|LRRC75A|NUTM2B-AS1,-2.8,0
1,-4.6,COVID384,M1,1,0,COVID,200,Interactome_Laurent_HEK293_24h_ORF6,,-4.6,1.8,4.5,30238,300,2766,50,1.8,0.25,535|537|2010|3156|3998|4928|5583|5770|5824|5825|6646|6767|7905|8165|8888|9197|9217|9296|9341|9631|9851|9950|10424|10802|11231|23478|23636|26003|53407|54940|55177|55255|55847|56851|57146|59343|64756|79143|79720|80856|81839|84928|91869|116150|144404|146923|150684|154807|200933|399979,ATP6V0A1|ATP6AP1|EMD|HMGCR|LMAN1|NUP98|PRKCH|PTPN1|PEX19|ABCD3|SOAT1|ST13|REEP5|AKAP1|MCM3AP|SLC33A1|VAPB|ATP6V1F|VAMP3|NUP155|KIAA0753|GOLGA5|PGRMC2|SEC24A|SEC63|SEC11A|NUP62|GORASP2|STX18|OCIAD1|RMDN3|WDR41|CISD1|EMC7|LDAF1|SENP2|ATPAF1|MBOAT7|VPS37B|LNPK|VANGL1|TMEM209|RFT1|NUS1|TMEM120B|RUNDC1|COMMD1|VKORC1L1|FBXO45|SNX19,-2.8,0
1,-4.6,COVID201,M1,1,0,COVID,200,Ubiquitinome_Stukalov_A549-ACE2_6h_Up,,-4.6,2.5,4.8,30238,100,2766,23,0.83,0.17,226|308|3006|3008|3149|3939|5202|6147|6510|6541|6921|7203|7317|8340|9453|10236|10241|10594|11065|25980|26240|79143|84790,ALDOA|ANXA5|H1-2|H1-4|HMGB3|LDHA|PFDN2|RPL23A|SLC1A5|SLC7A1|ELOC|CCT3|UBA1|H2BC13|GGPS1|HNRNPR|CALCOCO2|PRPF8|UBE2C|AAR2|FAM50B|MBOAT7|TUBA1C,-2.7,0
1,-4.4,COVID011,M1,1,0,COVID,200,RNA_Blanco-Melo_A549-ACE2-ruxolitinib_Down,,-4.4,1.9,4.5,30238,233,2766,41,1.5,0.23,837|968|2120|2537|3437|3717|4502|4599|4938|5329|6398|6590|6737|6772|7052|7318|7706|8651|8728|9246|9976|9985|10226|10379|10410|23780|51191|55281|55601|57085|57169|57493|91543|93010|129607|151636|152926|160897|168455|349667|387763,CASP4|CD68|ETV6|IFI6|IFIT3|JAK2|MT2A|MX1|OAS1|PLAUR|SECTM1|SLPI|TRIM21|STAT1|TGM2|UBA7|TRIM25|SOCS1|ADAM19|UBE2L6|CLEC2B|REC8|PLIN3|IRF9|IFITM3|APOL2|HERC5|TMEM140|DDX60|AGTRAP|ZNFX1|HEG1|RSAD2|B3GNT7|CMPK2|DTX3L|PPM1K|GPR180|CCDC71L|RTN4RL2|C11orf96,-2.7,0
1,-4.3,COVID382,M1,1,0,COVID,200,Interactome_Laurent_HEK293_24h_ORF3A,,-4.3,1.8,4.3,30238,300,2766,49,1.8,0.25,267|538|2010|3156|3267|3998|5064|5361|5770|5793|5819|6510|7184|7804|7905|8301|8633|9197|9296|9341|9631|10424|10818|11188|23232|23780|25921|26960|30001|50512|51324|53407|54438|55144|55633|57617|58190|59343|79073|80097|80144|80856|91869|116150|144404|154807|221496|253558|399979,AMFR|ATP7A|EMD|HMGCR|AGFG1|LMAN1|PALM|PLXNA1|PTPN1|PTPRG|NECTIN2|SLC1A5|HSP90B1|LRP8|REEP5|PICALM|UNC5C|SLC33A1|ATP6V1F|VAMP3|NUP155|PGRMC2|FRS2|NISCH|TBC1D12|APOL2|ZDHHC5|NBEA|ERO1A|PODXL2|SPG21|STX18|GFOD1|LRRC8D|TBC1D22B|VPS18|CTDSP1|SENP2|TMEM109|MZT2B|FRAS1|LNPK|RFT1|NUS1|TMEM120B|VKORC1L1|LEMD2|LCLAT1|SNX19,-2.5,0
1,-4.2,COVID056,M1,1,0,COVID,200,Phosphoproteome_Bouhaddou_Vero_E6_0h_Up,,-4.2,2,4.4,30238,184,2766,34,1.2,0.21,705|889|1514|5093|5255|5347|5934|5977|6272|9201|9203|9513|9656|9667|9782|9943|10199|10207|10212|10746|10916|25829|25836|51692|55181|55346|63971|64786|84991|112936|116496|123169|135295|253725,BYSL|KRIT1|CTSL|PCBP1|PHKA1|PLK1|RBL2|DPF2|SORT1|DCLK1|ZMYM3|FXR2|MDC1|SAFB2|MATR3|OXSR1|MPHOSPH10|PATJ|DDX39A|MAP3K2|MAGED2|TMEM184B|NIPBL|CPSF3|SMG8|TCP11L1|KIF13A|TBC1D15|RBM17|VPS26B|NIBAN1|LEO1|SRSF12|WASHC2C,-2.5,0
1,-4.1,COVID188,M1,1,0,COVID,200,RNA_Stukalov_A549-ACE2_18h_Down,,-4.1,3.8,5,30238,32,2766,11,0.4,0.12,760|1152|2941|4741|6383|6597|7001|79366|84221|126731|619208,CA2|CKB|GSTA4|NEFM|SDC2|SMARCA4|PRDX2|HMGN5|SPATC1L|CCSAP|FAM229B,-2.4,0
1,-4,COVID010,M1,1,0,COVID,200,RNA_Blanco-Melo_A549-ACE2_Up,,-4,1.7,4.1,30238,300,2766,48,1.7,0.25,1647|1850|2296|3005|3097|3164|4193|5277|5452|6049|6542|7052|7071|7675|7862|8013|9406|9988|10208|10520|10773|10818|11083|23528|23764|25976|29946|51575|54931|55167|57018|64332|65986|79753|80315|80818|84628|84858|85403|91664|93082|129531|153222|160760|166968|170954|350383|387763,GADD45A|DUSP8|FOXC1|H1-0|HIVEP2|NR4A1|MDM2|PIGA|POU2F2|RNF6|SLC7A2|TGM2|KLF10|ZNF121|BRPF1|NR4A3|ZRANB2|DMTF1|USPL1|ZNF211|ZBTB6|FRS2|DIDO1|ZNF281|MAFF|TIPARP|SERTAD3|ESF1|TRMT10C|MSL2|CCNL1|NFKBIZ|ZBTB10|SNIP1|CPEB4|ZNF436|NTNG2|ZNF503|EAF1|ZNF845|NEURL3|MITD1|CREBRF|PPTC7|MIER3|PPP1R18|GPR142|C11orf96,-2.3,0
1,-4,COVID039,M1,1,0,COVID,200,RNA_Sun_Calu-3_24h_Down,,-4,1.7,4.1,30238,300,2766,48,1.7,0.25,214|307|801|908|950|966|1192|1429|1495|1622|2734|3066|3417|3875|3910|3939|3945|3998|4172|4173|4175|5660|5931|5954|6222|7037|7112|7168|7171|7184|7534|7905|8725|9045|10130|10447|10627|10959|11014|25941|27346|51449|55699|57486|80144|84418|114908|201595,ALCAM|ANXA4|CALM1|CCT6A|SCARB2|CD59|CLIC1|CRYZ|CTNNA1|DBI|GLG1|HDAC2|IDH1|KRT18|LAMA4|LDHA|LDHB|LMAN1|MCM3|MCM4|MCM6|PSAP|RBBP7|RCN1|RPS18|TFRC|TMPO|TPM1|TPM4|HSP90B1|YWHAZ|REEP5|URI1|RPL14|PDIA6|FAM3C|MYL12A|TMED2|KDELR2|TPGS2|TMEM97|PCYOX1|IARS2|NLN|FRAS1|CYSTM1|TMEM123|STT3B,-2.3,0
1,-4,COVID040,M1,1,0,COVID,200,RNA_Sun_Calu-3_24h_Up,,-4,1.7,4.1,30238,300,2766,48,1.7,0.25,330|3097|3437|3717|4599|5277|5329|5932|6433|6733|6772|7844|8365|8767|9043|9175|9448|9586|10087|10135|10181|10818|11080|25976|51191|51710|55209|55601|55603|55633|55729|57018|57162|57169|57396|64332|64778|64864|65986|79753|80315|81671|85463|91543|129607|152926|153222|155435,BIRC3|HIVEP2|IFIT3|JAK2|MX1|PIGA|PLAUR|RBBP8|SFSWAP|SRPK2|STAT1|RNF103|H4C8|RIPK2|SPAG9|MAP3K13|MAP4K4|CREB5|CERT1|NAMPT|RBM5|FRS2|DNAJB4|TIPARP|HERC5|ZNF44|SETD5|DDX60|TENT5A|TBC1D22B|ATF7IP|CCNL1|PELI1|ZNFX1|CLK4|NFKBIZ|FNDC3B|RFX7|ZBTB10|SNIP1|CPEB4|VMP1|ZC3H12C|RSAD2|CMPK2|PPM1K|CREBRF|RBM33,-2.3,0
1,-4,COVID057,M1,1,0,COVID,200,Phosphoproteome_Bouhaddou_Vero_E6_12h_Down,,-4,1.7,4.1,30238,300,2766,48,1.7,0.25,1994|2889|3006|3925|4926|5093|5347|5925|5933|5934|6117|6249|6449|7112|7145|9169|9882|9958|10916|11104|11168|11214|23091|23499|25829|25957|27254|51307|51593|55667|55691|57187|57492|57634|60312|64784|79080|79567|80856|83786|84335|84717|84811|84859|84991|89796|113251|221937,ELAVL1|RAPGEF1|H1-2|STMN1|NUMA1|PCBP1|PLK1|RB1|RBL1|RBL2|RPA1|CLIP1|SGTA|TMPO|TNS1|SCAF11|TBC1D4|USP15|MAGED2|KATNA1|PSIP1|AKAP13|ZC3H13|MACF1|TMEM184B|PNISR|CSDC2|FAM53C|SRRT|DENND4C|FRMD4A|THOC2|ARID1B|EP400|AFAP1|CRTC3|CCDC86|RIPOR1|LNPK|FRMD8|AKT1S1|HDGFL2|BUD13|LRCH3|RBM17|NAV1|LARP4|FOXK1,-2.3,0
1,-4,COVID235,M1,1,0,COVID,200,Phosphoproteome_Klann_Caco-2_24h_Up,,-4,1.7,4.1,30238,300,2766,48,1.7,0.25,1211|1655|2060|2230|2804|3006|3875|4638|4926|5770|5981|6249|6597|6601|7003|8570|8661|8766|8939|9043|9053|9169|9208|9782|9950|9958|10556|10564|10763|10951|11083|22826|23047|23405|23469|25836|26003|55082|55286|55486|55729|55738|79657|83548|84457|92906|201161|253725,CLTA|DDX5|EPS15|FDX1|GOLGB1|H1-2|KRT18|MYLK|NUMA1|PTPN1|RFC1|CLIP1|SMARCA4|SMARCC2|TEAD1|KHSRP|EIF3A|RAB11A|FUBP3|SPAG9|MAP7|SCAF11|LRRFIP1|MATR3|GOLGA5|USP15|RPP30|ARFGEF2|NES|CBX1|DIDO1|DNAJC8|PDS5B|DICER1|PHF3|NIPBL|GORASP2|ARGLU1|PGCKA1|PARL|ATF7IP|ARFGAP1|RPAP3|COG3|PHYHIPL|HNRNPLL|CENPV|WASHC2C,-2.3,0
1,-3.9,COVID023,M1,1,0,COVID,200,RNA_Keller_B-cells-Infected_CD21pos_Down,,-3.9,1.8,4.1,30238,278,2766,45,1.6,0.24,868|1608|2784|3162|3423|3636|3782|4599|5271|5330|5341|5455|6261|6510|7804|8412|9322|9537|9788|10125|10519|10653|10654|11033|23604|25946|51063|54438|55002|55512|55603|56935|57156|57175|57559|63874|64689|65078|80119|80301|84628|90668|93010|192683|387763,CBLB|DGKG|GNB3|HMOX1|IDS|INPPL1|KCNN3|MX1|SERPINB8|PLCB2|PLEK|POU3F3|RYR1|SLC1A5|LRP8|BCAR3|TRIP10|TP53I11|MTSS1|RASGRP1|CIB1|SPINT2|PMVK|ADAP1|DAPK2|ZNF385A|CALHM2|GFOD1|TMCO3|SMPD3|TENT5A|SMCO4|TMEM63C|CORO1B|STAMBPL1|ABHD4|GORASP1|RTN4R|PIF1|PLEKHO2|NTNG2|CARMIL3|B3GNT7|SCAMP5|C11orf96,-2.2,0
1,-3.9,COVID135,M1,1,0,COVID,200,Proteome_Stukalov_A549-ACE2_24h_Up,,-3.9,2.2,4.3,30238,131,2766,26,0.94,0.18,231|307|1265|1397|1728|1808|1845|2026|2335|2879|2958|3875|3958|4026|4071|5250|5445|6249|6772|7052|7082|7168|7171|9961|10135|30846,AKR1B1|ANXA4|CNN2|CRIP2|NQO1|DPYSL2|DUSP3|ENO2|FN1|GPX4|GTF2A2|KRT18|LGALS3|LPP|TM4SF1|SLC25A3|PON2|CLIP1|STAT1|TGM2|TJP1|TPM1|TPM4|MVP|NAMPT|EHD2,-2.2,0
1,-3.7,COVID220,M1,1,0,COVID,200,Proteome_Bojkova_Caco-2_24h_Down,,-3.7,2.6,4.3,30238,72,2766,17,0.61,0.15,335|1514|1622|1767|3070|3248|5608|5660|5950|6790|7259|10105|10653|11065|57515|57680|59286,APOA1|CTSL|DBI|DNAH5|HELLS|HPGD|MAP2K6|PSAP|RBP4|AURKA|TSPYL1|PPIF|SPINT2|UBE2C|SERINC1|CHD8|UBL5,-2,0
1,-3.6,COVID176,M1,1,0,COVID,200,Proteome_Stukalov_A549_72h_ORF7A_Down,,-3.6,2.6,4.2,30238,67,2766,16,0.58,0.14,581|1512|1514|1656|3073|4292|5476|8836|9851|10444|54414|66005|79077|80315|84302|196463,BAX|CTSH|CTSL|DDX6|HEXA|MLH1|CTSA|GGH|KIAA0753|ZER1|SIAE|CHID1|DCTPP1|CPEB4|PGAP4|PLBD2,-1.9,0
1,-3.4,COVID364,M1,1,0,COVID,200,Interactome_Laurent_HEK293_24h_M,,-3.4,1.7,3.7,30238,300,2766,46,1.7,0.24,164|214|267|2010|3156|3162|3998|4928|5064|5361|5770|5819|6252|6449|6509|7804|7905|8506|8633|9197|9296|9631|9685|10424|10498|10818|11188|23363|23780|51324|51429|53407|55144|55690|57147|59343|80148|80856|83452|91869|116150|144404|154807|160897|253558|399979,AP1G1|ALCAM|AMFR|EMD|HMGCR|HMOX1|LMAN1|NUP98|PALM|PLXNA1|PTPN1|NECTIN2|RTN1|SGTA|SLC1A4|LRP8|REEP5|CNTNAP1|UNC5C|SLC33A1|ATP6V1F|NUP155|CLINT1|PGRMC2|CARM1|FRS2|NISCH|OBSL1|APOL2|SPG21|SNX9|STX18|LRRC8D|PACS1|SCYL3|SENP2|SLC66A2|LNPK|RAB33B|RFT1|NUS1|TMEM120B|VKORC1L1|GPR180|LCLAT1|SNX19,-1.8,0
1,-3.4,COVID383,M1,1,0,COVID,200,Interactome_Laurent_HEK293_24h_ORF3B,,-3.4,1.7,3.7,30238,300,2766,46,1.7,0.24,41|115|214|535|538|1186|2045|2631|2804|3005|3156|3998|4851|5295|5298|5780|5793|5819|5954|6541|6767|7037|7804|8633|9146|9197|9341|9545|9851|9950|26003|27243|51490|51560|54438|55633|57147|58190|64963|79720|81839|84920|91869|132660|154807|253959,ASIC1|ADCY9|ALCAM|ATP6V0A1|ATP7A|CLCN7|EPHA7|NIPSNAP2|GOLGB1|H1-0|HMGCR|LMAN1|NOTCH1|PIK3R1|PI4KB|PTPN9|PTPRG|NECTIN2|RCN1|SLC7A1|ST13|TFRC|LRP8|UNC5C|HGS|SLC33A1|VAMP3|RAB3D|KIAA0753|GOLGA5|GORASP2|CHMP2A|SPOUT1|RAB6B|GFOD1|TBC1D22B|SCYL3|CTDSP1|MRPS11|VPS37B|VANGL1|ALG10|RFT1|LIN54|VKORC1L1|RALGAPA1,-1.8,0
1,-3.4,COVID141,M1,1,0,COVID,200,Proteome_Stukalov_A549_72h_M_Up,,-3.4,2.2,4,30238,103,2766,21,0.76,0.17,672|3005|3008|3141|4130|5527|5774|6293|8148|9045|9667|9703|9924|10379|10901|23761|51490|64118|79828|84936|122830,BRCA1|H1-0|H1-4|HLCS|MAP1A|PPP2R5C|PTPN3|VPS52|TAF15|RPL14|SAFB2|BLTP2|PAN2|IRF9|DHRS4|PISD|SPOUT1|DUS1L|METTL8|ZFYVE19|NAA30,-1.8,0
1,-3.4,COVID237,M1,1,0,COVID,200,Proteome_Klann_Caco-2_24h_Up,,-3.4,2.4,4,30238,76,2766,17,0.61,0.15,390|1364|2537|3040|3437|3909|4938|8968|10379|22822|23764|23780|51191|57169|57658|222865|389856,RND3|CLDN4|IFI6|HBA2|IFIT3|LAMA3|OAS1|H3C7|IRF9|PHLDA1|MAFF|APOL2|HERC5|ZNFX1|CALCOCO1|TMEM130|USP27X,-1.8,0
1,-3.4,COVID254,M1,1,0,COVID,200,RNA_Wilk_CD14+Monocytes_patient-C5_Up,,-3.4,2.2,3.9,30238,104,2766,21,0.76,0.17,801|1066|2537|2597|3007|3008|3417|3437|3939|4599|4637|4938|6279|7171|7184|10410|55601|91543|114908|129607|151636,CALM1|CES1|IFI6|GAPDH|H1-3|H1-4|IDH1|IFIT3|LDHA|MX1|MYL6|OAS1|S100A8|TPM4|HSP90B1|IFITM3|DDX60|RSAD2|TMEM123|CMPK2|DTX3L,-1.8,0
1,-3.3,COVID163,M1,1,0,COVID,200,Proteome_Stukalov_A549_72h_NSP6_Up,,-3.3,2.6,4,30238,64,2766,15,0.54,0.14,865|1629|3164|3661|8491|8976|10653|51329|54622|56993|57658|64093|64689|128077|195827,CBFB|DBT|NR4A1|IRF3|MAP4K3|WASL|SPINT2|ARL6IP4|ARL15|TOMM22|CALCOCO1|SMOC1|GORASP1|LIX1L|PRXL2C,-1.7,0
1,-3.2,COVID028,M1,1,0,COVID,200,RNA_Lamers_intestinal-organoid_expansion_Up,,-3.2,1.9,3.7,30238,167,2766,29,1,0.19,760|2537|3310|3437|3875|4172|4495|4599|4938|5184|5948|6427|6772|7168|10379|10410|51191|51728|53405|55170|55601|56983|57129|84525|84790|91543|129607|374868|388335,CA2|IFI6|HSPA6|IFIT3|KRT18|MCM3|MT1G|MX1|OAS1|PEPD|RBP2|SRSF2|STAT1|TPM1|IRF9|IFITM3|HERC5|POLR3K|CLIC5|PRMT6|DDX60|POGLUT1|MRPL47|HOPX|TUBA1C|RSAD2|CMPK2|ATP9B|TMEM220,-1.7,0
1,-3.2,COVID031,M1,1,0,COVID,200,RNA_Liao_BALF-severe_Down,,-3.2,1.6,3.5,30238,300,2766,45,1.6,0.24,51|134|240|267|847|1788|2557|2819|5082|6252|6261|7037|9349|9453|9710|9882|10129|22864|23204|23478|25864|25994|51378|51643|55321|55333|55486|55691|55825|57150|57189|64921|80723|80760|81621|84148|84924|90843|122525|122773|132949|197257|205564|340481|388341,ACOX1|ADORA1|ALOX5|AMFR|CAT|DNMT3A|GABRA4|GPD1|PDCL|RTN1|RYR1|TFRC|RPL23|GGPS1|GARRE1|TBC1D4|FRY|R3HDM2|ARL6IP1|SEC11A|ABHD14A|HIGD1A|ANGPT4|TMBIM4|TMEM74B|SYNJ2BP|PARL|FRMD4A|PECR|SMIM8|DENND11|CASD1|SLC35G2|ITIH5|KAZALD1|KAT8|ZNF566|TCEAL8|DORIP1|KLHDC1|AASDH|LDHD|SENP5|ZDHHC21|LRRC75A,-1.6,0
1,-3.2,COVID065,M1,1,0,COVID,200,Phosphoproteome_Bouhaddou_Vero_E6_8h_Down,,-3.2,1.6,3.5,30238,300,2766,45,1.6,0.24,1398|1994|3006|3007|3925|5347|5933|5934|6117|6449|7145|8725|9882|9958|10916|11168|11214|22924|23091|25921|25957|25959|27254|51307|51593|55082|55187|55667|55691|57492|57556|57634|64778|64784|79080|79567|80856|83786|84335|84717|84811|84991|113251|221937|260425,CRK|ELAVL1|H1-2|H1-3|STMN1|PLK1|RBL1|RBL2|RPA1|SGTA|TNS1|URI1|TBC1D4|USP15|MAGED2|PSIP1|AKAP13|MAPRE3|ZC3H13|ZDHHC5|PNISR|KANK2|CSDC2|FAM53C|SRRT|ARGLU1|VPS13D|DENND4C|FRMD4A|ARID1B|SEMA6A|EP400|FNDC3B|CRTC3|CCDC86|RIPOR1|LNPK|FRMD8|AKT1S1|HDGFL2|BUD13|RBM17|LARP4|FOXK1|MAGI3,-1.6,0
1,-3.2,COVID377,M1,1,0,COVID,200,Interactome_Laurent_HEK293_24h_NSP6,,-3.2,1.6,3.5,30238,300,2766,45,1.6,0.24,267|400|1535|2010|2631|3156|3162|3998|4928|5189|5195|5770|5819|6252|7804|7905|8165|9197|9296|9631|10424|23032|23353|23780|51164|51324|53407|54953|55144|56616|59343|79073|80144|80148|80856|91869|94005|116150|116496|144404|154807|160897|221496|253558|399979,AMFR|ARL1|CYBA|EMD|NIPSNAP2|HMGCR|HMOX1|LMAN1|NUP98|PEX1|PEX14|PTPN1|NECTIN2|RTN1|LRP8|REEP5|AKAP1|SLC33A1|ATP6V1F|NUP155|PGRMC2|USP33|SUN1|APOL2|DCTN4|SPG21|STX18|ODR4|LRRC8D|DIABLO|SENP2|TMEM109|FRAS1|SLC66A2|LNPK|RFT1|PIGS|NUS1|NIBAN1|TMEM120B|VKORC1L1|GPR180|LEMD2|LCLAT1|SNX19,-1.6,0
1,-3.2,COVID186,M1,1,0,COVID,200,RNA_Stukalov_A549-ACE2_12h_Down,,-3.2,4.3,4.4,30238,18,2766,7,0.25,0.096,760|1152|2947|6597|7001|54504|84221,CA2|CKB|GSTM3|SMARCA4|PRDX2|CPVL|SPATC1L,-1.6,0
1,-3.1,COVID256,M1,1,0,COVID,200,RNA_Wilk_CD14+Monocytes_patient-C6_Up,,-3.1,1.9,3.6,30238,154,2766,27,0.98,0.19,644|706|1495|2537|2597|2885|3005|3437|3939|4599|4637|4938|5476|6272|6279|6772|7171|8826|9935|10092|10410|10602|23765|91543|116496|129607|151636,BLVRA|TSPO|CTNNA1|IFI6|GAPDH|GRB2|H1-0|IFIT3|LDHA|MX1|MYL6|OAS1|CTSA|SORT1|S100A8|STAT1|TPM4|IQGAP1|MAFB|ARPC5|IFITM3|CDC42EP3|IL17RA|RSAD2|NIBAN1|CMPK2|DTX3L,-1.6,0
1,-3.1,COVID144,M1,1,0,COVID,200,Proteome_Stukalov_A549_72h_NSP12_Down,,-3.1,1.8,3.6,30238,210,2766,34,1.2,0.21,308|435|760|2804|2972|3097|3945|4086|5250|5445|5609|7052|7178|8767|9053|11344|26873|29081|51809|54622|54969|55127|55192|55785|55909|57085|64411|79833|83548|89978|148398|157695|253725|257218,ANXA5|ASL|CA2|GOLGB1|BRF1|HIVEP2|LDHB|SMAD1|SLC25A3|PON2|MAP2K7|TGM2|TPT1|RIPK2|MAP7|TWF2|OPLAH|METTL5|GALNT7|ARL15|HPF1|HEATR1|DNAJC17|FGD6|BIN3|AGTRAP|ARAP3|GEMIN6|COG3|DPH6|SAMD11|TDRP|WASHC2C|SHPRH,-1.6,0
1,-3.1,COVID205,M1,1,0,COVID,200,Proteome_Li_Urine-severe-vs-healthy_Down,,-3.1,1.9,3.6,30238,170,2766,29,1,0.19,335|567|966|1012|1291|2202|2720|3270|3903|3945|4241|5652|5660|5819|5950|6279|6398|7070|7534|8836|10653|27243|30008|51246|54414|57124|57493|199731|349667,APOA1|B2M|CD59|CDH13|COL6A1|EFEMP1|GLB1|HRC|LAIR1|LDHB|MELTF|PRSS8|PSAP|NECTIN2|RBP4|S100A8|SECTM1|THY1|YWHAZ|GGH|SPINT2|CHMP2A|EFEMP2|SHISA5|SIAE|CD248|HEG1|CADM4|RTN4RL2,-1.6,0
1,-3.1,COVID359,M1,1,0,COVID,200,RNA_Zhang_T-cells_severe-and-moderate_Up,,-3.1,2,3.6,30238,139,2766,25,0.9,0.18,567|1192|2537|2787|2999|3437|4502|4599|4938|5341|6279|6693|6772|9246|10410|10627|11098|51225|51510|79961|80342|91543|129607|152926|170954,B2M|CLIC1|IFI6|GNG5|GZMH|IFIT3|MT2A|MX1|OAS1|PLEK|S100A8|SPN|STAT1|UBE2L6|IFITM3|MYL12A|PRSS23|ABI3|CHMP5|DENND2D|TRAF3IP3|RSAD2|CMPK2|PPM1K|PPP1R18,-1.6,0
1,-3.1,COVID022,M1,1,0,COVID,200,RNA_Keller_B-cells-CD21pos_infection_Up,,-3.1,1.7,3.5,30238,269,2766,41,1.5,0.23,307|868|1174|1808|2784|3162|3958|4135|4938|5027|5064|5455|5973|6261|6398|6772|8412|8704|9246|9586|9961|9985|10125|10129|10519|11024|11033|11098|23604|51225|54913|55876|63976|65078|83697|90668|124093|124976|192683|285613|348013,ANXA4|CBLB|AP1S1|DPYSL2|GNB3|HMOX1|LGALS3|MAP6|OAS1|P2RX7|PALM|POU3F3|RENBP|RYR1|SECTM1|STAT1|BCAR3|B4GALT2|UBE2L6|CREB5|MVP|REC8|RASGRP1|FRY|CIB1|LILRA1|ADAP1|PRSS23|DAPK2|ABI3|RPP25|GSDMB|PRDM16|RTN4R|SLC4A9|CARMIL3|CCDC78|SPNS2|SCAMP5|RELL2|TMEM255B,-1.6,0
1,-3.1,COVID014,M1,1,0,COVID,200,RNA_Blanco-Melo_A549-low-MOI_Up,,-3.1,3.1,4,30238,35,2766,10,0.36,0.11,2537|3437|4599|4938|6772|9985|10379|55601|129607|151636,IFI6|IFIT3|MX1|OAS1|STAT1|REC8|IRF9|DDX60|CMPK2|DTX3L,-1.6,0
1,-3.1,COVID160,M1,1,0,COVID,200,Proteome_Stukalov_A549_72h_NSP4_Down,,-3.1,2.9,3.9,30238,41,2766,11,0.4,0.12,1198|1503|4926|5136|5824|6780|7037|7862|29888|200933|282991,CLK3|CTPS1|NUMA1|PDE1A|PEX19|STAU1|TFRC|BRPF1|STRN4|FBXO45|BLOC1S2,-1.6,0
1,-2.9,COVID180,M1,1,0,COVID,200,Proteome_Stukalov_A549_72h_ORF8_Down,,-2.9,2.5,3.7,30238,62,2766,14,0.51,0.13,3939|7586|9261|11065|50628|55771|64784|66005|79080|79613|80150|84285|91869|124401,LDHA|ZKSCAN1|MAPKAPK2|UBE2C|GEMIN4|PRR11|CRTC3|CHID1|CCDC86|TANGO6|ASRGL1|EIF1AD|RFT1|ANKS3,-1.4,0
1,-2.9,COVID226,M1,1,0,COVID,200,Translatome_Bojkova_Caco-2_10h_Down,,-2.9,2.2,3.6,30238,83,2766,17,0.61,0.15,335|1174|1192|1810|2720|2885|4171|5660|6500|7259|8664|9793|10137|10236|79902|84681|196463,APOA1|AP1S1|CLIC1|DR1|GLB1|GRB2|MCM2|PSAP|SKP1|TSPYL1|EIF3D|CKAP5|RBM12|HNRNPR|NUP85|HINT2|PLBD2,-1.4,0
1,-2.9,COVID008,M1,1,0,COVID,200,RNA_Blanco-Melo_A549_Up,,-2.9,1.6,3.3,30238,300,2766,44,1.6,0.24,330|390|968|1647|1831|2149|3005|4502|4601|5154|5329|5581|6509|6782|7286|9235|10202|10644|10797|11179|22822|23138|23764|25791|25932|25976|26520|50854|51088|51582|55601|55785|56900|56907|56985|57493|64778|84910|85463|85865|116496|122786|146198|153222,BIRC3|RND3|CD68|GADD45A|TSC22D3|F2R|H1-0|MT2A|MXI1|PDGFA|PLAUR|PRKCE|SLC1A4|HSPA13|TUFT1|IL32|DHRS2|IGF2BP2|MTHFD2|ZNF277|PHLDA1|N4BP3|MAFF|NGEF|CLIC4|TIPARP|TIMM9|SNHG32|KLHL5|AZIN1|DDX60|FGD6|TMEM167B|SPIRE1|ADPRM|HEG1|FNDC3B|TMEM87B|ZC3H12C|GTPBP10|NIBAN1|FRMD6|ZFP90|CREBRF,-1.4,0
1,-2.9,COVID124,M1,1,0,COVID,200,Interactome_Stukalov_A549_72h_ORF3,,-2.9,1.6,3.3,30238,300,2766,44,1.6,0.24,115|231|308|537|644|657|771|1014|1155|1186|1836|2048|2776|3417|3958|4047|4218|4851|5101|5361|5373|5412|5797|5819|5869|6782|7046|7048|7804|8910|9043|9545|10653|23129|25805|25945|54910|55144|57552|57617|57622|57707|166647|256227,ADCY9|AKR1B1|ANXA5|ATP6AP1|BLVRA|BMPR1A|CA12|CDH16|TBCB|CLCN7|SLC26A2|EPHB2|GNAQ|IDH1|LGALS3|LSS|RAB8A|NOTCH1|PCDH9|PLXNA1|PMM2|UBL3|PTPRM|NECTIN2|RAB5B|HSPA13|TGFBR1|TGFBR2|LRP8|SGCE|SPAG9|RAB3D|SPINT2|PLXND1|BAMBI|NECTIN3|SEMA4C|LRRC8D|NCEH1|VPS18|LRFN1|MEAK7|ADGRA3|STEAP1B,-1.4,0
1,-2.9,COVID378,M1,1,0,COVID,200,Interactome_Laurent_HEK293_24h_NSP7,,-2.9,1.6,3.3,30238,300,2766,44,1.6,0.24,115|3945|5151|5295|5424|5770|5830|5954|6646|7840|8725|9657|9851|9907|9921|10198|10294|10480|10856|22995|25959|25994|26051|29888|29998|51191|51449|54880|55667|55699|55791|56905|57617|57680|80173|83746|84759|84920|89796|116840|197258|200576|253959|399979,ADCY9|LDHB|PDE8A|PIK3R1|POLD1|PTPN1|PEX5|RCN1|SOAT1|ALMS1|URI1|IQCB1|KIAA0753|AP5Z1|RNF10|MPHOSPH9|DNAJA2|EIF3M|RUVBL2|CEP152|KANK2|HIGD1A|PPP1R16B|STRN4|BICRA|HERC5|PCYOX1|BCOR|DENND4C|IARS2|LRIF1|C15orf39|VPS18|CHD8|IFT74|L3MBTL2|PCGF1|ALG10|NAV1|CNTROB|FCSK|PIKFYVE|RALGAPA1|SNX19,-1.4,0
1,-2.9,COVID390,M1,1,0,COVID,200,Interactome_Laurent_HEK293_24h_S,,-2.9,1.6,3.3,30238,300,2766,44,1.6,0.24,214|267|538|2010|2043|3156|3162|3998|5361|5770|5793|5819|6093|6510|7804|7905|9197|9296|9341|9631|10294|10424|10818|11188|23032|23363|23780|25921|53407|55144|55633|58190|59343|79073|80856|91869|116150|144404|154807|160897|200576|253260|253558|399979,ALCAM|AMFR|ATP7A|EMD|EPHA4|HMGCR|HMOX1|LMAN1|PLXNA1|PTPN1|PTPRG|NECTIN2|ROCK1|SLC1A5|LRP8|REEP5|SLC33A1|ATP6V1F|VAMP3|NUP155|DNAJA2|PGRMC2|FRS2|NISCH|USP33|OBSL1|APOL2|ZDHHC5|STX18|LRRC8D|TBC1D22B|CTDSP1|SENP2|TMEM109|LNPK|RFT1|NUS1|TMEM120B|VKORC1L1|GPR180|PIKFYVE|RICTOR|LCLAT1|SNX19,-1.4,0
1,-2.9,COVID313,M1,1,0,COVID,200,RNA_Wilk_CD8+T-cells_patient-C5_Up,,-2.9,2.8,3.7,30238,43,2766,11,0.4,0.12,2537|3006|3437|3925|4173|4599|4938|6279|6772|91543|151636,IFI6|H1-2|IFIT3|STMN1|MCM4|MX1|OAS1|S100A8|STAT1|RSAD2|DTX3L,-1.4,0
1,-2.8,COVID380,M1,1,0,COVID,200,Interactome_Laurent_HEK293_24h_NSP9,,-2.8,2.3,3.6,30238,70,2766,15,0.54,0.14,1656|4281|5824|7082|7168|9201|9296|9513|9851|10954|11116|51490|64963|79720|197258,DDX6|MID1|PEX19|TJP1|TPM1|DCLK1|ATP6V1F|FXR2|KIAA0753|PDIA5|CEP43|SPOUT1|MRPS11|VPS37B|FCSK,-1.4,0
1,-2.8,COVID207,M1,1,0,COVID,200,Proteome_Li_Urine-mild-vs-healthy_Down,,-2.8,2.1,3.5,30238,99,2766,19,0.69,0.16,335|567|966|1012|3270|3945|5652|5660|5819|5950|6398|7018|7070|8174|10653|25945|51246|57124|199731,APOA1|B2M|CD59|CDH13|HRC|LDHB|PRSS8|PSAP|NECTIN2|RBP4|SECTM1|TF|THY1|MADCAM1|SPINT2|NECTIN3|SHISA5|CD248|CADM4,-1.4,0
1,-2.8,COVID185,M1,1,0,COVID,200,Proteome_Stukalov_A549_72h_S_Up,,-2.8,2.4,3.5,30238,64,2766,14,0.51,0.13,2296|3097|5082|6249|11188|22864|23338|23527|23761|51255|55127|84910|140901|257218,FOXC1|HIVEP2|PDCL|CLIP1|NISCH|R3HDM2|JADE2|ACAP2|PISD|RNF181|HEATR1|TMEM87B|STK35|SHPRH,-1.3,0
1,-2.8,COVID106,M1,1,0,COVID,200,Interactome_Gordon_HEK-293T_38h_ORF9C,,-2.8,3.4,3.8,30238,26,2766,8,0.29,0.1,617|4715|22937|27346|51103|79671|94005|202018,BCS1L|NDUFB9|SCAP|TMEM97|NDUFAF1|NLRX1|PIGS|TAPT1,-1.3,0
1,-2.8,COVID373,M1,1,0,COVID,200,Interactome_Laurent_HEK293_24h_NSP2,,-2.8,1.7,3.3,30238,228,2766,35,1.3,0.21,3437|3636|5189|5287|5609|5830|6249|6772|7286|7726|9851|9870|9958|11014|22870|23405|25959|26003|27131|49855|51191|51429|54505|54910|55062|55738|55964|79720|84516|92922|122060|122830|200576|253725|261734,IFIT3|INPPL1|PEX1|PIK3C2B|MAP2K7|PEX5|CLIP1|STAT1|TUFT1|TRIM26|KIAA0753|AREL1|USP15|KDELR2|PPP6R1|DICER1|KANK2|GORASP2|SNX5|SCAPER|HERC5|SNX9|DHX29|SEMA4C|WIPI1|ARFGAP1|SEPTIN3|VPS37B|DCTN5|CCDC102A|SLAIN1|NAA30|PIKFYVE|WASHC2C|NPHP4,-1.3,0
1,-2.8,COVID329,M1,1,0,COVID,200,RNA_Wilk_CD4+T-cells_patient-C5_Up,,-2.8,2.9,3.7,30238,38,2766,10,0.36,0.11,2537|3437|4599|4938|6279|6772|10410|55601|91543|151636,IFI6|IFIT3|MX1|OAS1|S100A8|STAT1|IFITM3|DDX60|RSAD2|DTX3L,-1.3,0
1,-2.7,COVID153,M1,1,0,COVID,200,Proteome_Stukalov_A549_72h_NSP16_Up,,-2.7,2.4,3.5,30238,65,2766,14,0.51,0.13,771|2512|3006|5528|6468|23171|23761|51084|54700|56990|57129|64895|129138|254065,CA12|FTL|H1-2|PPP2R5D|FBXW4|GPD1L|PISD|CRYL1|RRN3|CDC42SE2|MRPL47|PAPOLG|ANKRD54|BRWD3,-1.3,0
1,-2.7,COVID165,M1,1,0,COVID,200,Proteome_Stukalov_A549_72h_NSP7_Up,,-2.7,2.8,3.6,30238,39,2766,10,0.36,0.11,581|865|6272|9961|51347|54414|64895|79706|84181|160897,BAX|CBFB|SORT1|MVP|TAOK3|SIAE|PAPOLG|PRKRIP1|CHD6|GPR180,-1.3,0
1,-2.7,COVID297,M1,1,0,COVID,200,RNA_Wilk_NK-cells_patient-C5_Up,,-2.7,2.5,3.5,30238,52,2766,12,0.43,0.12,2537|3437|4599|4938|5341|6285|6772|9235|51191|55601|91543|151636,IFI6|IFIT3|MX1|OAS1|PLEK|S100B|STAT1|IL32|HERC5|DDX60|RSAD2|DTX3L,-1.3,0
1,-2.7,COVID015,M1,1,0,COVID,200,RNA_Blanco-Melo_Calu-3_Down,,-2.7,1.6,3.1,30238,300,2766,43,1.6,0.24,828|847|891|1173|1397|1429|1622|2194|2261|4047|4172|4173|4175|5347|5424|6427|6790|7001|9274|10189|10383|10452|10590|10607|10654|10856|23753|26268|27346|51329|51478|54058|56655|56926|64943|79077|83443|83543|84153|113655|149175|201161|255738,CAPS|CAT|CCNB1|AP2M1|CRIP2|CRYZ|DBI|FASN|FGFR3|LSS|MCM3|MCM4|MCM6|PLK1|POLD1|SRSF2|AURKA|PRDX2|BCL7C|ALYREF|TUBB4B|TOMM40|SCGN|TBL3|PMVK|RUVBL2|SDF2L1|FBXO9|TMEM97|ARL6IP4|HSD17B7|C21orf58|POLE4|NCLN|NT5DC2|DCTPP1|SF3B5|AIF1L|RNASEH2C|MFSD3|MANEAL|CENPV|PCSK9,-1.3,0
1,-2.7,COVID024,M1,1,0,COVID,200,RNA_Keller_B-cells-Infected_CD21pos_Up,,-2.7,1.6,3.1,30238,300,2766,43,1.6,0.24,119|330|1310|2321|3097|3875|5361|6000|6753|7068|7188|8204|9957|10129|10207|10758|27004|27075|51561|55784|56941|56978|56985|63934|79600|79961|80003|80183|83606|84441|91319|114908|115123|116843|131540|202018|221442|256227|333926|401262|441212|100128252|101927931,ADD2|BIRC3|COL19A1|FLT1|HIVEP2|KRT18|PLXNA1|RGS7|SSTR3|THRB|TRAF5|NRIP1|HS3ST1|FRY|PATJ|TRAF3IP2|TCL6|TSPAN13|IL23A|MCTP2|HMCES|PRDM8|ADPRM|ZNF667|TCTN1|DENND2D|PCNX2|RUBCNL|GUCD1|MAML2|DERL3|TMEM123|MARCHF3|SLC18B1|ZDHHC19|TAPT1|ADCY10P1|STEAP1B|PPM1J|CRIP3|RP9P|ZNF667-AS1|LINC01480,-1.3,0
1,-2.7,COVID036,M1,1,0,COVID,200,RNA_Sun_Calu-3_0h_Up,,-2.7,1.6,3.1,30238,300,2766,43,1.6,0.24,182|330|1647|1839|2683|3097|3717|4739|4938|5327|5329|5452|6752|7422|8767|9322|9448|9957|10019|10125|10135|10272|10758|22822|23764|53373|54020|55633|56999|57162|57169|57552|60312|83931|85463|93082|135295|148022|153090|170954|255488|285590|729830,JAG1|BIRC3|GADD45A|HBEGF|B4GALT1|HIVEP2|JAK2|NEDD9|OAS1|PLAT|PLAUR|POU2F2|SSTR2|VEGFA|RIPK2|TRIP10|MAP4K4|HS3ST1|SH2B3|RASGRP1|NAMPT|FSTL3|TRAF3IP2|PHLDA1|MAFF|TPCN1|SLC37A1|TBC1D22B|ADAMTS9|PELI1|ZNFX1|NCEH1|AFAP1|STK40|ZC3H12C|NEURL3|SRSF12|TICAM1|DAB2IP|PPP1R18|RNF144B|SH3PXD2B|FHIP1A,-1.3,0
1,-2.7,COVID244,M1,1,0,COVID,200,RNA_Wilk_CD14+Monocytes_patient-C1A-mild_Up,,-2.7,2.2,3.4,30238,80,2766,16,0.58,0.14,567|644|801|1066|2537|3437|4599|4938|5476|6279|6772|10410|91543|114908|129607|151636,B2M|BLVRA|CALM1|CES1|IFI6|IFIT3|MX1|OAS1|CTSA|S100A8|STAT1|IFITM3|RSAD2|TMEM123|CMPK2|DTX3L,-1.3,0
1,-2.6,COVID009,M1,1,0,COVID,200,RNA_Blanco-Melo_A549-ACE2_Down,,-2.6,1.7,3.2,30238,207,2766,32,1.2,0.2,115|219|231|706|871|968|1014|1173|1291|2052|3570|3880|4047|5362|5660|6307|6509|8537|9340|10382|10763|23171|23499|53373|55157|56062|79050|79143|80144|90226|118738|124976,ADCY9|ALDH1B1|AKR1B1|TSPO|SERPINH1|CD68|CDH16|AP2M1|COL6A1|EPHX1|IL6R|KRT19|LSS|PLXNA2|PSAP|MSMO1|SLC1A4|BCAS1|GLP2R|TUBB4A|NES|GPD1L|MACF1|TPCN1|DARS2|KLHL4|NOC4L|MBOAT7|FRAS1|UCN2|ZNF488|SPNS2,-1.2,0
1,-2.6,COVID287,M1,1,0,COVID,200,RNA_Wilk_NK-cells_patient-C1A-mild_Up,,-2.6,2.9,3.5,30238,34,2766,9,0.33,0.11,2537|3008|3437|4599|6279|6772|9235|114908|151636,IFI6|H1-4|IFIT3|MX1|S100A8|STAT1|IL32|TMEM123|DTX3L,-1.2,0
1,-2.5,COVID315,M1,1,0,COVID,200,RNA_Wilk_CD8+T-cells_patient-C6_Up,,-2.5,2.7,3.4,30238,41,2766,10,0.36,0.11,2537|2597|3040|3437|3939|4173|4599|6279|6772|55601,IFI6|GAPDH|HBA2|IFIT3|LDHA|MCM4|MX1|S100A8|STAT1|DDX60,-1.1,0
1,-2.5,COVID366,M1,1,0,COVID,200,Interactome_Laurent_HEK293_24h_NSP1,,-2.5,2.7,3.4,30238,41,2766,10,0.36,0.11,908|5825|8661|8664|10480|10856|22948|23609|26610|51386,CCT6A|ABCD3|EIF3A|EIF3D|EIF3M|RUVBL2|CCT5|MKRN2|ELP4|EIF3L,-1.1,0
1,-2.5,COVID371,M1,1,0,COVID,200,Interactome_Laurent_HEK293_24h_NSP15,,-2.5,2,3.1,30238,106,2766,19,0.69,0.16,847|1398|4200|5202|5528|7286|7411|8412|9296|9657|10294|10459|10758|23062|27131|54455|56616|64793|197258,CAT|CRK|ME2|PFDN2|PPP2R5D|TUFT1|VBP1|BCAR3|ATP6V1F|IQCB1|DNAJA2|MAD2L2|TRAF3IP2|GGA2|SNX5|FBXO42|DIABLO|CEP85|FCSK,-1.1,0
1,-2.4,COVID198,M1,1,0,COVID,200,Ubiquitinome_Stukalov_A549-ACE2_24h_Down,,-2.4,1.7,3,30238,196,2766,30,1.1,0.2,226|230|908|3005|3006|3007|3008|3939|5824|5931|6427|6662|6726|6780|7415|7534|10519|10929|11164|11316|11338|25980|28960|29128|54880|55746|57646|57680|59286|84790,ALDOA|ALDOC|CCT6A|H1-0|H1-2|H1-3|H1-4|LDHA|PEX19|RBBP7|SRSF2|SOX9|SRP9|STAU1|VCP|YWHAZ|CIB1|SRSF8|NUDT5|COPE|U2AF2|AAR2|DCPS|UHRF1|BCOR|NUP133|USP28|CHD8|UBL5|TUBA1C,-1.1,0
1,-2.4,COVID193,M1,1,0,COVID,200,RNA_Stukalov_A549-ACE2_30h_Up,,-2.4,1.5,2.9,30238,300,2766,42,1.5,0.23,182|330|627|1836|1839|1846|1850|3164|3911|4026|4739|5534|7003|7052|7071|7477|8013|8273|9780|10202|10272|10818|22822|22904|23512|23528|25976|53944|55147|55209|55785|55870|57018|57169|57680|58487|64332|79753|85403|90007|153222|163732,JAG1|BIRC3|BDNF|SLC26A2|HBEGF|DUSP4|DUSP8|NR4A1|LAMA5|LPP|NEDD9|PPP3R1|TEAD1|TGM2|KLF10|WNT7B|NR4A3|SLC10A3|PIEZO1|DHRS2|FSTL3|FRS2|PHLDA1|SBNO2|SUZ12|ZNF281|TIPARP|CSNK1G1|RBM23|SETD5|FGD6|ASH1L|CCNL1|ZNFX1|CHD8|CREBZF|NFKBIZ|SNIP1|EAF1|MIDN|CREBRF|CITED4,-1.1,0
1,-2.4,COVID363,M1,1,0,COVID,200,Interactome_Laurent_HEK293_24h_E,,-2.4,1.5,2.9,30238,300,2766,42,1.5,0.23,267|2010|3156|3162|3998|5770|5819|6252|6608|7804|7905|8506|8633|9197|9296|9341|9631|10384|10424|23032|23353|23780|50512|51324|53407|54953|55144|57146|57622|59343|79073|80148|80856|91869|94005|116150|144404|154807|160897|221496|253558|399979,AMFR|EMD|HMGCR|HMOX1|LMAN1|PTPN1|NECTIN2|RTN1|SMO|LRP8|REEP5|CNTNAP1|UNC5C|SLC33A1|ATP6V1F|VAMP3|NUP155|BTN3A3|PGRMC2|USP33|SUN1|APOL2|PODXL2|SPG21|STX18|ODR4|LRRC8D|LDAF1|LRFN1|SENP2|TMEM109|SLC66A2|LNPK|RFT1|PIGS|NUS1|TMEM120B|VKORC1L1|GPR180|LEMD2|LCLAT1|SNX19,-1.1,0
1,-2.4,COVID381,M1,1,0,COVID,200,Interactome_Laurent_HEK293_24h_ORF10,,-2.4,2.1,3.1,30238,85,2766,16,0.58,0.14,908|1656|2108|3005|5202|6222|6767|7203|9851|10954|22864|22948|26003|56983|64963|79720,CCT6A|DDX6|ETFA|H1-0|PFDN2|RPS18|ST13|CCT3|KIAA0753|PDIA5|R3HDM2|CCT5|GORASP2|POGLUT1|MRPS11|VPS37B,-1,0
1,-2.4,COVID183,M1,1,0,COVID,200,Proteome_Stukalov_A549_72h_ORF9B_Up,,-2.4,1.9,3,30238,116,2766,20,0.72,0.16,760|2787|3632|4175|4926|6610|7415|9448|23026|29081|51329|51460|55578|55646|55909|64943|81704|91369|202018|256364,CA2|GNG5|INPP5A|MCM6|NUMA1|SMPD2|VCP|MAP4K4|MYO16|METTL5|ARL6IP4|SFMBT1|SUPT20H|LYAR|BIN3|NT5DC2|DOCK8|ANKRD40|TAPT1|EML3,-1,0
1,-2.4,COVID026,M1,1,0,COVID,200,RNA_Lamers_intestinal-organoid_differentiated_Up,,-2.4,2.7,3.3,30238,36,2766,9,0.33,0.11,1514|2537|3437|4495|4502|4599|10410|51191|104644205,CTSL|IFI6|IFIT3|MT1G|MT2A|MX1|IFITM3|HERC5|ENPP7P13,-1,0
1,-2.4,COVID252,M1,1,0,COVID,200,RNA_Wilk_CD14+Monocytes_patient-C4_Up,,-2.4,2.1,3.1,30238,78,2766,15,0.54,0.14,1066|2537|2597|3437|4599|4938|5476|6279|6772|8826|10410|23166|91543|116496|151636,CES1|IFI6|GAPDH|IFIT3|MX1|OAS1|CTSA|S100A8|STAT1|IQGAP1|IFITM3|STAB1|RSAD2|NIBAN1|DTX3L,-1,0
1,-2.4,COVID200,M1,1,0,COVID,200,Ubiquitinome_Stukalov_A549-ACE2_6h_Down,,-2.4,1.6,2.9,30238,250,2766,36,1.3,0.22,47|59|72|226|1152|1655|2194|2885|3006|3007|3008|3930|4171|4928|5531|5834|7259|7905|8165|8340|9043|9045|9169|9406|10480|10594|11316|23028|23204|50512|55847|79724|79877|126003|135114|171586,ACLY|ACTA2|ACTG2|ALDOA|CKB|DDX5|FASN|GRB2|H1-2|H1-3|H1-4|LBR|MCM2|NUP98|PPP4C|PYGB|TSPYL1|REEP5|AKAP1|H2BC13|SPAG9|RPL14|SCAF11|ZRANB2|EIF3M|PRPF8|COPE|KDM1A|ARL6IP1|PODXL2|CISD1|ZNF768|DCAKD|TRAPPC5|HINT3|ABHD3,-1,0
1,-2.4,COVID017,M1,1,0,COVID,200,RNA_Blanco-Melo_Lung_Down,,-2.4,1.6,2.9,30238,259,2766,37,1.3,0.22,773|837|978|2207|2219|2537|2787|3039|3040|3437|3887|4218|4599|4938|5341|5608|5950|6279|6363|6688|6737|6772|7305|9246|10410|22895|23643|29888|50856|51191|51347|55784|64108|84418|91543|131540|255426,CACNA1A|CASP4|CDA|FCER1G|FCN1|IFI6|GNG5|HBA1|HBA2|IFIT3|KRT81|RAB8A|MX1|OAS1|PLEK|MAP2K6|RBP4|S100A8|CCL19|SPI1|TRIM21|STAT1|TYROBP|UBE2L6|IFITM3|RPH3A|LY96|STRN4|CLEC4A|HERC5|TAOK3|MCTP2|RTP4|CYSTM1|RSAD2|ZDHHC19|RASGEF1C,-1,0
1,-2.3,COVID257,M1,1,0,COVID,200,RNA_Wilk_CD14+Monocytes_patient-C6_Down,,-2.3,2,3,30238,86,2766,16,0.58,0.14,920|1512|1655|1974|2219|3119|3957|5660|7071|7178|25957|51386|54504|57018|57035|387066,CD4|CTSH|DDX5|EIF4A2|FCN1|HLA-DQB1|LGALS2|PSAP|KLF10|TPT1|PNISR|EIF3L|CPVL|CCNL1|RSRP1|SNHG5,-1,0
1,-2.3,COVID369,M1,1,0,COVID,200,Interactome_Laurent_HEK293_24h_NSP13,,-2.3,2.3,3.1,30238,57,2766,12,0.43,0.12,891|1656|5954|6222|9232|9851|10954|51490|64963|79720|93343|282809,CCNB1|DDX6|RCN1|RPS18|PTTG1|KIAA0753|PDIA5|SPOUT1|MRPS11|VPS37B|MVB12A|POC1B,-0.99,0
1,-2.3,COVID347,M1,1,0,COVID,200,RNA_Wilk_B-cells_patient-C6_Up,,-2.3,1.9,3,30238,110,2766,19,0.69,0.16,706|966|1062|1991|2537|2597|3005|3040|3939|4599|4637|6272|6279|6590|23765|26268|55603|80856|359845,TSPO|CD59|CENPE|ELANE|IFI6|GAPDH|H1-0|HBA2|LDHA|MX1|MYL6|SORT1|S100A8|SLPI|IL17RA|FBXO9|TENT5A|LNPK|RFLNB,-0.97,0
1,-2.3,COVID353,M1,1,0,COVID,200,RNA_Zhang_Monocytes_severe-and-moderate_Up,,-2.3,1.8,2.9,30238,127,2766,21,0.76,0.17,567|644|2537|2999|3437|4502|4599|4938|5476|6279|6772|9235|9246|10410|10627|11006|23166|51191|51510|91543|129607,B2M|BLVRA|IFI6|GZMH|IFIT3|MT2A|MX1|OAS1|CTSA|S100A8|STAT1|IL32|UBE2L6|IFITM3|MYL12A|LILRB4|STAB1|HERC5|CHMP5|RSAD2|CMPK2,-0.94,0
1,-2.2,COVID225,M1,1,0,COVID,200,Proteome_Bojkova_Caco-2_6h_Up,,-2.2,2.4,3.1,30238,51,2766,11,0.4,0.12,966|2026|3880|4023|6623|7171|22887|29128|57118|64175|85444,CD59|ENO2|KRT19|LPL|SNCG|TPM4|FOXJ3|UHRF1|CAMK1D|P3H1|LRRCC1,-0.93,0
1,-2.2,COVID208,M1,1,0,COVID,200,Proteome_Li_Urine-recovery-vs-healthy_Up,,-2.2,1.7,2.8,30238,152,2766,24,0.87,0.18,1|214|308|537|1014|1512|1622|2335|2644|2764|3039|4638|5329|7001|8174|8642|10591|11342|23576|51596|56241|80781|124975|196463,A1BG|ALCAM|ANXA5|ATP6AP1|CDH16|CTSH|DBI|FN1|GCHFR|GMFB|HBA1|MYLK|PLAUR|PRDX2|MADCAM1|DCHS1|DNPH1|RNF13|DDAH1|CUTA|SUSD2|COL18A1|GGT6|PLBD2,-0.92,0
1,-2.2,COVID027,M1,1,0,COVID,200,RNA_Lamers_intestinal-organoid_expansion_Down,,-2.2,1.5,2.8,30238,264,2766,37,1.3,0.22,226|230|394|567|978|1831|1893|1974|2026|2664|3006|3162|3939|4026|4601|5165|5652|5660|6307|7037|7360|7422|7586|10163|10644|10653|27324|30001|54800|55512|55667|57658|81566|85027|114908|122416|196264,ALDOA|ALDOC|ARHGAP5|B2M|CDA|TSC22D3|ECM1|EIF4A2|ENO2|GDI1|H1-2|HMOX1|LDHA|LPP|MXI1|PDK3|PRSS8|PSAP|MSMO1|TFRC|UGP2|VEGFA|ZKSCAN1|WASF2|IGF2BP2|SPINT2|TOX3|ERO1A|KLHL24|SMPD3|DENND4C|CALCOCO1|CSRNP2|SMIM3|TMEM123|ANKRD9|MPZL3,-0.91,0
1,-2.2,COVID190,M1,1,0,COVID,200,RNA_Stukalov_A549-ACE2_24h_Down,,-2.2,2.6,3.1,30238,38,2766,9,0.33,0.11,760|1152|2947|4507|6597|7001|54876|79366|146198,CA2|CKB|GSTM3|MTAP|SMARCA4|PRDX2|DCAF16|HMGN5|ZFP90,-0.9,0
1,-2.2,COVID170,M1,1,0,COVID,200,Proteome_Stukalov_A549_72h_N_Down,,-2.2,1.8,2.8,30238,137,2766,22,0.8,0.17,871|1678|1810|2108|3162|3716|3998|4200|5082|5933|6731|8575|10130|10519|10856|11198|25932|51133|51429|79837|84450|221496,SERPINH1|TIMM8A|DR1|ETFA|HMOX1|JAK1|LMAN1|ME2|PDCL|RBL1|SRP72|PRKRA|PDIA6|CIB1|RUVBL2|SUPT16H|CLIC4|KCTD3|SNX9|PIP4K2C|ZNF512|LEMD2,-0.89,0
1,-2.2,COVID260,M1,1,0,COVID,200,RNA_Wilk_CD16+Monocytes_patient-C1A-mild_Up,,-2.2,2.1,2.9,30238,74,2766,14,0.51,0.13,567|712|950|1514|2537|3437|4502|4599|10410|23166|54504|91543|116496|129607,B2M|C1QA|SCARB2|CTSL|IFI6|IFIT3|MT2A|MX1|IFITM3|STAB1|CPVL|RSAD2|NIBAN1|CMPK2,-0.89,0
1,-2.1,COVID109,M1,1,0,COVID,200,Interactome_Stukalov_A549_72h_M,,-2.1,1.7,2.8,30238,138,2766,22,0.8,0.17,2990|3717|5190|7182|7915|8836|8888|9710|9862|10564|10609|23098|23543|54953|55680|57189|60558|79671|80017|91319|116843|727957,GUSB|JAK2|PEX6|NR2C2|ALDH5A1|GGH|MCM3AP|GARRE1|MED24|ARFGEF2|P3H4|SARM1|RBFOX2|ODR4|RUFY2|DENND11|GUF1|NLRX1|DGLUCY|DERL3|SLC18B1|MROH1,-0.86,0
1,-2.1,COVID175,M1,1,0,COVID,200,Proteome_Stukalov_A549_72h_ORF6_Up,,-2.1,1.9,2.8,30238,90,2766,16,0.58,0.14,367|3162|9961|10049|11168|23543|25936|51809|55246|64754|64786|79269|79585|114791|132660|255758,AR|HMOX1|MVP|DNAJB6|PSIP1|RBFOX2|NSL1|GALNT7|CCDC25|SMYD3|TBC1D15|DCAF10|CORO7|TUBGCP5|LIN54|DYNLT2B,-0.86,0
1,-2.1,COVID162,M1,1,0,COVID,200,Proteome_Stukalov_A549_72h_NSP6_Down,,-2.1,2.1,2.9,30238,68,2766,13,0.47,0.13,1198|1612|2717|3039|4924|5476|8836|23527|56889|92815|148398|196463|282991,CLK3|DAPK1|GLA|HBA1|NUCB1|CTSA|GGH|ACAP2|TM9SF3|H2AC25|SAMD11|PLBD2|BLOC1S2,-0.83,0
1,-2.1,COVID273,M1,1,0,COVID,200,RNA_Wilk_Dendritic-cells_patient-C1A-mild_Up,,-2.1,2.5,2.9,30238,40,2766,9,0.33,0.11,567|2537|3437|4599|4938|6772|10410|55601|91543,B2M|IFI6|IFIT3|MX1|OAS1|STAT1|IFITM3|DDX60|RSAD2,-0.8,0
1,-2,COVID132,M1,1,0,COVID,200,Phosphoproteome_Stukalov_A549-ACE2_6h_Down,,-2,2.1,2.8,30238,69,2766,13,0.47,0.13,672|3066|4172|5101|6433|6662|9208|23028|23462|23528|54880|84717|84901,BRCA1|HDAC2|MCM3|PCDH9|SFSWAP|SOX9|LRRFIP1|KDM1A|HEY1|ZNF281|BCOR|HDGFL2|NFATC2IP,-0.79,0
1,-2,COVID355,M1,1,0,COVID,200,RNA_Zhang_NK-cells_moderate-only_Up,,-2,4.4,3.4,30238,10,2766,4,0.14,0.072,567|3903|9235|79961,B2M|LAIR1|IL32|DENND2D,-0.78,0
