_MEMBER_MyList,_LogP_MyList,GO,_PATTERN_,_RANK_,GiniIndex,Category,CategoryID,Description,PARENT_GO,LogP,Enrichment,Z-score,#TotalGeneInLibrary,#GeneInGO,#GeneInHitList,#GeneInGOAndHitList,%InGO,STDV %InGO,GeneID,Hits,Log(q-value),EvidenceCutoff
1,-5.8,PGB:00065,M1,1,0,PaGenBase,36,Cell-specific: DRG,,-5.8,1.8,5.1,30238,455,2766,73,2.6,0.3,760|956|1311|1501|1573|1780|1839|1850|2166|2173|2258|2588|2819|3752|3798|3953|4023|4130|4241|4359|4741|5100|5298|5354|5361|5961|6236|6252|6285|6363|6398|6456|6588|6590|6623|6711|7070|7111|7545|7869|8537|8633|8642|8705|8767|8900|9201|9796|10107|10297|10382|10450|10974|11341|22866|22987|22996|26002|26052|51560|53405|54674|55885|57188|64689|65055|80342|84181|146227|158471|200576|221981|441151,CA2|ENTPD3|COMP|CTNND2|CYP2J2|DYNC1I1|HBEGF|DUSP8|FAAH|FABP7|FGF13|GALNS|GPD1|KCND3|KIF5A|LEPR|LPL|MAP1A|MELTF|MPZ|NEFM|PCDH8|PI4KB|PLP1|PLXNA1|PRPH2|RRAD|RTN1|S100B|CCL19|SECTM1|SH3GL2|SLN|SLPI|SNCG|SPTBN1|THY1|TMOD1|ZIC1|SEMA3B|BCAS1|UNC5C|DCHS1|B3GALT4|RIPK2|CCNA1|DCLK1|PHYHIP|TRIM10|APC2|TUBB4A|PPIE|ADIRF|SCRG1|CNKSR2|SV2C|TTC39A|MOXD1|DNM3|RAB6B|CLIC5|LRRN3|LMO3|ADAMTSL3|GORASP1|REEP1|TRAF3IP3|CHD6|BEAN1|PRUNE2|PIKFYVE|THSD7A|TMEM151B,-3.7,0
1,-5.7,PGB:00079,M1,1,0,PaGenBase,36,Cell-specific: THY+,,-5.7,2.7,5.6,30238,111,2766,27,0.98,0.19,89|1393|1908|2784|3310|3423|3786|4604|4795|5330|5931|5933|6208|6910|7046|7140|7475|8050|8336|8424|8631|9283|26716|51593|79863|84525|93164,ACTN3|CRHBP|EDN3|GNB3|HSPA6|IDS|KCNQ3|MYBPC1|NFKBIL1|PLCB2|RBBP7|RBL1|RPS14|TBX5|TGFBR1|TNNT3|WNT6|PDHX|H2AC17|BBOX1|SKAP1|GPR37L1|OR2H1|SRRT|RBFA|HOPX|HTR7P1,-3.6,0
1,-4.8,PGB:00080,M1,1,0,PaGenBase,36,Cell-specific: Adipocyte,,-4.8,2.3,4.8,30238,145,2766,30,1.1,0.2,47|1291|1292|1311|2006|2052|2191|2192|2194|2819|3693|3910|4023|4239|5396|5793|5950|6383|6585|6586|7018|7070|10810|10974|11096|51449|57124|57678|84935|158471,ACLY|COL6A1|COL6A2|COMP|ELN|EPHX1|FAP|FBLN1|FASN|GPD1|ITGB5|LAMA4|LPL|MFAP4|PRRX1|PTPRG|RBP4|SDC2|SLIT1|SLIT3|TF|THY1|WASF3|ADIRF|ADAMTS5|PCYOX1|CD248|GPAM|MEDAG|PRUNE2,-2.9,0
1,-4.6,PGB:00032,M1,1,0,PaGenBase,36,Tissue-specific: Cerebellum,,-4.6,2.2,4.7,30238,141,2766,29,1,0.19,605|773|1305|1608|2108|2110|2901|4864|5127|5585|6650|7001|7545|7547|7862|8497|9651|9722|10418|22997|23361|23510|50512|51263|54487|79706|84900|114819|129642,BCL7A|CACNA1A|COL13A1|DGKG|ETFA|ETFDH|GRIK5|NPC1|CDK16|PKN1|CAPN15|PRDX2|ZIC1|ZIC3|BRPF1|PPFIA4|PLCH2|NOS1AP|SPON1|IGSF9B|ZNF629|KCTD2|PODXL2|MRPL30|DGCR8|PRKRIP1|RNFT2|CROCCP3|MBOAT2,-2.7,0
1,-3.6,PGB:00089,M1,1,0,PaGenBase,36,Cell-specific: OVR278S,,-3.6,2.6,4.2,30238,67,2766,16,0.58,0.14,72|114|783|2043|3909|3910|4638|5064|5271|7553|7840|8622|9875|23361|51761|54491,ACTG2|ADCY8|CACNB2|EPHA4|LAMA3|LAMA4|MYLK|PALM|SERPINB8|ZNF7|ALMS1|PDE8B|URB1|ZNF629|ATP8A2|OTULINL,-1.9,0
1,-3.3,PGB:00126,M1,1,0,PaGenBase,36,Cell-specific: SHSYSY-RA,,-3.3,2.9,4.1,30238,45,2766,12,0.43,0.12,538|1949|4741|7111|8120|9201|11189|22987|51310|55187|81551|441151,ATP7A|EFNB3|NEFM|TMOD1|AP3B2|DCLK1|CELF3|SV2C|SLC22A17|VPS13D|STMN4|TMEM151B,-1.7,0
1,-2.8,PGB:00012,M1,1,0,PaGenBase,36,Tissue-specific: thymus,,-2.8,1.7,3.3,30238,211,2766,33,1.2,0.21,1241|1515|3073|3363|3857|3903|4938|5271|5368|5934|6363|6542|6693|6772|6932|7181|7932|8358|8651|9907|11179|11238|23062|29128|29909|54788|54800|55690|57125|80216|80342|83439|171023,LTB4R|CTSV|HEXA|HTR7|KRT9|LAIR1|OAS1|SERPINB8|PNOC|RBL2|CCL19|SLC7A2|SPN|STAT1|TCF7|NR2C1|OR2H2|H3C2|SOCS1|AP5Z1|ZNF277|CA5B|GGA2|UHRF1|GPR171|DNAJB12|KLHL24|PACS1|PLXDC1|ALPK1|TRAF3IP3|TCF7L1|ASXL1,-1.3,0
1,-2.7,PGB:00071,M1,1,0,PaGenBase,36,Cell-specific: HUVEC,,-2.7,1.5,3.1,30238,371,2766,51,1.8,0.26,146|148|390|466|581|627|988|1012|1174|1305|1780|1846|1874|2048|2068|2149|2202|2321|2561|3776|4300|4490|4846|5082|5175|5271|5329|5934|6898|7046|7052|7075|7360|7584|8544|8817|9704|9862|10954|11098|22899|51103|51728|54957|55771|66004|79847|83734|132321|255488|728448,ADRA1D|ADRA1A|RND3|ATF1|BAX|BDNF|CDC5L|CDH13|AP1S1|COL13A1|DYNC1I1|DUSP4|E2F4|EPHB2|ERCC2|F2R|EFEMP1|FLT1|GABRB2|KCNK2|MLLT3|MT1B|NOS3|PDCL|PECAM1|SERPINB8|PLAUR|RBL2|TAT|TGFBR1|TGM2|TIE1|UGP2|ZNF35|PIR|FGF18|DHX34|MED24|PDIA5|PRSS23|ARHGEF15|NDUFAF1|POLR3K|TXNL4B|PRR11|LYNX1|MFSD13A|ATG10|C4orf33|RNF144B|PPIEL,-1.2,0
1,-2.6,PGB:00081,M1,1,0,PaGenBase,36,Cell-specific: Brain cell,,-2.6,2.3,3.3,30238,67,2766,14,0.51,0.13,390|1290|1291|4660|5396|8079|9510|9609|25907|51449|55966|57552|80031|118429,RND3|COL5A2|COL6A1|PPP1R12B|PRRX1|MLF2|ADAMTS1|RAB36|TMEM158|PCYOX1|AJAP1|NCEH1|SEMA6D|ANTXR2,-1.2,0
1,-2.5,PGB:00130,M1,1,0,PaGenBase,36,Cell-specific: SKMEL28,,-2.5,3.9,3.7,30238,17,2766,6,0.22,0.088,7145|10420|10564|55007|55281|80210,TNS1|TESK2|ARFGEF2|FAM118A|TMEM140|ARMC9,-1.1,0
1,-2.5,PGB:00069,M1,1,0,PaGenBase,36,Cell-specific: CD71+ EarlyErythroid,,-2.5,1.8,3.1,30238,146,2766,24,0.87,0.18,538|760|3145|4601|4860|5564|7052|7111|7145|7571|8991|9429|9693|9921|10107|10444|25893|55177|57552|66008|91543|115123|222642|286451,ATP7A|CA2|HMBS|MXI1|PNP|PRKAB1|TGM2|TMOD1|TNS1|ZNF23|SELENBP1|ABCG2|RAPGEF2|RNF10|TRIM10|ZER1|TRIM58|RMDN3|NCEH1|TRAK2|RSAD2|MARCHF3|TSPO2|YIPF6,-1.1,0
1,-2.4,PGB:00152,M1,1,0,PaGenBase,36,Cell-specific: CD105+ Endothelial,,-2.4,4.2,3.7,30238,13,2766,5,0.18,0.081,712|3953|7263|51603|100131187,C1QA|LEPR|TST|METTL13|TSTD1,-1,0
1,-2.2,PGB:00191,M1,1,0,PaGenBase,36,Cell-specific: NCI 460,,-2.2,6.6,3.9,30238,5,2766,3,0.11,0.063,6862|64388|84525,TBXT|GREM2|HOPX,-0.89,0
1,-2.2,PGB:00200,M1,1,0,PaGenBase,36,Cell-specific: A549,,-2.2,6.6,3.9,30238,5,2766,3,0.11,0.063,3887|5101|221981,KRT81|PCDH9|THSD7A,-0.89,0
1,-2.2,PGB:00036,M1,1,0,PaGenBase,36,Tissue-specific: retinoblastoma,,-2.2,1.9,2.9,30238,97,2766,17,0.61,0.15,581|1291|1292|1874|2191|2597|5396|5925|5933|5985|9037|10954|23138|23576|25941|26648|83452,BAX|COL6A1|COL6A2|E2F4|FAP|GAPDH|PRRX1|RB1|RBL1|RFC5|SEMA5A|PDIA5|N4BP3|DDAH1|TPGS2|OR7E24|RAB33B,-0.89,0
1,-2.1,PGB:00051,M1,1,0,PaGenBase,36,Tissue-specific: Corpus,,-2.1,2.9,3.1,30238,26,2766,7,0.25,0.096,4281|5027|5154|6579|9053|9846|23604,MID1|P2RX7|PDGFA|SLCO1A2|MAP7|GAB2|DAPK2,-0.86,0
