_MEMBER_MyList,_LogP_MyList,GO,_PATTERN_,_RANK_,GiniIndex,Category,CategoryID,Description,PARENT_GO,LogP,Enrichment,Z-score,#TotalGeneInLibrary,#GeneInGO,#GeneInHitList,#GeneInGOAndHitList,%InGO,STDV %InGO,GeneID,Hits,Log(q-value),EvidenceCutoff
1,-4.1,TRR01256,M1,1,0,TRRUST,34,Regulated by: SP1,,-4.1,1.6,4.1,30238,525,2766,75,2.7,0.31,146|148|231|240|268|328|335|367|581|642|672|847|865|1066|1113|1302|1311|1317|1385|1514|1593|1643|1788|1808|1839|2149|2192|2194|2261|2683|3050|3164|3292|3786|3875|3880|3939|4023|4193|4605|4613|4842|4846|5327|5329|5368|5424|5521|5581|5663|6279|6480|6662|6693|6720|7018|7048|7112|7402|7422|8651|8767|9104|9232|9420|9429|9513|9536|9547|10253|11168|11194|55837|80781|148022,ADRA1D|ADRA1A|AKR1B1|ALOX5|AMH|APEX1|APOA1|AR|BAX|BLMH|BRCA1|CAT|CBFB|CES1|CHGA|COL11A2|COMP|SLC31A1|CREB1|CTSL|CYP27A1|DDB2|DNMT3A|DPYSL2|HBEGF|F2R|FBLN1|FASN|FGFR3|B4GALT1|HBZ|NR4A1|HSD17B1|KCNQ3|KRT18|KRT19|LDHA|LPL|MDM2|MYBL2|MYCN|NOS1|NOS3|PLAT|PLAUR|PNOC|POLD1|PPP2R2B|PRKCE|PSEN1|S100A8|ST6GAL1|SOX9|SPN|SREBF1|TF|TGFBR2|TMPO|UTRN|VEGFA|SOCS1|RIPK2|RGN|PTTG1|CYP7B1|ABCG2|FXR2|PTGES|CXCL14|SPRY2|PSIP1|ABCB8|EAPP|COL18A1|TICAM1,-2.4,0
1,-3.7,TRR00125,M1,1,0,TRRUST,34,Regulated by: CREB1,,-3.7,2.3,4.2,30238,105,2766,22,0.8,0.17,146|148|231|367|627|920|1113|2321|2551|3119|3162|3248|3925|5327|5521|5663|6662|8013|8767|9536|10253|54106,ADRA1D|ADRA1A|AKR1B1|AR|BDNF|CD4|CHGA|FLT1|GABPA|HLA-DQB1|HMOX1|HPGD|STMN1|PLAT|PPP2R2B|PSEN1|SOX9|NR4A3|RIPK2|PTGES|SPRY2|TLR9,-2.1,0
1,-3.2,TRR00230,M1,1,0,TRRUST,34,Regulated by: E2F1,,-3.2,2,3.7,30238,144,2766,26,0.94,0.18,231|367|672|891|1515|1719|2321|3661|4193|4217|4495|4605|4613|5166|5347|5925|6790|7422|8204|10125|23368|23604|29128|51561|55629|59348,AKR1B1|AR|BRCA1|CCNB1|CTSV|DHFR|FLT1|IRF3|MDM2|MAP3K5|MT1G|MYBL2|MYCN|PDK4|PLK1|RB1|AURKA|VEGFA|NRIP1|RASGRP1|PPP1R13B|DAPK2|UHRF1|IL23A|PNRC2|ZNF350,-1.7,0
1,-3.2,TRR00253,M1,1,0,TRRUST,34,Regulated by: EGR1,,-3.2,2.2,3.8,30238,100,2766,20,0.72,0.16,231|240|367|1113|2191|2194|2258|2321|2335|3925|5126|5329|5934|7048|7112|7422|9453|9536|22853|55837,AKR1B1|ALOX5|AR|CHGA|FAP|FASN|FGF13|FLT1|FN1|STMN1|PCSK2|PLAUR|RBL2|TGFBR2|TMPO|VEGFA|GGPS1|PTGES|LMTK2|EAPP,-1.6,0
1,-3,TRR01036,M1,1,0,TRRUST,34,Regulated by: PIAS2,,-3,7.3,4.9,30238,6,2766,4,0.14,0.072,231|367|4613|54674,AKR1B1|AR|MYCN|LRRN3,-1.5,0
1,-3,TRR00781,M1,1,0,TRRUST,34,Regulated by: MYCN,,-3,2.7,3.8,30238,48,2766,12,0.43,0.12,581|1949|3066|4171|4172|4173|4175|4193|4601|4605|10763|54674,BAX|EFNB3|HDAC2|MCM2|MCM3|MCM4|MCM6|MDM2|MXI1|MYBL2|NES|LRRN3,-1.5,0
1,-2.9,TRR01419,M1,1,0,TRRUST,34,Regulated by: TP53,,-2.9,1.8,3.4,30238,176,2766,29,1,0.19,207|240|581|672|891|1643|1647|2194|2258|2321|2630|4193|5347|5424|5564|5925|6285|6752|6772|7422|7726|7905|8900|9055|9232|10401|10498|29128|54886,AKT1|ALOX5|BAX|BRCA1|CCNB1|DDB2|GADD45A|FASN|FGF13|FLT1|GBA1LP|MDM2|PLK1|POLD1|PRKAB1|RB1|S100B|SSTR2|STAT1|VEGFA|TRIM26|REEP5|CCNA1|PRC1|PTTG1|PIAS3|CARM1|UHRF1|PLPPR1,-1.4,0
1,-2.8,TRR00484,M1,1,0,TRRUST,34,Regulated by: HIF1A,,-2.8,2.1,3.5,30238,99,2766,19,0.69,0.16,226|231|268|328|367|581|1839|2068|2258|2597|3164|3939|5210|6279|7037|7422|8651|9536|10810,ALDOA|AKR1B1|AMH|APEX1|AR|BAX|HBEGF|ERCC2|FGF13|GAPDH|NR4A1|LDHA|PFKFB4|S100A8|TFRC|VEGFA|SOCS1|PTGES|WASF3,-1.4,0
1,-2.6,TRR00075,M1,1,0,TRRUST,34,Regulated by: BRCA1,,-2.6,2.4,3.4,30238,60,2766,13,0.47,0.13,891|1643|1647|2296|3716|3717|3875|4193|6772|7422|8570|9656|10379,CCNB1|DDB2|GADD45A|FOXC1|JAK1|JAK2|KRT18|MDM2|STAT1|VEGFA|KHSRP|MDC1|IRF9,-1.2,0
1,-2.5,TRR01521,M1,1,0,TRRUST,34,Regulated by: VHL,,-2.5,3.3,3.5,30238,23,2766,7,0.25,0.096,231|367|771|7037|7071|7422|10874,AKR1B1|AR|CA12|TFRC|KLF10|VEGFA|NMU,-1.1,0
1,-2.4,TRR00747,M1,1,0,TRRUST,34,Regulated by: MED1,,-2.4,5.5,4,30238,8,2766,4,0.14,0.072,231|367|6790|11065,AKR1B1|AR|AURKA|UBE2C,-1.1,0
1,-2.2,TRR00233,M1,1,0,TRRUST,34,Regulated by: E2F4,,-2.2,3.1,3.3,30238,25,2766,7,0.25,0.096,231|367|672|891|4217|5347|132660,AKR1B1|AR|BRCA1|CCNB1|MAP3K5|PLK1|LIN54,-0.92,0
1,-2.2,TRR00232,M1,1,0,TRRUST,34,Regulated by: E2F3,,-2.2,3.9,3.4,30238,14,2766,5,0.18,0.081,891|4217|5347|6790|7422,CCNB1|MAP3K5|PLK1|AURKA|VEGFA,-0.9,0
